ISO-10303-21;
HEADER;
/* Generated by software containing ST-Developer
 * from STEP Tools, Inc. (www.steptools.com) 
 */

FILE_DESCRIPTION(
/* description */ (''),
/* implementation_level */ '2;1');

FILE_NAME(
/* name */ 'summit-case-v3.step',
/* time_stamp */ '2024-07-09T20:51:45-07:00',
/* author */ (''),
/* organization */ (''),
/* preprocessor_version */ 'ST-DEVELOPER v20',
/* originating_system */ 'Autodesk Translation Framework v13.14.0.145',

/* authorisation */ '');

FILE_SCHEMA (('AUTOMOTIVE_DESIGN { 1 0 10303 214 3 1 1 }'));
ENDSEC;

DATA;
#10=MECHANICAL_DESIGN_GEOMETRIC_PRESENTATION_REPRESENTATION('',(#13),#10594);
#11=SHAPE_REPRESENTATION_RELATIONSHIP('SRR','None',#10601,#12);
#12=ADVANCED_BREP_SHAPE_REPRESENTATION('',(#14),#10593);
#13=STYLED_ITEM('',(#10610),#14);
#14=MANIFOLD_SOLID_BREP('Body2',#5750);
#15=CONICAL_SURFACE('',#6168,0.625,1.02974425867665);
#16=CONICAL_SURFACE('',#6171,0.625,1.02974425867665);
#17=CONICAL_SURFACE('',#6174,0.625,1.02974425867665);
#18=CONICAL_SURFACE('',#6177,0.625,1.02974425867665);
#19=CONICAL_SURFACE('',#6289,1.5,0.785398163397447);
#20=CONICAL_SURFACE('',#6292,1.5,0.785398163397447);
#21=CONICAL_SURFACE('',#6297,1.5,0.785398163397447);
#22=CONICAL_SURFACE('',#6300,1.5,0.785398163397448);
#23=CONICAL_SURFACE('',#6303,1.5,0.785398163397448);
#24=CONICAL_SURFACE('',#6306,1.5,0.785398163397447);
#25=CONICAL_SURFACE('',#6308,0.999999999999992,0.785398163397444);
#26=CONICAL_SURFACE('',#6310,0.999999999999998,0.785398163397447);
#27=CONICAL_SURFACE('',#6320,4.5,0.785398163397448);
#28=CONICAL_SURFACE('',#6323,4.5,0.785398163397448);
#29=ELLIPSE('',#6026,16.9449665377466,16.8);
#30=ELLIPSE('',#6037,2.01725792116031,2.);
#31=ELLIPSE('',#6041,2.01725792116031,2.);
#32=ELLIPSE('',#6074,1.00862896058015,1.);
#33=ELLIPSE('',#6076,2.0172579211603,2.);
#34=ELLIPSE('',#6081,2.0172579211603,2.);
#35=ELLIPSE('',#6083,7.56471720435115,7.5);
#36=ELLIPSE('',#6099,4.7895550536889,4.74857974624683);
#37=ELLIPSE('',#6100,4.7909897054882,4.75000212440425);
#38=ELLIPSE('',#6101,1.00862896058015,1.);
#39=ELLIPSE('',#6102,4.79098970548977,4.75000212440266);
#40=ELLIPSE('',#6103,1.00862896058015,1.);
#41=ELLIPSE('',#6104,4.79098756292219,4.75000000016504);
#42=ELLIPSE('',#6105,1.00862896058015,1.);
#43=ELLIPSE('',#6110,1.26078620072519,1.25);
#44=ELLIPSE('',#6111,1.26078620072519,1.25);
#45=ELLIPSE('',#6227,3.4641016151378,3.00000000000004);
#46=ELLIPSE('',#6231,3.46410161513778,3.00000000000002);
#47=ELLIPSE('',#6235,3.46410161513779,3.00000000000003);
#48=ELLIPSE('',#6239,3.46410161513774,2.99999999999999);
#49=ELLIPSE('',#6269,11.180339887499,5.);
#50=ELLIPSE('',#6270,11.1803398874989,5.);
#51=ELLIPSE('',#6273,11.180339887499,5.);
#52=ELLIPSE('',#6283,5.77350269189626,5.);
#53=ELLIPSE('',#6284,5.77350269189626,5.);
#54=ELLIPSE('',#6286,11.1803398874988,5.);
#55=ELLIPSE('',#6326,5.17638090205041,5.);
#56=ELLIPSE('',#6329,5.17638090205042,5.);
#57=FACE_BOUND('',#981,.T.);
#58=FACE_BOUND('',#982,.T.);
#59=FACE_BOUND('',#983,.T.);
#60=FACE_BOUND('',#1026,.T.);
#61=FACE_BOUND('',#1027,.T.);
#62=FACE_BOUND('',#1028,.T.);
#63=FACE_BOUND('',#1029,.T.);
#64=FACE_BOUND('',#1030,.T.);
#65=FACE_BOUND('',#1031,.T.);
#66=FACE_BOUND('',#1032,.T.);
#67=FACE_BOUND('',#1033,.T.);
#68=FACE_BOUND('',#1034,.T.);
#69=FACE_BOUND('',#1035,.T.);
#70=FACE_BOUND('',#1036,.T.);
#71=FACE_BOUND('',#1037,.T.);
#72=FACE_BOUND('',#1038,.T.);
#73=FACE_BOUND('',#1039,.T.);
#74=FACE_BOUND('',#1040,.T.);
#75=FACE_BOUND('',#1041,.T.);
#76=FACE_BOUND('',#1042,.T.);
#77=FACE_BOUND('',#1043,.T.);
#78=FACE_BOUND('',#1044,.T.);
#79=FACE_BOUND('',#1045,.T.);
#80=FACE_BOUND('',#1081,.T.);
#81=FACE_BOUND('',#1082,.T.);
#82=FACE_BOUND('',#1083,.T.);
#83=FACE_BOUND('',#1124,.T.);
#84=FACE_BOUND('',#1135,.T.);
#85=FACE_BOUND('',#1149,.T.);
#86=FACE_BOUND('',#1152,.T.);
#87=FACE_BOUND('',#1159,.T.);
#88=FACE_BOUND('',#1208,.T.);
#89=B_SPLINE_CURVE_WITH_KNOTS('',3,(#8521,#8522,#8523,#8524,#8525,#8526,
#8527),.UNSPECIFIED.,.F.,.F.,(4,3,4),(-0.930767364049608,-0.402620239396671,
0.),.UNSPECIFIED.);
#90=B_SPLINE_CURVE_WITH_KNOTS('',3,(#8531,#8532,#8533,#8534,#8535,#8536,
#8537),.UNSPECIFIED.,.F.,.F.,(4,3,4),(-0.930767364049608,-0.402620239396671,
0.),.UNSPECIFIED.);
#91=B_SPLINE_CURVE_WITH_KNOTS('',3,(#8578,#8579,#8580,#8581,#8582,#8583,
#8584,#8585,#8586,#8587),.UNSPECIFIED.,.F.,.F.,(4,3,3,4),(0.,0.394653110953969,
0.862385414954906,0.912268865516429),.UNSPECIFIED.);
#92=B_SPLINE_CURVE_WITH_KNOTS('',3,(#8590,#8591,#8592,#8593,#8594,#8595,
#8596,#8597,#8598,#8599),.UNSPECIFIED.,.F.,.F.,(4,3,3,4),(0.,0.394653110953969,
0.862385414954906,0.912268865516429),.UNSPECIFIED.);
#93=B_SPLINE_CURVE_WITH_KNOTS('',3,(#8627,#8628,#8629,#8630,#8631,#8632,
#8633,#8634,#8635,#8636),.UNSPECIFIED.,.F.,.F.,(4,3,3,4),(-1.,-0.938166596801793,
-0.471523952089617,0.),.UNSPECIFIED.);
#94=B_SPLINE_CURVE_WITH_KNOTS('',3,(#8639,#8640,#8641,#8642,#8643,#8644,
#8645,#8646,#8647,#8648),.UNSPECIFIED.,.F.,.F.,(4,3,3,4),(-1.,-0.938166596801793,
-0.471523952089617,0.),.UNSPECIFIED.);
#95=B_SPLINE_CURVE_WITH_KNOTS('',3,(#8676,#8677,#8678,#8679,#8680,#8681,
#8682,#8683,#8684,#8685),.UNSPECIFIED.,.F.,.F.,(4,3,3,4),(-0.934021001096895,
-0.848418618611098,-0.373896138597836,0.),.UNSPECIFIED.);
#96=B_SPLINE_CURVE_WITH_KNOTS('',3,(#8688,#8689,#8690,#8691,#8692,#8693,
#8694,#8695,#8696,#8697),.UNSPECIFIED.,.F.,.F.,(4,3,3,4),(-0.934021001096895,
-0.848418618611098,-0.373896138597836,0.),.UNSPECIFIED.);
#97=B_SPLINE_CURVE_WITH_KNOTS('',3,(#8737,#8738,#8739,#8740,#8741,#8742,
#8743,#8744,#8745,#8746),.UNSPECIFIED.,.F.,.F.,(4,3,3,4),(0.,0.379097384346052,
0.878847930236089,0.920829276272816),.UNSPECIFIED.);
#98=B_SPLINE_CURVE_WITH_KNOTS('',3,(#8749,#8750,#8751,#8752,#8753,#8754,
#8755,#8756,#8757,#8758),.UNSPECIFIED.,.F.,.F.,(4,3,3,4),(0.,0.379097384346052,
0.878847930236089,0.920829276272816),.UNSPECIFIED.);
#99=B_SPLINE_CURVE_WITH_KNOTS('',3,(#8786,#8787,#8788,#8789,#8790,#8791,
#8792,#8793,#8794,#8795),.UNSPECIFIED.,.F.,.F.,(4,3,3,4),(0.,0.438199803728483,
0.917957650360957,1.),.UNSPECIFIED.);
#100=B_SPLINE_CURVE_WITH_KNOTS('',3,(#8798,#8799,#8800,#8801,#8802,#8803,
#8804,#8805,#8806,#8807),.UNSPECIFIED.,.F.,.F.,(4,3,3,4),(0.,0.438199803728483,
0.917957650360957,1.),.UNSPECIFIED.);
#101=B_SPLINE_CURVE_WITH_KNOTS('',3,(#8893,#8894,#8895,#8896,#8897,#8898,
#8899,#8900,#8901,#8902,#8903,#8904,#8905,#8906,#8907,#8908,#8909,#8910,
#8911),.UNSPECIFIED.,.F.,.F.,(4,3,3,3,3,3,4),(-0.999901221962366,-0.825111069652238,
-0.792126459237743,-0.551623542751936,-0.286191131285648,-0.0905868715904219,
-1.77372575992413E-5),.UNSPECIFIED.);
#102=B_SPLINE_CURVE_WITH_KNOTS('',3,(#9198,#9199,#9200,#9201),
 .UNSPECIFIED.,.F.,.F.,(4,4),(0.732112568452732,0.785284516158288),
 .UNSPECIFIED.);
#103=B_SPLINE_CURVE_WITH_KNOTS('',3,(#9205,#9206,#9207,#9208),
 .UNSPECIFIED.,.F.,.F.,(4,4),(0.785284516158289,0.838456463863846),
 .UNSPECIFIED.);
#104=B_SPLINE_CURVE_WITH_KNOTS('',3,(#9227,#9228,#9229,#9230),
 .UNSPECIFIED.,.F.,.F.,(4,4),(0.732109930688471,0.785296554339586),
 .UNSPECIFIED.);
#105=B_SPLINE_CURVE_WITH_KNOTS('',3,(#9233,#9234,#9235,#9236),
 .UNSPECIFIED.,.F.,.F.,(4,4),(0.785296554339587,0.838483177990704),
 .UNSPECIFIED.);
#106=B_SPLINE_CURVE_WITH_KNOTS('',3,(#9272,#9273,#9274,#9275,#9276,#9277,
#9278,#9279,#9280,#9281,#9282,#9283,#9284,#9285,#9286,#9287,#9288,#9289,
#9290,#9291,#9292,#9293),.UNSPECIFIED.,.F.,.F.,(4,3,3,3,3,3,3,4),(-1.00009394167532,
-1.,-0.851666893874934,-0.684123616490328,-0.491928546916049,-0.218258387038968,
0.,0.000282147509617392),.UNSPECIFIED.);
#107=B_SPLINE_CURVE_WITH_KNOTS('',3,(#9297,#9298,#9299,#9300,#9301,#9302,
#9303,#9304,#9305,#9306,#9307,#9308,#9309,#9310,#9311,#9312,#9313,#9314,
#9315),.UNSPECIFIED.,.F.,.F.,(4,3,3,3,3,3,4),(-1.0001521599975,-1.,-0.792126459237743,
-0.551623542751936,-0.286191131285648,0.,2.78785420333867E-5),
 .UNSPECIFIED.);
#108=B_SPLINE_CURVE_WITH_KNOTS('',3,(#9319,#9320,#9321,#9322,#9323,#9324,
#9325,#9326,#9327,#9328,#9329,#9330,#9331,#9332,#9333,#9334,#9335,#9336,
#9337,#9338,#9339,#9340),.UNSPECIFIED.,.F.,.F.,(4,3,3,3,3,3,3,4),(-0.000226714396063449,
3.75659476196865E-9,0.093741974545158,0.349285970452134,0.585576564233053,
0.790300983694125,1.,1.00003791575922),.UNSPECIFIED.);
#109=B_SPLINE_CURVE_WITH_KNOTS('',3,(#9344,#9345,#9346,#9347,#9348,#9349,
#9350,#9351,#9352,#9353,#9354,#9355,#9356),.UNSPECIFIED.,.F.,.F.,(4,3,3,
3,4),(-0.992450139451958,-0.992247293973078,-0.521447605967548,-0.00775259681461496,
-0.00755010666342227),.UNSPECIFIED.);
#110=B_SPLINE_CURVE_WITH_KNOTS('',3,(#9359,#9360,#9361,#9362,#9363,#9364,
#9365,#9366,#9367,#9368,#9369,#9370,#9371),.UNSPECIFIED.,.F.,.F.,(4,3,3,
3,4),(0.00754986011454645,0.00775233751968222,0.478552417185335,0.992247662480462,
0.992450139174265),.UNSPECIFIED.);
#111=B_SPLINE_CURVE_WITH_KNOTS('',3,(#9556,#9557,#9558,#9559,#9560,#9561,
#9562,#9563,#9564,#9565,#9566,#9567,#9568,#9569,#9570,#9571,#9572,#9573,
#9574),.UNSPECIFIED.,.F.,.F.,(4,3,3,3,3,3,4),(-0.999901221962366,-0.825111069652238,
-0.792126459237743,-0.551623542751936,-0.286191131285648,-0.0905868715904219,
-1.77372575992413E-5),.UNSPECIFIED.);
#112=B_SPLINE_CURVE_WITH_KNOTS('',3,(#9680,#9681,#9682,#9683,#9684,#9685,
#9686,#9687,#9688,#9689,#9690,#9691,#9692,#9693,#9694,#9695,#9696,#9697,
#9698,#9699,#9700,#9701),.UNSPECIFIED.,.F.,.F.,(4,3,3,3,3,3,3,4),(-1.00009394167532,
-1.,-0.851666893874934,-0.684123616490328,-0.491928546916049,-0.218258387038968,
0.,0.000282147509617392),.UNSPECIFIED.);
#113=B_SPLINE_CURVE_WITH_KNOTS('',3,(#9747,#9748,#9749,#9750,#9751,#9752,
#9753,#9754,#9755,#9756,#9757,#9758,#9759,#9760,#9761,#9762,#9763,#9764,
#9765),.UNSPECIFIED.,.F.,.F.,(4,3,3,3,3,3,4),(-1.0001521599975,-1.,-0.792126459237743,
-0.551623542751936,-0.286191131285648,0.,2.78785420333867E-5),
 .UNSPECIFIED.);
#114=B_SPLINE_CURVE_WITH_KNOTS('',3,(#9816,#9817,#9818,#9819,#9820,#9821,
#9822,#9823,#9824,#9825,#9826,#9827,#9828,#9829,#9830,#9831,#9832,#9833,
#9834,#9835,#9836,#9837),.UNSPECIFIED.,.F.,.F.,(4,3,3,3,3,3,3,4),(-0.000226714396063449,
3.75659476196865E-9,0.093741974545158,0.349285970452134,0.585576564233053,
0.790300983694125,1.,1.00003791575922),.UNSPECIFIED.);
#115=B_SPLINE_CURVE_WITH_KNOTS('',3,(#9870,#9871,#9872,#9873,#9874,#9875,
#9876,#9877,#9878,#9879,#9880,#9881,#9882),.UNSPECIFIED.,.F.,.F.,(4,3,3,
3,4),(-0.992450139451958,-0.992247293973078,-0.521447605967548,-0.00775259681461496,
-0.00755010666342227),.UNSPECIFIED.);
#116=B_SPLINE_CURVE_WITH_KNOTS('',3,(#9915,#9916,#9917,#9918,#9919,#9920,
#9921,#9922,#9923,#9924,#9925,#9926,#9927),.UNSPECIFIED.,.F.,.F.,(4,3,3,
3,4),(0.00754986011454645,0.00775233751968222,0.478552417185335,0.992247662480462,
0.992450139174265),.UNSPECIFIED.);
#117=B_SPLINE_CURVE_WITH_KNOTS('',3,(#9990,#9991,#9992,#9993),
 .UNSPECIFIED.,.F.,.F.,(4,4),(1.49438417769537,1.5707963267949),
 .UNSPECIFIED.);
#118=B_SPLINE_CURVE_WITH_KNOTS('',3,(#9995,#9996,#9997,#9998,#9999,#10000),
 .UNSPECIFIED.,.F.,.F.,(4,1,1,4),(-4.28448944266468E-15,0.426966907912961,
0.853933815825927,1.49438417769537),.UNSPECIFIED.);
#119=B_SPLINE_CURVE_WITH_KNOTS('',3,(#10004,#10005,#10006,#10007,#10008,
#10009),.UNSPECIFIED.,.F.,.F.,(4,1,1,4),(-1.49438417769538,-0.853933815825929,
-0.426966907912965,-2.77555756156289E-16),.UNSPECIFIED.);
#120=B_SPLINE_CURVE_WITH_KNOTS('',3,(#10011,#10012,#10013,#10014),
 .UNSPECIFIED.,.F.,.F.,(4,4),(-1.5707963267949,-1.49438417769537),
 .UNSPECIFIED.);
#121=B_SPLINE_CURVE_WITH_KNOTS('',3,(#10018,#10019,#10020,#10021),
 .UNSPECIFIED.,.F.,.F.,(4,4),(1.54469690765341,1.5707963267949),
 .UNSPECIFIED.);
#122=B_SPLINE_CURVE_WITH_KNOTS('',3,(#10023,#10024,#10025,#10026,#10027,
#10028),.UNSPECIFIED.,.F.,.F.,(4,1,1,4),(-6.2017066373612E-32,0.662012960422889,
1.10335493403815,1.54469690765341),.UNSPECIFIED.);
#123=B_SPLINE_CURVE_WITH_KNOTS('',3,(#10032,#10033,#10034,#10035,#10036,
#10037),.UNSPECIFIED.,.F.,.F.,(4,1,1,4),(-1.54469690765341,-0.88268394723052,
-0.441341973615259,1.48105965198677E-15),.UNSPECIFIED.);
#124=B_SPLINE_CURVE_WITH_KNOTS('',3,(#10038,#10039,#10040,#10041),
 .UNSPECIFIED.,.F.,.F.,(4,4),(-1.5707963267949,-1.54469690765341),
 .UNSPECIFIED.);
#125=B_SPLINE_CURVE_WITH_KNOTS('',3,(#10155,#10156,#10157,#10158),
 .UNSPECIFIED.,.F.,.F.,(4,4),(0.277798217730408,0.480568589062903),
 .UNSPECIFIED.);
#126=B_SPLINE_CURVE_WITH_KNOTS('',3,(#10219,#10220,#10221,#10222,#10223,
#10224),.UNSPECIFIED.,.F.,.F.,(4,2,4),(4.24433617018548,4.34092141497299,
4.44437589234444),.UNSPECIFIED.);
#127=B_SPLINE_CURVE_WITH_KNOTS('',3,(#10229,#10230,#10231,#10232,#10233,
#10234),.UNSPECIFIED.,.F.,.F.,(4,1,1,4),(-1.54469690765341,-1.10335493403815,
-0.662012960422889,6.2017066373612E-32),.UNSPECIFIED.);
#128=B_SPLINE_CURVE_WITH_KNOTS('',3,(#10341,#10342,#10343,#10344),
 .UNSPECIFIED.,.F.,.F.,(4,4),(-1.5707963267949,-1.54469690765341),
 .UNSPECIFIED.);
#129=B_SPLINE_CURVE_WITH_KNOTS('',3,(#10348,#10349,#10350,#10351),
 .UNSPECIFIED.,.F.,.F.,(4,4),(1.49438417769537,1.5707963267949),
 .UNSPECIFIED.);
#130=B_SPLINE_CURVE_WITH_KNOTS('',3,(#10407,#10408,#10409,#10410,#10411,
#10412),.UNSPECIFIED.,.F.,.F.,(4,1,1,4),(-1.48105965198677E-15,0.441341973615259,
0.88268394723052,1.54469690765341),.UNSPECIFIED.);
#131=B_SPLINE_CURVE_WITH_KNOTS('',3,(#10461,#10462,#10463,#10464,#10465,
#10466),.UNSPECIFIED.,.F.,.F.,(4,1,1,4),(2.77555756156289E-16,0.426966907912965,
0.853933815825929,1.49438417769538),.UNSPECIFIED.);
#132=B_SPLINE_CURVE_WITH_KNOTS('',3,(#10497,#10498,#10499,#10500,#10501,
#10502),.UNSPECIFIED.,.F.,.F.,(4,1,1,4),(-1.49438417769537,-0.853933815825927,
-0.426966907912961,4.28448944266468E-15),.UNSPECIFIED.);
#133=B_SPLINE_CURVE_WITH_KNOTS('',3,(#10541,#10542,#10543,#10544),
 .UNSPECIFIED.,.F.,.F.,(4,4),(-1.5707963267949,-1.49438417769537),
 .UNSPECIFIED.);
#134=B_SPLINE_CURVE_WITH_KNOTS('',3,(#10561,#10562,#10563,#10564),
 .UNSPECIFIED.,.F.,.F.,(4,4),(1.54469690765341,1.5707963267949),
 .UNSPECIFIED.);
#135=B_SPLINE_SURFACE_WITH_KNOTS('',3,1,((#8505,#8506),(#8507,#8508),(#8509,
#8510),(#8511,#8512),(#8513,#8514),(#8515,#8516),(#8517,#8518)),
 .UNSPECIFIED.,.F.,.F.,.F.,(4,3,4),(2,2),(-0.930767364049608,-0.402620239396671,
0.),(0.,0.05),.UNSPECIFIED.);
#136=B_SPLINE_SURFACE_WITH_KNOTS('',3,1,((#8557,#8558),(#8559,#8560),(#8561,
#8562),(#8563,#8564),(#8565,#8566),(#8567,#8568),(#8569,#8570),(#8571,#8572),
(#8573,#8574),(#8575,#8576)),.UNSPECIFIED.,.F.,.F.,.F.,(4,3,3,4),(2,2),
(0.,0.394653110953969,0.862385414954906,0.912268865516429),(0.,0.05),
 .UNSPECIFIED.);
#137=B_SPLINE_SURFACE_WITH_KNOTS('',3,1,((#8606,#8607),(#8608,#8609),(#8610,
#8611),(#8612,#8613),(#8614,#8615),(#8616,#8617),(#8618,#8619),(#8620,#8621),
(#8622,#8623),(#8624,#8625)),.UNSPECIFIED.,.F.,.F.,.F.,(4,3,3,4),(2,2),
(-1.,-0.938166596801793,-0.471523952089617,0.),(0.,0.05),.UNSPECIFIED.);
#138=B_SPLINE_SURFACE_WITH_KNOTS('',3,1,((#8655,#8656),(#8657,#8658),(#8659,
#8660),(#8661,#8662),(#8663,#8664),(#8665,#8666),(#8667,#8668),(#8669,#8670),
(#8671,#8672),(#8673,#8674)),.UNSPECIFIED.,.F.,.F.,.F.,(4,3,3,4),(2,2),
(-0.934021001096895,-0.848418618611098,-0.373896138597836,0.),(0.,0.05),
 .UNSPECIFIED.);
#139=B_SPLINE_SURFACE_WITH_KNOTS('',3,1,((#8716,#8717),(#8718,#8719),(#8720,
#8721),(#8722,#8723),(#8724,#8725),(#8726,#8727),(#8728,#8729),(#8730,#8731),
(#8732,#8733),(#8734,#8735)),.UNSPECIFIED.,.F.,.F.,.F.,(4,3,3,4),(2,2),
(0.,0.379097384346052,0.878847930236089,0.920829276272816),(0.,0.05),
 .UNSPECIFIED.);
#140=B_SPLINE_SURFACE_WITH_KNOTS('',3,1,((#8765,#8766),(#8767,#8768),(#8769,
#8770),(#8771,#8772),(#8773,#8774),(#8775,#8776),(#8777,#8778),(#8779,#8780),
(#8781,#8782),(#8783,#8784)),.UNSPECIFIED.,.F.,.F.,.F.,(4,3,3,4),(2,2),
(0.,0.438199803728483,0.917957650360957,1.),(0.,0.05),.UNSPECIFIED.);
#141=B_SPLINE_SURFACE_WITH_KNOTS('',3,1,((#9516,#9517),(#9518,#9519),(#9520,
#9521),(#9522,#9523),(#9524,#9525),(#9526,#9527),(#9528,#9529),(#9530,#9531),
(#9532,#9533),(#9534,#9535),(#9536,#9537),(#9538,#9539),(#9540,#9541),(#9542,
#9543),(#9544,#9545),(#9546,#9547),(#9548,#9549),(#9550,#9551),(#9552,#9553)),
 .UNSPECIFIED.,.F.,.F.,.F.,(4,3,3,3,3,3,4),(2,2),(-0.999901221962366,-0.825111069652238,
-0.792126459237743,-0.551623542751936,-0.286191131285648,-0.0905868715904219,
-1.77372575992413E-5),(0.,0.32),.UNSPECIFIED.);
#142=B_SPLINE_SURFACE_WITH_KNOTS('',3,1,((#9634,#9635),(#9636,#9637),(#9638,
#9639),(#9640,#9641),(#9642,#9643),(#9644,#9645),(#9646,#9647),(#9648,#9649),
(#9650,#9651),(#9652,#9653),(#9654,#9655),(#9656,#9657),(#9658,#9659),(#9660,
#9661),(#9662,#9663),(#9664,#9665),(#9666,#9667),(#9668,#9669),(#9670,#9671),
(#9672,#9673),(#9674,#9675),(#9676,#9677)),.UNSPECIFIED.,.F.,.F.,.F.,(4,
3,3,3,3,3,3,4),(2,2),(-1.00009394167532,-1.,-0.851666893874934,-0.684123616490328,
-0.491928546916049,-0.218258387038968,0.,0.000282147509617392),(0.,0.16),
 .UNSPECIFIED.);
#143=B_SPLINE_SURFACE_WITH_KNOTS('',3,1,((#9708,#9709),(#9710,#9711),(#9712,
#9713),(#9714,#9715),(#9716,#9717),(#9718,#9719),(#9720,#9721),(#9722,#9723),
(#9724,#9725),(#9726,#9727),(#9728,#9729),(#9730,#9731),(#9732,#9733),(#9734,
#9735),(#9736,#9737),(#9738,#9739),(#9740,#9741),(#9742,#9743),(#9744,#9745)),
 .UNSPECIFIED.,.F.,.F.,.F.,(4,3,3,3,3,3,4),(2,2),(-1.0001521599975,-1.,
-0.792126459237743,-0.551623542751936,-0.286191131285648,0.,2.78785420333867E-5),
(0.,0.16),.UNSPECIFIED.);
#144=B_SPLINE_SURFACE_WITH_KNOTS('',3,1,((#9771,#9772),(#9773,#9774),(#9775,
#9776),(#9777,#9778),(#9779,#9780),(#9781,#9782),(#9783,#9784),(#9785,#9786),
(#9787,#9788),(#9789,#9790),(#9791,#9792),(#9793,#9794),(#9795,#9796),(#9797,
#9798),(#9799,#9800),(#9801,#9802),(#9803,#9804),(#9805,#9806),(#9807,#9808),
(#9809,#9810),(#9811,#9812),(#9813,#9814)),.UNSPECIFIED.,.F.,.F.,.F.,(4,
3,3,3,3,3,3,4),(2,2),(-0.000226714396063449,3.75659476196865E-9,0.093741974545158,
0.349285970452134,0.585576564233053,0.790300983694125,1.,1.00003791575922),
(0.,0.16),.UNSPECIFIED.);
#145=B_SPLINE_SURFACE_WITH_KNOTS('',3,1,((#9843,#9844),(#9845,#9846),(#9847,
#9848),(#9849,#9850),(#9851,#9852),(#9853,#9854),(#9855,#9856),(#9857,#9858),
(#9859,#9860),(#9861,#9862),(#9863,#9864),(#9865,#9866),(#9867,#9868)),
 .UNSPECIFIED.,.F.,.F.,.F.,(4,3,3,3,4),(2,2),(-0.992450139451958,-0.992247293973078,
-0.521447605967548,-0.00775259681461496,-0.00755010666342227),(0.,0.16),
 .UNSPECIFIED.);
#146=B_SPLINE_SURFACE_WITH_KNOTS('',3,1,((#9888,#9889),(#9890,#9891),(#9892,
#9893),(#9894,#9895),(#9896,#9897),(#9898,#9899),(#9900,#9901),(#9902,#9903),
(#9904,#9905),(#9906,#9907),(#9908,#9909),(#9910,#9911),(#9912,#9913)),
 .UNSPECIFIED.,.F.,.F.,.F.,(4,3,3,3,4),(2,2),(0.00754986011454645,0.00775233751968222,
0.478552417185335,0.992247662480462,0.992450139174265),(0.,0.16),
 .UNSPECIFIED.);
#147=B_SPLINE_SURFACE_WITH_KNOTS('',3,3,((#10353,#10354,#10355,#10356,#10357,
#10358),(#10359,#10360,#10361,#10362,#10363,#10364),(#10365,#10366,#10367,
#10368,#10369,#10370),(#10371,#10372,#10373,#10374,#10375,#10376)),
 .UNSPECIFIED.,.F.,.F.,.F.,(4,4),(4,1,1,4),(0.,1.),(-6.2017066373612E-32,
0.662012960422889,1.10335493403815,1.54469690765341),.UNSPECIFIED.);
#148=B_SPLINE_SURFACE_WITH_KNOTS('',3,3,((#10379,#10380,#10381,#10382,#10383,
#10384),(#10385,#10386,#10387,#10388,#10389,#10390),(#10391,#10392,#10393,
#10394,#10395,#10396),(#10397,#10398,#10399,#10400,#10401,#10402)),
 .UNSPECIFIED.,.F.,.F.,.F.,(4,4),(4,1,1,4),(0.,1.),(-1.54469690765341,-0.88268394723052,
-0.441341973615259,1.48105965198677E-15),.UNSPECIFIED.);
#149=B_SPLINE_SURFACE_WITH_KNOTS('',3,3,((#10418,#10419,#10420,#10421),
(#10422,#10423,#10424,#10425),(#10426,#10427,#10428,#10429),(#10430,#10431,
#10432,#10433)),.UNSPECIFIED.,.F.,.F.,.F.,(4,4),(4,4),(0.,1.),(1.54469690765341,
1.5707963267949),.UNSPECIFIED.);
#150=B_SPLINE_SURFACE_WITH_KNOTS('',3,3,((#10434,#10435,#10436,#10437,#10438,
#10439),(#10440,#10441,#10442,#10443,#10444,#10445),(#10446,#10447,#10448,
#10449,#10450,#10451),(#10452,#10453,#10454,#10455,#10456,#10457)),
 .UNSPECIFIED.,.F.,.F.,.F.,(4,4),(4,1,1,4),(0.,1.),(-1.49438417769538,-0.853933815825929,
-0.426966907912965,-2.77555756156289E-16),.UNSPECIFIED.);
#151=B_SPLINE_SURFACE_WITH_KNOTS('',3,3,((#10471,#10472,#10473,#10474,#10475,
#10476),(#10477,#10478,#10479,#10480,#10481,#10482),(#10483,#10484,#10485,
#10486,#10487,#10488),(#10489,#10490,#10491,#10492,#10493,#10494)),
 .UNSPECIFIED.,.F.,.F.,.F.,(4,4),(4,1,1,4),(0.,1.),(-4.28448944266468E-15,
0.426966907912961,0.853933815825927,1.49438417769537),.UNSPECIFIED.);
#152=B_SPLINE_SURFACE_WITH_KNOTS('',3,3,((#10503,#10504,#10505,#10506),
(#10507,#10508,#10509,#10510),(#10511,#10512,#10513,#10514),(#10515,#10516,
#10517,#10518)),.UNSPECIFIED.,.F.,.F.,.F.,(4,4),(4,4),(0.,1.),(-1.5707963267949,
-1.49438417769537),.UNSPECIFIED.);
#153=B_SPLINE_SURFACE_WITH_KNOTS('',3,3,((#10525,#10526,#10527,#10528),
(#10529,#10530,#10531,#10532),(#10533,#10534,#10535,#10536),(#10537,#10538,
#10539,#10540)),.UNSPECIFIED.,.F.,.F.,.F.,(4,4),(4,4),(0.,1.),(1.49438417769537,
1.5707963267949),.UNSPECIFIED.);
#154=B_SPLINE_SURFACE_WITH_KNOTS('',3,3,((#10545,#10546,#10547,#10548),
(#10549,#10550,#10551,#10552),(#10553,#10554,#10555,#10556),(#10557,#10558,
#10559,#10560)),.UNSPECIFIED.,.F.,.F.,.F.,(4,4),(4,4),(0.,1.),(-1.5707963267949,
-1.54469690765341),.UNSPECIFIED.);
#155=CIRCLE('',#5766,4.04149092733858);
#156=CIRCLE('',#5767,4.04149092733858);
#157=CIRCLE('',#5769,4.04149092733859);
#158=CIRCLE('',#5770,4.04149092733859);
#159=CIRCLE('',#5773,0.500000000000007);
#160=CIRCLE('',#5774,0.500000000000007);
#161=CIRCLE('',#5777,0.500000000000025);
#162=CIRCLE('',#5778,0.500000000000025);
#163=CIRCLE('',#5781,2.04149091243742);
#164=CIRCLE('',#5782,2.04149091243742);
#165=CIRCLE('',#5785,0.500000000000025);
#166=CIRCLE('',#5786,0.500000000000025);
#167=CIRCLE('',#5789,0.500000000000007);
#168=CIRCLE('',#5790,0.500000000000007);
#169=CIRCLE('',#5793,2.04149089753626);
#170=CIRCLE('',#5794,2.04149089753626);
#171=CIRCLE('',#5797,0.500000000000025);
#172=CIRCLE('',#5798,0.500000000000025);
#173=CIRCLE('',#5801,0.500000000000025);
#174=CIRCLE('',#5802,0.500000000000025);
#175=CIRCLE('',#5805,0.499999999999972);
#176=CIRCLE('',#5806,0.499999999999972);
#177=CIRCLE('',#5809,0.499999999999972);
#178=CIRCLE('',#5810,0.499999999999972);
#179=CIRCLE('',#5814,0.499999999999989);
#180=CIRCLE('',#5815,0.499999999999989);
#181=CIRCLE('',#5818,0.500000000000007);
#182=CIRCLE('',#5819,0.500000000000007);
#183=CIRCLE('',#5823,0.499999999999972);
#184=CIRCLE('',#5824,0.499999999999972);
#185=CIRCLE('',#5827,0.499999999999972);
#186=CIRCLE('',#5828,0.499999999999972);
#187=CIRCLE('',#5832,0.499999999999972);
#188=CIRCLE('',#5833,0.499999999999972);
#189=CIRCLE('',#5836,0.499999999999972);
#190=CIRCLE('',#5837,0.499999999999972);
#191=CIRCLE('',#5843,4.04149092733858);
#192=CIRCLE('',#5844,4.04149092733858);
#193=CIRCLE('',#5846,4.04149092733858);
#194=CIRCLE('',#5847,4.04149092733858);
#195=CIRCLE('',#5850,0.499999999999972);
#196=CIRCLE('',#5851,0.499999999999972);
#197=CIRCLE('',#5854,0.499999999999972);
#198=CIRCLE('',#5855,0.499999999999972);
#199=CIRCLE('',#5858,2.04149091243742);
#200=CIRCLE('',#5859,2.04149091243742);
#201=CIRCLE('',#5862,0.500000000000007);
#202=CIRCLE('',#5863,0.500000000000007);
#203=CIRCLE('',#5866,0.499999999999972);
#204=CIRCLE('',#5867,0.499999999999972);
#205=CIRCLE('',#5870,2.04149089753626);
#206=CIRCLE('',#5871,2.04149089753626);
#207=CIRCLE('',#5874,0.500000000000007);
#208=CIRCLE('',#5875,0.500000000000007);
#209=CIRCLE('',#5878,0.500000000000007);
#210=CIRCLE('',#5879,0.500000000000007);
#211=CIRCLE('',#5883,0.500000000000025);
#212=CIRCLE('',#5884,0.500000000000025);
#213=CIRCLE('',#5887,4.27883273363113);
#214=CIRCLE('',#5888,4.27883273363113);
#215=CIRCLE('',#5891,0.499999999999989);
#216=CIRCLE('',#5892,0.499999999999989);
#217=CIRCLE('',#5895,0.500000000000025);
#218=CIRCLE('',#5896,0.500000000000025);
#219=CIRCLE('',#5899,2.27883271872997);
#220=CIRCLE('',#5900,2.27883271872997);
#221=CIRCLE('',#5903,0.499999999999989);
#222=CIRCLE('',#5904,0.499999999999989);
#223=CIRCLE('',#5907,1.49999999999999);
#224=CIRCLE('',#5908,1.49999999999999);
#225=CIRCLE('',#5912,0.499999999999972);
#226=CIRCLE('',#5913,0.499999999999972);
#227=CIRCLE('',#5916,0.499999999999972);
#228=CIRCLE('',#5917,0.499999999999972);
#229=CIRCLE('',#5920,0.499999999999972);
#230=CIRCLE('',#5921,0.499999999999972);
#231=CIRCLE('',#5924,0.499999999999972);
#232=CIRCLE('',#5925,0.499999999999972);
#233=CIRCLE('',#5928,0.5);
#234=CIRCLE('',#5929,0.5);
#235=CIRCLE('',#5932,0.499999999999992);
#236=CIRCLE('',#5933,0.499999999999992);
#237=CIRCLE('',#5935,0.249999985098819);
#238=CIRCLE('',#5936,0.249999985098819);
#239=CIRCLE('',#5938,2.25000001490116);
#240=CIRCLE('',#5939,2.25000001490116);
#241=CIRCLE('',#5941,0.499999999999999);
#242=CIRCLE('',#5942,0.499999999999999);
#243=CIRCLE('',#5945,0.5);
#244=CIRCLE('',#5946,0.5);
#245=CIRCLE('',#5948,0.250000000000004);
#246=CIRCLE('',#5949,0.250000000000004);
#247=CIRCLE('',#5951,2.24999999999998);
#248=CIRCLE('',#5952,2.24999999999998);
#249=CIRCLE('',#5955,1.);
#250=CIRCLE('',#5956,1.);
#251=CIRCLE('',#5958,4.00000000000002);
#252=CIRCLE('',#5959,1.);
#253=CIRCLE('',#5960,1.);
#254=CIRCLE('',#5961,1.);
#255=CIRCLE('',#5962,1.);
#256=CIRCLE('',#5963,1.);
#257=CIRCLE('',#5964,1.);
#258=CIRCLE('',#5965,3.99999999999999);
#259=CIRCLE('',#5966,1.);
#260=CIRCLE('',#5967,1.);
#261=CIRCLE('',#5968,4.);
#262=CIRCLE('',#5969,1.);
#263=CIRCLE('',#5970,1.);
#264=CIRCLE('',#5971,1.);
#265=CIRCLE('',#5972,1.);
#266=CIRCLE('',#5973,1.);
#267=CIRCLE('',#5974,1.);
#268=CIRCLE('',#5975,3.99999999999999);
#269=CIRCLE('',#5976,1.);
#270=CIRCLE('',#5977,3.60000000000015);
#271=CIRCLE('',#5978,45.036744873992);
#272=CIRCLE('',#5979,3.6000000000001);
#273=CIRCLE('',#5980,105.499254948105);
#274=CIRCLE('',#5981,70.0228128393342);
#275=CIRCLE('',#5982,3.60000000000043);
#276=CIRCLE('',#5983,45.9980370228336);
#277=CIRCLE('',#5984,3.60000000000012);
#278=CIRCLE('',#5985,33.544687657477);
#279=CIRCLE('',#5986,3.99999999999999);
#280=CIRCLE('',#5987,3.99999999999998);
#281=CIRCLE('',#5988,3.99999999999999);
#282=CIRCLE('',#5989,3.99999999999999);
#283=CIRCLE('',#5990,3.99999999999999);
#284=CIRCLE('',#5991,3.99999999999999);
#285=CIRCLE('',#5992,3.99999999999999);
#286=CIRCLE('',#5993,3.99999999999999);
#287=CIRCLE('',#5994,33.5446876574768);
#288=CIRCLE('',#5995,1.25);
#289=CIRCLE('',#5996,1.25);
#290=CIRCLE('',#5998,4.00000000000002);
#291=CIRCLE('',#6000,1.);
#292=CIRCLE('',#6002,1.);
#293=CIRCLE('',#6004,3.99999999999999);
#294=CIRCLE('',#6006,1.);
#295=CIRCLE('',#6008,1.);
#296=CIRCLE('',#6011,1.);
#297=CIRCLE('',#6013,4.);
#298=CIRCLE('',#6015,1.);
#299=CIRCLE('',#6017,3.99999999999999);
#300=CIRCLE('',#6019,1.);
#301=CIRCLE('',#6025,16.8);
#302=CIRCLE('',#6029,2.);
#303=CIRCLE('',#6030,2.);
#304=CIRCLE('',#6033,2.);
#305=CIRCLE('',#6034,2.);
#306=CIRCLE('',#6038,2.);
#307=CIRCLE('',#6042,2.);
#308=CIRCLE('',#6045,2.);
#309=CIRCLE('',#6046,2.);
#310=CIRCLE('',#6048,3.00000000000001);
#311=CIRCLE('',#6049,3.00000000000001);
#312=CIRCLE('',#6051,2.);
#313=CIRCLE('',#6052,2.);
#314=CIRCLE('',#6054,2.);
#315=CIRCLE('',#6055,3.00000000000001);
#316=CIRCLE('',#6056,2.);
#317=CIRCLE('',#6057,2.);
#318=CIRCLE('',#6058,1.);
#319=CIRCLE('',#6059,2.);
#320=CIRCLE('',#6060,2.);
#321=CIRCLE('',#6061,1.);
#322=CIRCLE('',#6064,2.);
#323=CIRCLE('',#6066,3.00000000000001);
#324=CIRCLE('',#6068,2.);
#325=CIRCLE('',#6071,2.);
#326=CIRCLE('',#6073,1.);
#327=CIRCLE('',#6078,1.5);
#328=CIRCLE('',#6079,1.5);
#329=CIRCLE('',#6084,7.5);
#330=CIRCLE('',#6086,4.00000000000002);
#331=CIRCLE('',#6087,4.);
#332=CIRCLE('',#6088,3.99999999999983);
#333=CIRCLE('',#6089,3.99999999999999);
#334=CIRCLE('',#6090,3.75);
#335=CIRCLE('',#6091,3.75);
#336=CIRCLE('',#6092,3.75);
#337=CIRCLE('',#6093,3.75);
#338=CIRCLE('',#6094,2.24999999999983);
#339=CIRCLE('',#6095,1.50000006912499);
#340=CIRCLE('',#6096,1.50000000000003);
#341=CIRCLE('',#6097,2.25000212951297);
#342=CIRCLE('',#6098,2.25000000613895);
#343=CIRCLE('',#6106,1.25);
#344=CIRCLE('',#6107,1.25);
#345=CIRCLE('',#6108,1.25);
#346=CIRCLE('',#6109,1.25);
#347=CIRCLE('',#6113,1.);
#348=CIRCLE('',#6115,1.);
#349=CIRCLE('',#6119,1.25);
#350=CIRCLE('',#6121,1.25);
#351=CIRCLE('',#6123,3.60000000000015);
#352=CIRCLE('',#6125,33.5446876574768);
#353=CIRCLE('',#6128,3.99999999999999);
#354=CIRCLE('',#6131,3.99999999999999);
#355=CIRCLE('',#6134,3.99999999999999);
#356=CIRCLE('',#6137,3.99999999999999);
#357=CIRCLE('',#6140,3.99999999999999);
#358=CIRCLE('',#6143,3.99999999999999);
#359=CIRCLE('',#6146,3.99999999999998);
#360=CIRCLE('',#6149,3.99999999999999);
#361=CIRCLE('',#6152,33.544687657477);
#362=CIRCLE('',#6154,3.60000000000012);
#363=CIRCLE('',#6156,45.9980370228336);
#364=CIRCLE('',#6158,3.60000000000043);
#365=CIRCLE('',#6160,70.0228128393342);
#366=CIRCLE('',#6162,105.499254948105);
#367=CIRCLE('',#6164,3.6000000000001);
#368=CIRCLE('',#6166,45.036744873992);
#369=CIRCLE('',#6169,1.25);
#370=CIRCLE('',#6172,1.25);
#371=CIRCLE('',#6175,1.25);
#372=CIRCLE('',#6178,1.25);
#373=CIRCLE('',#6181,3.75);
#374=CIRCLE('',#6183,3.75);
#375=CIRCLE('',#6185,3.75);
#376=CIRCLE('',#6187,3.75);
#377=CIRCLE('',#6193,1.50000006912499);
#378=CIRCLE('',#6195,1.50000000000003);
#379=CIRCLE('',#6197,2.25000212951297);
#380=CIRCLE('',#6199,2.25000000613895);
#381=CIRCLE('',#6201,2.24999999999983);
#382=CIRCLE('',#6204,4.);
#383=CIRCLE('',#6207,3.99999999999983);
#384=CIRCLE('',#6210,3.99999999999999);
#385=CIRCLE('',#6213,4.00000000000002);
#386=CIRCLE('',#6215,4.75000000016504);
#387=CIRCLE('',#6218,1.5);
#388=CIRCLE('',#6219,1.5);
#389=CIRCLE('',#6222,4.74857974624683);
#390=CIRCLE('',#6228,3.00000000000004);
#391=CIRCLE('',#6232,3.00000000000002);
#392=CIRCLE('',#6236,3.00000000000003);
#393=CIRCLE('',#6240,2.99999999999999);
#394=CIRCLE('',#6242,1.5);
#395=CIRCLE('',#6243,1.5);
#396=CIRCLE('',#6244,1.5);
#397=CIRCLE('',#6245,1.5);
#398=CIRCLE('',#6255,1.25);
#399=CIRCLE('',#6257,1.25);
#400=CIRCLE('',#6261,4.75000212440266);
#401=CIRCLE('',#6266,4.75000212440266);
#402=CIRCLE('',#6274,4.);
#403=CIRCLE('',#6275,4.);
#404=CIRCLE('',#6276,2.);
#405=CIRCLE('',#6277,2.);
#406=CIRCLE('',#6278,2.);
#407=CIRCLE('',#6279,2.);
#408=CIRCLE('',#6280,2.);
#409=CIRCLE('',#6281,2.);
#410=CIRCLE('',#6290,1.);
#411=CIRCLE('',#6293,1.);
#412=CIRCLE('',#6298,1.);
#413=CIRCLE('',#6301,1.);
#414=CIRCLE('',#6304,1.);
#415=CIRCLE('',#6307,1.);
#416=CIRCLE('',#6309,0.999999999999992);
#417=CIRCLE('',#6311,0.999999999999998);
#418=CIRCLE('',#6321,5.);
#419=CIRCLE('',#6324,5.);
#420=CYLINDRICAL_SURFACE('',#5765,4.04149092733858);
#421=CYLINDRICAL_SURFACE('',#5768,4.04149092733859);
#422=CYLINDRICAL_SURFACE('',#5772,0.500000000000007);
#423=CYLINDRICAL_SURFACE('',#5776,0.500000000000025);
#424=CYLINDRICAL_SURFACE('',#5780,2.04149091243742);
#425=CYLINDRICAL_SURFACE('',#5784,0.500000000000025);
#426=CYLINDRICAL_SURFACE('',#5788,0.500000000000007);
#427=CYLINDRICAL_SURFACE('',#5792,2.04149089753626);
#428=CYLINDRICAL_SURFACE('',#5796,0.500000000000025);
#429=CYLINDRICAL_SURFACE('',#5800,0.500000000000025);
#430=CYLINDRICAL_SURFACE('',#5804,0.499999999999972);
#431=CYLINDRICAL_SURFACE('',#5808,0.499999999999972);
#432=CYLINDRICAL_SURFACE('',#5813,0.499999999999989);
#433=CYLINDRICAL_SURFACE('',#5817,0.500000000000007);
#434=CYLINDRICAL_SURFACE('',#5822,0.499999999999972);
#435=CYLINDRICAL_SURFACE('',#5826,0.499999999999972);
#436=CYLINDRICAL_SURFACE('',#5831,0.499999999999972);
#437=CYLINDRICAL_SURFACE('',#5835,0.499999999999972);
#438=CYLINDRICAL_SURFACE('',#5842,4.04149092733858);
#439=CYLINDRICAL_SURFACE('',#5845,4.04149092733858);
#440=CYLINDRICAL_SURFACE('',#5849,0.499999999999972);
#441=CYLINDRICAL_SURFACE('',#5853,0.499999999999972);
#442=CYLINDRICAL_SURFACE('',#5857,2.04149091243742);
#443=CYLINDRICAL_SURFACE('',#5861,0.500000000000007);
#444=CYLINDRICAL_SURFACE('',#5865,0.499999999999972);
#445=CYLINDRICAL_SURFACE('',#5869,2.04149089753626);
#446=CYLINDRICAL_SURFACE('',#5873,0.500000000000007);
#447=CYLINDRICAL_SURFACE('',#5877,0.500000000000007);
#448=CYLINDRICAL_SURFACE('',#5882,0.500000000000025);
#449=CYLINDRICAL_SURFACE('',#5886,4.27883273363113);
#450=CYLINDRICAL_SURFACE('',#5890,0.499999999999989);
#451=CYLINDRICAL_SURFACE('',#5894,0.500000000000025);
#452=CYLINDRICAL_SURFACE('',#5898,2.27883271872997);
#453=CYLINDRICAL_SURFACE('',#5902,0.499999999999989);
#454=CYLINDRICAL_SURFACE('',#5906,1.49999999999999);
#455=CYLINDRICAL_SURFACE('',#5911,0.499999999999972);
#456=CYLINDRICAL_SURFACE('',#5915,0.499999999999972);
#457=CYLINDRICAL_SURFACE('',#5919,0.499999999999972);
#458=CYLINDRICAL_SURFACE('',#5923,0.499999999999972);
#459=CYLINDRICAL_SURFACE('',#5927,0.5);
#460=CYLINDRICAL_SURFACE('',#5931,0.499999999999992);
#461=CYLINDRICAL_SURFACE('',#5934,0.249999985098819);
#462=CYLINDRICAL_SURFACE('',#5937,2.25000001490116);
#463=CYLINDRICAL_SURFACE('',#5940,0.499999999999999);
#464=CYLINDRICAL_SURFACE('',#5944,0.5);
#465=CYLINDRICAL_SURFACE('',#5947,0.250000000000004);
#466=CYLINDRICAL_SURFACE('',#5950,2.24999999999998);
#467=CYLINDRICAL_SURFACE('',#5954,1.);
#468=CYLINDRICAL_SURFACE('',#5997,4.00000000000002);
#469=CYLINDRICAL_SURFACE('',#5999,1.);
#470=CYLINDRICAL_SURFACE('',#6001,1.);
#471=CYLINDRICAL_SURFACE('',#6003,3.99999999999999);
#472=CYLINDRICAL_SURFACE('',#6005,1.);
#473=CYLINDRICAL_SURFACE('',#6007,1.);
#474=CYLINDRICAL_SURFACE('',#6010,1.);
#475=CYLINDRICAL_SURFACE('',#6012,4.);
#476=CYLINDRICAL_SURFACE('',#6014,1.);
#477=CYLINDRICAL_SURFACE('',#6016,3.99999999999999);
#478=CYLINDRICAL_SURFACE('',#6018,1.);
#479=CYLINDRICAL_SURFACE('',#6024,16.8);
#480=CYLINDRICAL_SURFACE('',#6028,2.);
#481=CYLINDRICAL_SURFACE('',#6032,2.);
#482=CYLINDRICAL_SURFACE('',#6036,2.);
#483=CYLINDRICAL_SURFACE('',#6040,2.);
#484=CYLINDRICAL_SURFACE('',#6044,2.);
#485=CYLINDRICAL_SURFACE('',#6047,3.00000000000001);
#486=CYLINDRICAL_SURFACE('',#6050,2.);
#487=CYLINDRICAL_SURFACE('',#6063,2.);
#488=CYLINDRICAL_SURFACE('',#6065,3.00000000000001);
#489=CYLINDRICAL_SURFACE('',#6067,2.);
#490=CYLINDRICAL_SURFACE('',#6070,2.);
#491=CYLINDRICAL_SURFACE('',#6072,1.);
#492=CYLINDRICAL_SURFACE('',#6075,2.);
#493=CYLINDRICAL_SURFACE('',#6080,2.);
#494=CYLINDRICAL_SURFACE('',#6082,7.5);
#495=CYLINDRICAL_SURFACE('',#6112,1.);
#496=CYLINDRICAL_SURFACE('',#6114,1.);
#497=CYLINDRICAL_SURFACE('',#6117,1.);
#498=CYLINDRICAL_SURFACE('',#6118,1.25);
#499=CYLINDRICAL_SURFACE('',#6120,1.25);
#500=CYLINDRICAL_SURFACE('',#6122,3.60000000000015);
#501=CYLINDRICAL_SURFACE('',#6124,33.5446876574768);
#502=CYLINDRICAL_SURFACE('',#6127,3.99999999999999);
#503=CYLINDRICAL_SURFACE('',#6130,3.99999999999999);
#504=CYLINDRICAL_SURFACE('',#6133,3.99999999999999);
#505=CYLINDRICAL_SURFACE('',#6136,3.99999999999999);
#506=CYLINDRICAL_SURFACE('',#6139,3.99999999999999);
#507=CYLINDRICAL_SURFACE('',#6142,3.99999999999999);
#508=CYLINDRICAL_SURFACE('',#6145,3.99999999999998);
#509=CYLINDRICAL_SURFACE('',#6148,3.99999999999999);
#510=CYLINDRICAL_SURFACE('',#6151,33.544687657477);
#511=CYLINDRICAL_SURFACE('',#6153,3.60000000000012);
#512=CYLINDRICAL_SURFACE('',#6155,45.9980370228336);
#513=CYLINDRICAL_SURFACE('',#6157,3.60000000000043);
#514=CYLINDRICAL_SURFACE('',#6159,70.0228128393342);
#515=CYLINDRICAL_SURFACE('',#6161,105.499254948105);
#516=CYLINDRICAL_SURFACE('',#6163,3.6000000000001);
#517=CYLINDRICAL_SURFACE('',#6165,45.036744873992);
#518=CYLINDRICAL_SURFACE('',#6170,1.25);
#519=CYLINDRICAL_SURFACE('',#6173,1.25);
#520=CYLINDRICAL_SURFACE('',#6176,1.25);
#521=CYLINDRICAL_SURFACE('',#6179,1.25);
#522=CYLINDRICAL_SURFACE('',#6188,3.75);
#523=CYLINDRICAL_SURFACE('',#6189,3.75);
#524=CYLINDRICAL_SURFACE('',#6190,3.75);
#525=CYLINDRICAL_SURFACE('',#6191,3.75);
#526=CYLINDRICAL_SURFACE('',#6192,1.50000006912499);
#527=CYLINDRICAL_SURFACE('',#6194,1.50000000000003);
#528=CYLINDRICAL_SURFACE('',#6196,2.25000212951297);
#529=CYLINDRICAL_SURFACE('',#6198,2.25000000613895);
#530=CYLINDRICAL_SURFACE('',#6200,2.24999999999983);
#531=CYLINDRICAL_SURFACE('',#6203,4.);
#532=CYLINDRICAL_SURFACE('',#6206,3.99999999999983);
#533=CYLINDRICAL_SURFACE('',#6209,3.99999999999999);
#534=CYLINDRICAL_SURFACE('',#6212,4.00000000000002);
#535=CYLINDRICAL_SURFACE('',#6214,4.75000000016504);
#536=CYLINDRICAL_SURFACE('',#6221,4.74857974624683);
#537=CYLINDRICAL_SURFACE('',#6226,3.00000000000004);
#538=CYLINDRICAL_SURFACE('',#6230,3.00000000000002);
#539=CYLINDRICAL_SURFACE('',#6234,3.00000000000003);
#540=CYLINDRICAL_SURFACE('',#6238,2.99999999999999);
#541=CYLINDRICAL_SURFACE('',#6247,1.5);
#542=CYLINDRICAL_SURFACE('',#6249,1.5);
#543=CYLINDRICAL_SURFACE('',#6251,1.5);
#544=CYLINDRICAL_SURFACE('',#6253,1.5);
#545=CYLINDRICAL_SURFACE('',#6254,1.25);
#546=CYLINDRICAL_SURFACE('',#6256,1.25);
#547=CYLINDRICAL_SURFACE('',#6262,4.75000212440266);
#548=CYLINDRICAL_SURFACE('',#6265,4.75000212440266);
#549=CYLINDRICAL_SURFACE('',#6268,5.);
#550=CYLINDRICAL_SURFACE('',#6285,5.);
#551=CYLINDRICAL_SURFACE('',#6287,5.);
#552=CYLINDRICAL_SURFACE('',#6312,1.);
#553=CYLINDRICAL_SURFACE('',#6314,1.);
#554=CYLINDRICAL_SURFACE('',#6315,1.);
#555=CYLINDRICAL_SURFACE('',#6317,1.);
#556=CYLINDRICAL_SURFACE('',#6325,5.);
#557=CYLINDRICAL_SURFACE('',#6328,5.);
#558=CYLINDRICAL_SURFACE('',#6335,5.);
#559=CYLINDRICAL_SURFACE('',#6337,5.);
#560=CYLINDRICAL_SURFACE('',#6340,1.);
#561=CYLINDRICAL_SURFACE('',#6342,1.);
#562=CYLINDRICAL_SURFACE('',#6343,1.);
#563=CYLINDRICAL_SURFACE('',#6345,1.);
#564=CYLINDRICAL_SURFACE('',#6348,5.);
#565=FACE_OUTER_BOUND('',#877,.T.);
#566=FACE_OUTER_BOUND('',#878,.T.);
#567=FACE_OUTER_BOUND('',#879,.T.);
#568=FACE_OUTER_BOUND('',#880,.T.);
#569=FACE_OUTER_BOUND('',#881,.T.);
#570=FACE_OUTER_BOUND('',#882,.T.);
#571=FACE_OUTER_BOUND('',#883,.T.);
#572=FACE_OUTER_BOUND('',#884,.T.);
#573=FACE_OUTER_BOUND('',#885,.T.);
#574=FACE_OUTER_BOUND('',#886,.T.);
#575=FACE_OUTER_BOUND('',#887,.T.);
#576=FACE_OUTER_BOUND('',#888,.T.);
#577=FACE_OUTER_BOUND('',#889,.T.);
#578=FACE_OUTER_BOUND('',#890,.T.);
#579=FACE_OUTER_BOUND('',#891,.T.);
#580=FACE_OUTER_BOUND('',#892,.T.);
#581=FACE_OUTER_BOUND('',#893,.T.);
#582=FACE_OUTER_BOUND('',#894,.T.);
#583=FACE_OUTER_BOUND('',#895,.T.);
#584=FACE_OUTER_BOUND('',#896,.T.);
#585=FACE_OUTER_BOUND('',#897,.T.);
#586=FACE_OUTER_BOUND('',#898,.T.);
#587=FACE_OUTER_BOUND('',#899,.T.);
#588=FACE_OUTER_BOUND('',#900,.T.);
#589=FACE_OUTER_BOUND('',#901,.T.);
#590=FACE_OUTER_BOUND('',#902,.T.);
#591=FACE_OUTER_BOUND('',#903,.T.);
#592=FACE_OUTER_BOUND('',#904,.T.);
#593=FACE_OUTER_BOUND('',#905,.T.);
#594=FACE_OUTER_BOUND('',#906,.T.);
#595=FACE_OUTER_BOUND('',#907,.T.);
#596=FACE_OUTER_BOUND('',#908,.T.);
#597=FACE_OUTER_BOUND('',#909,.T.);
#598=FACE_OUTER_BOUND('',#910,.T.);
#599=FACE_OUTER_BOUND('',#911,.T.);
#600=FACE_OUTER_BOUND('',#912,.T.);
#601=FACE_OUTER_BOUND('',#913,.T.);
#602=FACE_OUTER_BOUND('',#914,.T.);
#603=FACE_OUTER_BOUND('',#915,.T.);
#604=FACE_OUTER_BOUND('',#916,.T.);
#605=FACE_OUTER_BOUND('',#917,.T.);
#606=FACE_OUTER_BOUND('',#918,.T.);
#607=FACE_OUTER_BOUND('',#919,.T.);
#608=FACE_OUTER_BOUND('',#920,.T.);
#609=FACE_OUTER_BOUND('',#921,.T.);
#610=FACE_OUTER_BOUND('',#922,.T.);
#611=FACE_OUTER_BOUND('',#923,.T.);
#612=FACE_OUTER_BOUND('',#924,.T.);
#613=FACE_OUTER_BOUND('',#925,.T.);
#614=FACE_OUTER_BOUND('',#926,.T.);
#615=FACE_OUTER_BOUND('',#927,.T.);
#616=FACE_OUTER_BOUND('',#928,.T.);
#617=FACE_OUTER_BOUND('',#929,.T.);
#618=FACE_OUTER_BOUND('',#930,.T.);
#619=FACE_OUTER_BOUND('',#931,.T.);
#620=FACE_OUTER_BOUND('',#932,.T.);
#621=FACE_OUTER_BOUND('',#933,.T.);
#622=FACE_OUTER_BOUND('',#934,.T.);
#623=FACE_OUTER_BOUND('',#935,.T.);
#624=FACE_OUTER_BOUND('',#936,.T.);
#625=FACE_OUTER_BOUND('',#937,.T.);
#626=FACE_OUTER_BOUND('',#938,.T.);
#627=FACE_OUTER_BOUND('',#939,.T.);
#628=FACE_OUTER_BOUND('',#940,.T.);
#629=FACE_OUTER_BOUND('',#941,.T.);
#630=FACE_OUTER_BOUND('',#942,.T.);
#631=FACE_OUTER_BOUND('',#943,.T.);
#632=FACE_OUTER_BOUND('',#944,.T.);
#633=FACE_OUTER_BOUND('',#945,.T.);
#634=FACE_OUTER_BOUND('',#946,.T.);
#635=FACE_OUTER_BOUND('',#947,.T.);
#636=FACE_OUTER_BOUND('',#948,.T.);
#637=FACE_OUTER_BOUND('',#949,.T.);
#638=FACE_OUTER_BOUND('',#950,.T.);
#639=FACE_OUTER_BOUND('',#951,.T.);
#640=FACE_OUTER_BOUND('',#952,.T.);
#641=FACE_OUTER_BOUND('',#953,.T.);
#642=FACE_OUTER_BOUND('',#954,.T.);
#643=FACE_OUTER_BOUND('',#955,.T.);
#644=FACE_OUTER_BOUND('',#956,.T.);
#645=FACE_OUTER_BOUND('',#957,.T.);
#646=FACE_OUTER_BOUND('',#958,.T.);
#647=FACE_OUTER_BOUND('',#959,.T.);
#648=FACE_OUTER_BOUND('',#960,.T.);
#649=FACE_OUTER_BOUND('',#961,.T.);
#650=FACE_OUTER_BOUND('',#962,.T.);
#651=FACE_OUTER_BOUND('',#963,.T.);
#652=FACE_OUTER_BOUND('',#964,.T.);
#653=FACE_OUTER_BOUND('',#965,.T.);
#654=FACE_OUTER_BOUND('',#966,.T.);
#655=FACE_OUTER_BOUND('',#967,.T.);
#656=FACE_OUTER_BOUND('',#968,.T.);
#657=FACE_OUTER_BOUND('',#969,.T.);
#658=FACE_OUTER_BOUND('',#970,.T.);
#659=FACE_OUTER_BOUND('',#971,.T.);
#660=FACE_OUTER_BOUND('',#972,.T.);
#661=FACE_OUTER_BOUND('',#973,.T.);
#662=FACE_OUTER_BOUND('',#974,.T.);
#663=FACE_OUTER_BOUND('',#975,.T.);
#664=FACE_OUTER_BOUND('',#976,.T.);
#665=FACE_OUTER_BOUND('',#977,.T.);
#666=FACE_OUTER_BOUND('',#978,.T.);
#667=FACE_OUTER_BOUND('',#979,.T.);
#668=FACE_OUTER_BOUND('',#980,.T.);
#669=FACE_OUTER_BOUND('',#984,.T.);
#670=FACE_OUTER_BOUND('',#985,.T.);
#671=FACE_OUTER_BOUND('',#986,.T.);
#672=FACE_OUTER_BOUND('',#987,.T.);
#673=FACE_OUTER_BOUND('',#988,.T.);
#674=FACE_OUTER_BOUND('',#989,.T.);
#675=FACE_OUTER_BOUND('',#990,.T.);
#676=FACE_OUTER_BOUND('',#991,.T.);
#677=FACE_OUTER_BOUND('',#992,.T.);
#678=FACE_OUTER_BOUND('',#993,.T.);
#679=FACE_OUTER_BOUND('',#994,.T.);
#680=FACE_OUTER_BOUND('',#995,.T.);
#681=FACE_OUTER_BOUND('',#996,.T.);
#682=FACE_OUTER_BOUND('',#997,.T.);
#683=FACE_OUTER_BOUND('',#998,.T.);
#684=FACE_OUTER_BOUND('',#999,.T.);
#685=FACE_OUTER_BOUND('',#1000,.T.);
#686=FACE_OUTER_BOUND('',#1001,.T.);
#687=FACE_OUTER_BOUND('',#1002,.T.);
#688=FACE_OUTER_BOUND('',#1003,.T.);
#689=FACE_OUTER_BOUND('',#1004,.T.);
#690=FACE_OUTER_BOUND('',#1005,.T.);
#691=FACE_OUTER_BOUND('',#1006,.T.);
#692=FACE_OUTER_BOUND('',#1007,.T.);
#693=FACE_OUTER_BOUND('',#1008,.T.);
#694=FACE_OUTER_BOUND('',#1009,.T.);
#695=FACE_OUTER_BOUND('',#1010,.T.);
#696=FACE_OUTER_BOUND('',#1011,.T.);
#697=FACE_OUTER_BOUND('',#1012,.T.);
#698=FACE_OUTER_BOUND('',#1013,.T.);
#699=FACE_OUTER_BOUND('',#1014,.T.);
#700=FACE_OUTER_BOUND('',#1015,.T.);
#701=FACE_OUTER_BOUND('',#1016,.T.);
#702=FACE_OUTER_BOUND('',#1017,.T.);
#703=FACE_OUTER_BOUND('',#1018,.T.);
#704=FACE_OUTER_BOUND('',#1019,.T.);
#705=FACE_OUTER_BOUND('',#1020,.T.);
#706=FACE_OUTER_BOUND('',#1021,.T.);
#707=FACE_OUTER_BOUND('',#1022,.T.);
#708=FACE_OUTER_BOUND('',#1023,.T.);
#709=FACE_OUTER_BOUND('',#1024,.T.);
#710=FACE_OUTER_BOUND('',#1025,.T.);
#711=FACE_OUTER_BOUND('',#1046,.T.);
#712=FACE_OUTER_BOUND('',#1047,.T.);
#713=FACE_OUTER_BOUND('',#1048,.T.);
#714=FACE_OUTER_BOUND('',#1049,.T.);
#715=FACE_OUTER_BOUND('',#1050,.T.);
#716=FACE_OUTER_BOUND('',#1051,.T.);
#717=FACE_OUTER_BOUND('',#1052,.T.);
#718=FACE_OUTER_BOUND('',#1053,.T.);
#719=FACE_OUTER_BOUND('',#1054,.T.);
#720=FACE_OUTER_BOUND('',#1055,.T.);
#721=FACE_OUTER_BOUND('',#1056,.T.);
#722=FACE_OUTER_BOUND('',#1057,.T.);
#723=FACE_OUTER_BOUND('',#1058,.T.);
#724=FACE_OUTER_BOUND('',#1059,.T.);
#725=FACE_OUTER_BOUND('',#1060,.T.);
#726=FACE_OUTER_BOUND('',#1061,.T.);
#727=FACE_OUTER_BOUND('',#1062,.T.);
#728=FACE_OUTER_BOUND('',#1063,.T.);
#729=FACE_OUTER_BOUND('',#1064,.T.);
#730=FACE_OUTER_BOUND('',#1065,.T.);
#731=FACE_OUTER_BOUND('',#1066,.T.);
#732=FACE_OUTER_BOUND('',#1067,.T.);
#733=FACE_OUTER_BOUND('',#1068,.T.);
#734=FACE_OUTER_BOUND('',#1069,.T.);
#735=FACE_OUTER_BOUND('',#1070,.T.);
#736=FACE_OUTER_BOUND('',#1071,.T.);
#737=FACE_OUTER_BOUND('',#1072,.T.);
#738=FACE_OUTER_BOUND('',#1073,.T.);
#739=FACE_OUTER_BOUND('',#1074,.T.);
#740=FACE_OUTER_BOUND('',#1075,.T.);
#741=FACE_OUTER_BOUND('',#1076,.T.);
#742=FACE_OUTER_BOUND('',#1077,.T.);
#743=FACE_OUTER_BOUND('',#1078,.T.);
#744=FACE_OUTER_BOUND('',#1079,.T.);
#745=FACE_OUTER_BOUND('',#1080,.T.);
#746=FACE_OUTER_BOUND('',#1084,.T.);
#747=FACE_OUTER_BOUND('',#1085,.T.);
#748=FACE_OUTER_BOUND('',#1086,.T.);
#749=FACE_OUTER_BOUND('',#1087,.T.);
#750=FACE_OUTER_BOUND('',#1088,.T.);
#751=FACE_OUTER_BOUND('',#1089,.T.);
#752=FACE_OUTER_BOUND('',#1090,.T.);
#753=FACE_OUTER_BOUND('',#1091,.T.);
#754=FACE_OUTER_BOUND('',#1092,.T.);
#755=FACE_OUTER_BOUND('',#1093,.T.);
#756=FACE_OUTER_BOUND('',#1094,.T.);
#757=FACE_OUTER_BOUND('',#1095,.T.);
#758=FACE_OUTER_BOUND('',#1096,.T.);
#759=FACE_OUTER_BOUND('',#1097,.T.);
#760=FACE_OUTER_BOUND('',#1098,.T.);
#761=FACE_OUTER_BOUND('',#1099,.T.);
#762=FACE_OUTER_BOUND('',#1100,.T.);
#763=FACE_OUTER_BOUND('',#1101,.T.);
#764=FACE_OUTER_BOUND('',#1102,.T.);
#765=FACE_OUTER_BOUND('',#1103,.T.);
#766=FACE_OUTER_BOUND('',#1104,.T.);
#767=FACE_OUTER_BOUND('',#1105,.T.);
#768=FACE_OUTER_BOUND('',#1106,.T.);
#769=FACE_OUTER_BOUND('',#1107,.T.);
#770=FACE_OUTER_BOUND('',#1108,.T.);
#771=FACE_OUTER_BOUND('',#1109,.T.);
#772=FACE_OUTER_BOUND('',#1110,.T.);
#773=FACE_OUTER_BOUND('',#1111,.T.);
#774=FACE_OUTER_BOUND('',#1112,.T.);
#775=FACE_OUTER_BOUND('',#1113,.T.);
#776=FACE_OUTER_BOUND('',#1114,.T.);
#777=FACE_OUTER_BOUND('',#1115,.T.);
#778=FACE_OUTER_BOUND('',#1116,.T.);
#779=FACE_OUTER_BOUND('',#1117,.T.);
#780=FACE_OUTER_BOUND('',#1118,.T.);
#781=FACE_OUTER_BOUND('',#1119,.T.);
#782=FACE_OUTER_BOUND('',#1120,.T.);
#783=FACE_OUTER_BOUND('',#1121,.T.);
#784=FACE_OUTER_BOUND('',#1122,.T.);
#785=FACE_OUTER_BOUND('',#1123,.T.);
#786=FACE_OUTER_BOUND('',#1125,.T.);
#787=FACE_OUTER_BOUND('',#1126,.T.);
#788=FACE_OUTER_BOUND('',#1127,.T.);
#789=FACE_OUTER_BOUND('',#1128,.T.);
#790=FACE_OUTER_BOUND('',#1129,.T.);
#791=FACE_OUTER_BOUND('',#1130,.T.);
#792=FACE_OUTER_BOUND('',#1131,.T.);
#793=FACE_OUTER_BOUND('',#1132,.T.);
#794=FACE_OUTER_BOUND('',#1133,.T.);
#795=FACE_OUTER_BOUND('',#1134,.T.);
#796=FACE_OUTER_BOUND('',#1136,.T.);
#797=FACE_OUTER_BOUND('',#1137,.T.);
#798=FACE_OUTER_BOUND('',#1138,.T.);
#799=FACE_OUTER_BOUND('',#1139,.T.);
#800=FACE_OUTER_BOUND('',#1140,.T.);
#801=FACE_OUTER_BOUND('',#1141,.T.);
#802=FACE_OUTER_BOUND('',#1142,.T.);
#803=FACE_OUTER_BOUND('',#1143,.T.);
#804=FACE_OUTER_BOUND('',#1144,.T.);
#805=FACE_OUTER_BOUND('',#1145,.T.);
#806=FACE_OUTER_BOUND('',#1146,.T.);
#807=FACE_OUTER_BOUND('',#1147,.T.);
#808=FACE_OUTER_BOUND('',#1148,.T.);
#809=FACE_OUTER_BOUND('',#1150,.T.);
#810=FACE_OUTER_BOUND('',#1151,.T.);
#811=FACE_OUTER_BOUND('',#1153,.T.);
#812=FACE_OUTER_BOUND('',#1154,.T.);
#813=FACE_OUTER_BOUND('',#1155,.T.);
#814=FACE_OUTER_BOUND('',#1156,.T.);
#815=FACE_OUTER_BOUND('',#1157,.T.);
#816=FACE_OUTER_BOUND('',#1158,.T.);
#817=FACE_OUTER_BOUND('',#1160,.T.);
#818=FACE_OUTER_BOUND('',#1161,.T.);
#819=FACE_OUTER_BOUND('',#1162,.T.);
#820=FACE_OUTER_BOUND('',#1163,.T.);
#821=FACE_OUTER_BOUND('',#1164,.T.);
#822=FACE_OUTER_BOUND('',#1165,.T.);
#823=FACE_OUTER_BOUND('',#1166,.T.);
#824=FACE_OUTER_BOUND('',#1167,.T.);
#825=FACE_OUTER_BOUND('',#1168,.T.);
#826=FACE_OUTER_BOUND('',#1169,.T.);
#827=FACE_OUTER_BOUND('',#1170,.T.);
#828=FACE_OUTER_BOUND('',#1171,.T.);
#829=FACE_OUTER_BOUND('',#1172,.T.);
#830=FACE_OUTER_BOUND('',#1173,.T.);
#831=FACE_OUTER_BOUND('',#1174,.T.);
#832=FACE_OUTER_BOUND('',#1175,.T.);
#833=FACE_OUTER_BOUND('',#1176,.T.);
#834=FACE_OUTER_BOUND('',#1177,.T.);
#835=FACE_OUTER_BOUND('',#1178,.T.);
#836=FACE_OUTER_BOUND('',#1179,.T.);
#837=FACE_OUTER_BOUND('',#1180,.T.);
#838=FACE_OUTER_BOUND('',#1181,.T.);
#839=FACE_OUTER_BOUND('',#1182,.T.);
#840=FACE_OUTER_BOUND('',#1183,.T.);
#841=FACE_OUTER_BOUND('',#1184,.T.);
#842=FACE_OUTER_BOUND('',#1185,.T.);
#843=FACE_OUTER_BOUND('',#1186,.T.);
#844=FACE_OUTER_BOUND('',#1187,.T.);
#845=FACE_OUTER_BOUND('',#1188,.T.);
#846=FACE_OUTER_BOUND('',#1189,.T.);
#847=FACE_OUTER_BOUND('',#1190,.T.);
#848=FACE_OUTER_BOUND('',#1191,.T.);
#849=FACE_OUTER_BOUND('',#1192,.T.);
#850=FACE_OUTER_BOUND('',#1193,.T.);
#851=FACE_OUTER_BOUND('',#1194,.T.);
#852=FACE_OUTER_BOUND('',#1195,.T.);
#853=FACE_OUTER_BOUND('',#1196,.T.);
#854=FACE_OUTER_BOUND('',#1197,.T.);
#855=FACE_OUTER_BOUND('',#1198,.T.);
#856=FACE_OUTER_BOUND('',#1199,.T.);
#857=FACE_OUTER_BOUND('',#1200,.T.);
#858=FACE_OUTER_BOUND('',#1201,.T.);
#859=FACE_OUTER_BOUND('',#1202,.T.);
#860=FACE_OUTER_BOUND('',#1203,.T.);
#861=FACE_OUTER_BOUND('',#1204,.T.);
#862=FACE_OUTER_BOUND('',#1205,.T.);
#863=FACE_OUTER_BOUND('',#1206,.T.);
#864=FACE_OUTER_BOUND('',#1207,.T.);
#865=FACE_OUTER_BOUND('',#1209,.T.);
#866=FACE_OUTER_BOUND('',#1210,.T.);
#867=FACE_OUTER_BOUND('',#1211,.T.);
#868=FACE_OUTER_BOUND('',#1212,.T.);
#869=FACE_OUTER_BOUND('',#1213,.T.);
#870=FACE_OUTER_BOUND('',#1214,.T.);
#871=FACE_OUTER_BOUND('',#1215,.T.);
#872=FACE_OUTER_BOUND('',#1216,.T.);
#873=FACE_OUTER_BOUND('',#1217,.T.);
#874=FACE_OUTER_BOUND('',#1218,.T.);
#875=FACE_OUTER_BOUND('',#1219,.T.);
#876=FACE_OUTER_BOUND('',#1220,.T.);
#877=EDGE_LOOP('',(#3621,#3622,#3623,#3624));
#878=EDGE_LOOP('',(#3625,#3626,#3627,#3628));
#879=EDGE_LOOP('',(#3629,#3630,#3631,#3632));
#880=EDGE_LOOP('',(#3633,#3634,#3635,#3636));
#881=EDGE_LOOP('',(#3637,#3638,#3639,#3640));
#882=EDGE_LOOP('',(#3641,#3642,#3643,#3644));
#883=EDGE_LOOP('',(#3645,#3646,#3647,#3648));
#884=EDGE_LOOP('',(#3649,#3650,#3651,#3652));
#885=EDGE_LOOP('',(#3653,#3654,#3655,#3656));
#886=EDGE_LOOP('',(#3657,#3658,#3659,#3660));
#887=EDGE_LOOP('',(#3661,#3662,#3663,#3664));
#888=EDGE_LOOP('',(#3665,#3666,#3667,#3668));
#889=EDGE_LOOP('',(#3669,#3670,#3671,#3672));
#890=EDGE_LOOP('',(#3673,#3674,#3675,#3676));
#891=EDGE_LOOP('',(#3677,#3678,#3679,#3680));
#892=EDGE_LOOP('',(#3681,#3682,#3683,#3684));
#893=EDGE_LOOP('',(#3685,#3686,#3687,#3688));
#894=EDGE_LOOP('',(#3689,#3690,#3691,#3692));
#895=EDGE_LOOP('',(#3693,#3694,#3695,#3696));
#896=EDGE_LOOP('',(#3697,#3698,#3699,#3700,#3701,#3702,#3703,#3704,#3705,
#3706,#3707,#3708,#3709,#3710,#3711,#3712,#3713,#3714,#3715));
#897=EDGE_LOOP('',(#3716,#3717,#3718,#3719));
#898=EDGE_LOOP('',(#3720,#3721,#3722,#3723));
#899=EDGE_LOOP('',(#3724,#3725,#3726,#3727));
#900=EDGE_LOOP('',(#3728,#3729,#3730,#3731));
#901=EDGE_LOOP('',(#3732,#3733,#3734,#3735));
#902=EDGE_LOOP('',(#3736,#3737,#3738,#3739));
#903=EDGE_LOOP('',(#3740,#3741,#3742,#3743));
#904=EDGE_LOOP('',(#3744,#3745,#3746,#3747));
#905=EDGE_LOOP('',(#3748,#3749,#3750,#3751));
#906=EDGE_LOOP('',(#3752,#3753,#3754,#3755));
#907=EDGE_LOOP('',(#3756,#3757,#3758,#3759));
#908=EDGE_LOOP('',(#3760,#3761,#3762,#3763));
#909=EDGE_LOOP('',(#3764,#3765,#3766,#3767));
#910=EDGE_LOOP('',(#3768,#3769,#3770,#3771));
#911=EDGE_LOOP('',(#3772,#3773,#3774,#3775));
#912=EDGE_LOOP('',(#3776,#3777,#3778,#3779));
#913=EDGE_LOOP('',(#3780,#3781,#3782,#3783));
#914=EDGE_LOOP('',(#3784,#3785,#3786,#3787));
#915=EDGE_LOOP('',(#3788,#3789,#3790,#3791));
#916=EDGE_LOOP('',(#3792,#3793,#3794,#3795));
#917=EDGE_LOOP('',(#3796,#3797,#3798,#3799,#3800,#3801,#3802,#3803,#3804,
#3805,#3806,#3807,#3808,#3809,#3810,#3811,#3812,#3813,#3814,#3815));
#918=EDGE_LOOP('',(#3816,#3817,#3818,#3819));
#919=EDGE_LOOP('',(#3820,#3821,#3822,#3823));
#920=EDGE_LOOP('',(#3824,#3825,#3826,#3827));
#921=EDGE_LOOP('',(#3828,#3829,#3830,#3831));
#922=EDGE_LOOP('',(#3832,#3833,#3834,#3835));
#923=EDGE_LOOP('',(#3836,#3837,#3838,#3839));
#924=EDGE_LOOP('',(#3840,#3841,#3842,#3843));
#925=EDGE_LOOP('',(#3844,#3845,#3846,#3847));
#926=EDGE_LOOP('',(#3848,#3849,#3850,#3851));
#927=EDGE_LOOP('',(#3852,#3853,#3854,#3855));
#928=EDGE_LOOP('',(#3856,#3857,#3858,#3859));
#929=EDGE_LOOP('',(#3860,#3861,#3862,#3863));
#930=EDGE_LOOP('',(#3864,#3865,#3866,#3867));
#931=EDGE_LOOP('',(#3868,#3869,#3870,#3871));
#932=EDGE_LOOP('',(#3872,#3873,#3874,#3875));
#933=EDGE_LOOP('',(#3876,#3877,#3878,#3879));
#934=EDGE_LOOP('',(#3880,#3881,#3882,#3883));
#935=EDGE_LOOP('',(#3884,#3885,#3886,#3887));
#936=EDGE_LOOP('',(#3888,#3889,#3890,#3891));
#937=EDGE_LOOP('',(#3892,#3893,#3894,#3895,#3896,#3897,#3898,#3899,#3900,
#3901,#3902,#3903,#3904,#3905,#3906,#3907,#3908,#3909,#3910));
#938=EDGE_LOOP('',(#3911,#3912,#3913,#3914));
#939=EDGE_LOOP('',(#3915,#3916,#3917,#3918));
#940=EDGE_LOOP('',(#3919,#3920,#3921,#3922));
#941=EDGE_LOOP('',(#3923,#3924,#3925,#3926));
#942=EDGE_LOOP('',(#3927,#3928,#3929,#3930));
#943=EDGE_LOOP('',(#3931,#3932,#3933,#3934));
#944=EDGE_LOOP('',(#3935,#3936,#3937,#3938));
#945=EDGE_LOOP('',(#3939,#3940,#3941,#3942));
#946=EDGE_LOOP('',(#3943,#3944,#3945,#3946));
#947=EDGE_LOOP('',(#3947,#3948,#3949,#3950));
#948=EDGE_LOOP('',(#3951,#3952,#3953,#3954));
#949=EDGE_LOOP('',(#3955,#3956,#3957,#3958));
#950=EDGE_LOOP('',(#3959,#3960,#3961,#3962,#3963,#3964,#3965,#3966,#3967,
#3968,#3969,#3970));
#951=EDGE_LOOP('',(#3971,#3972,#3973,#3974));
#952=EDGE_LOOP('',(#3975));
#953=EDGE_LOOP('',(#3976,#3977,#3978,#3979));
#954=EDGE_LOOP('',(#3980,#3981,#3982,#3983));
#955=EDGE_LOOP('',(#3984,#3985,#3986,#3987));
#956=EDGE_LOOP('',(#3988,#3989,#3990,#3991));
#957=EDGE_LOOP('',(#3992,#3993,#3994,#3995));
#958=EDGE_LOOP('',(#3996,#3997,#3998,#3999));
#959=EDGE_LOOP('',(#4000,#4001,#4002,#4003));
#960=EDGE_LOOP('',(#4004,#4005,#4006,#4007));
#961=EDGE_LOOP('',(#4008,#4009,#4010,#4011,#4012,#4013,#4014,#4015));
#962=EDGE_LOOP('',(#4016,#4017,#4018,#4019));
#963=EDGE_LOOP('',(#4020,#4021,#4022,#4023));
#964=EDGE_LOOP('',(#4024,#4025,#4026,#4027));
#965=EDGE_LOOP('',(#4028,#4029,#4030,#4031));
#966=EDGE_LOOP('',(#4032,#4033,#4034,#4035));
#967=EDGE_LOOP('',(#4036,#4037,#4038,#4039));
#968=EDGE_LOOP('',(#4040,#4041,#4042,#4043));
#969=EDGE_LOOP('',(#4044,#4045,#4046,#4047));
#970=EDGE_LOOP('',(#4048,#4049,#4050,#4051));
#971=EDGE_LOOP('',(#4052,#4053,#4054,#4055));
#972=EDGE_LOOP('',(#4056,#4057,#4058,#4059));
#973=EDGE_LOOP('',(#4060,#4061,#4062,#4063));
#974=EDGE_LOOP('',(#4064,#4065,#4066,#4067));
#975=EDGE_LOOP('',(#4068,#4069,#4070,#4071));
#976=EDGE_LOOP('',(#4072,#4073,#4074,#4075));
#977=EDGE_LOOP('',(#4076,#4077,#4078,#4079));
#978=EDGE_LOOP('',(#4080,#4081,#4082,#4083,#4084,#4085,#4086,#4087,#4088,
#4089,#4090,#4091,#4092,#4093,#4094,#4095));
#979=EDGE_LOOP('',(#4096,#4097,#4098,#4099));
#980=EDGE_LOOP('',(#4100,#4101,#4102,#4103,#4104,#4105,#4106,#4107,#4108,
#4109,#4110,#4111,#4112,#4113,#4114,#4115,#4116,#4117,#4118,#4119,#4120,
#4121,#4122,#4123,#4124,#4125,#4126,#4127,#4128,#4129,#4130,#4131));
#981=EDGE_LOOP('',(#4132,#4133,#4134,#4135,#4136,#4137,#4138,#4139,#4140,
#4141,#4142,#4143,#4144,#4145,#4146,#4147,#4148,#4149,#4150,#4151,#4152,
#4153,#4154,#4155,#4156,#4157,#4158,#4159));
#982=EDGE_LOOP('',(#4160));
#983=EDGE_LOOP('',(#4161));
#984=EDGE_LOOP('',(#4162,#4163,#4164,#4165));
#985=EDGE_LOOP('',(#4166,#4167,#4168,#4169));
#986=EDGE_LOOP('',(#4170,#4171,#4172,#4173));
#987=EDGE_LOOP('',(#4174,#4175,#4176,#4177));
#988=EDGE_LOOP('',(#4178,#4179,#4180,#4181));
#989=EDGE_LOOP('',(#4182,#4183,#4184,#4185));
#990=EDGE_LOOP('',(#4186,#4187,#4188,#4189,#4190,#4191,#4192,#4193,#4194,
#4195,#4196,#4197));
#991=EDGE_LOOP('',(#4198,#4199,#4200,#4201));
#992=EDGE_LOOP('',(#4202,#4203,#4204,#4205));
#993=EDGE_LOOP('',(#4206,#4207,#4208,#4209));
#994=EDGE_LOOP('',(#4210,#4211,#4212,#4213));
#995=EDGE_LOOP('',(#4214,#4215,#4216,#4217));
#996=EDGE_LOOP('',(#4218,#4219,#4220,#4221));
#997=EDGE_LOOP('',(#4222,#4223,#4224,#4225));
#998=EDGE_LOOP('',(#4226,#4227,#4228,#4229));
#999=EDGE_LOOP('',(#4230,#4231,#4232,#4233));
#1000=EDGE_LOOP('',(#4234,#4235,#4236,#4237));
#1001=EDGE_LOOP('',(#4238,#4239,#4240,#4241));
#1002=EDGE_LOOP('',(#4242,#4243,#4244,#4245));
#1003=EDGE_LOOP('',(#4246,#4247,#4248,#4249));
#1004=EDGE_LOOP('',(#4250,#4251,#4252,#4253));
#1005=EDGE_LOOP('',(#4254,#4255,#4256,#4257,#4258,#4259));
#1006=EDGE_LOOP('',(#4260,#4261,#4262,#4263));
#1007=EDGE_LOOP('',(#4264,#4265,#4266,#4267));
#1008=EDGE_LOOP('',(#4268,#4269,#4270,#4271));
#1009=EDGE_LOOP('',(#4272,#4273,#4274,#4275,#4276,#4277));
#1010=EDGE_LOOP('',(#4278,#4279,#4280,#4281));
#1011=EDGE_LOOP('',(#4282,#4283,#4284,#4285));
#1012=EDGE_LOOP('',(#4286,#4287,#4288,#4289));
#1013=EDGE_LOOP('',(#4290,#4291,#4292,#4293,#4294,#4295,#4296,#4297,#4298,
#4299,#4300,#4301,#4302,#4303,#4304));
#1014=EDGE_LOOP('',(#4305,#4306,#4307,#4308,#4309,#4310,#4311,#4312,#4313,
#4314,#4315,#4316));
#1015=EDGE_LOOP('',(#4317,#4318,#4319,#4320));
#1016=EDGE_LOOP('',(#4321,#4322,#4323,#4324));
#1017=EDGE_LOOP('',(#4325,#4326,#4327,#4328));
#1018=EDGE_LOOP('',(#4329,#4330,#4331,#4332,#4333,#4334));
#1019=EDGE_LOOP('',(#4335,#4336,#4337,#4338));
#1020=EDGE_LOOP('',(#4339,#4340,#4341,#4342,#4343,#4344));
#1021=EDGE_LOOP('',(#4345,#4346,#4347,#4348,#4349,#4350,#4351,#4352));
#1022=EDGE_LOOP('',(#4353,#4354,#4355,#4356,#4357,#4358));
#1023=EDGE_LOOP('',(#4359,#4360,#4361,#4362,#4363,#4364,#4365,#4366));
#1024=EDGE_LOOP('',(#4367,#4368,#4369,#4370));
#1025=EDGE_LOOP('',(#4371,#4372,#4373,#4374,#4375,#4376,#4377,#4378));
#1026=EDGE_LOOP('',(#4379,#4380,#4381,#4382,#4383,#4384,#4385,#4386,#4387,
#4388,#4389,#4390,#4391,#4392,#4393,#4394,#4395,#4396,#4397));
#1027=EDGE_LOOP('',(#4398,#4399,#4400,#4401,#4402,#4403,#4404,#4405,#4406,
#4407,#4408,#4409,#4410,#4411,#4412,#4413,#4414,#4415,#4416,#4417));
#1028=EDGE_LOOP('',(#4418,#4419,#4420,#4421,#4422,#4423,#4424,#4425,#4426,
#4427,#4428,#4429,#4430,#4431,#4432,#4433,#4434,#4435,#4436));
#1029=EDGE_LOOP('',(#4437,#4438,#4439,#4440,#4441,#4442,#4443,#4444,#4445,
#4446,#4447,#4448));
#1030=EDGE_LOOP('',(#4449));
#1031=EDGE_LOOP('',(#4450,#4451,#4452,#4453,#4454,#4455,#4456,#4457));
#1032=EDGE_LOOP('',(#4458,#4459,#4460,#4461,#4462,#4463,#4464,#4465,#4466,
#4467,#4468,#4469,#4470,#4471,#4472,#4473));
#1033=EDGE_LOOP('',(#4474));
#1034=EDGE_LOOP('',(#4475));
#1035=EDGE_LOOP('',(#4476));
#1036=EDGE_LOOP('',(#4477));
#1037=EDGE_LOOP('',(#4478,#4479,#4480,#4481,#4482,#4483,#4484,#4485,#4486,
#4487));
#1038=EDGE_LOOP('',(#4488,#4489,#4490,#4491));
#1039=EDGE_LOOP('',(#4492,#4493,#4494,#4495,#4496,#4497,#4498,#4499,#4500,
#4501,#4502,#4503,#4504,#4505,#4506,#4507,#4508,#4509,#4510,#4511,#4512,
#4513));
#1040=EDGE_LOOP('',(#4514));
#1041=EDGE_LOOP('',(#4515));
#1042=EDGE_LOOP('',(#4516));
#1043=EDGE_LOOP('',(#4517));
#1044=EDGE_LOOP('',(#4518));
#1045=EDGE_LOOP('',(#4519));
#1046=EDGE_LOOP('',(#4520,#4521,#4522,#4523));
#1047=EDGE_LOOP('',(#4524,#4525,#4526,#4527));
#1048=EDGE_LOOP('',(#4528,#4529,#4530,#4531));
#1049=EDGE_LOOP('',(#4532,#4533,#4534,#4535));
#1050=EDGE_LOOP('',(#4536,#4537,#4538,#4539));
#1051=EDGE_LOOP('',(#4540,#4541,#4542,#4543));
#1052=EDGE_LOOP('',(#4544,#4545,#4546,#4547));
#1053=EDGE_LOOP('',(#4548,#4549,#4550,#4551));
#1054=EDGE_LOOP('',(#4552,#4553,#4554,#4555));
#1055=EDGE_LOOP('',(#4556,#4557,#4558,#4559));
#1056=EDGE_LOOP('',(#4560,#4561,#4562,#4563));
#1057=EDGE_LOOP('',(#4564,#4565,#4566,#4567));
#1058=EDGE_LOOP('',(#4568,#4569,#4570,#4571));
#1059=EDGE_LOOP('',(#4572,#4573,#4574,#4575));
#1060=EDGE_LOOP('',(#4576,#4577,#4578,#4579));
#1061=EDGE_LOOP('',(#4580,#4581,#4582,#4583));
#1062=EDGE_LOOP('',(#4584,#4585,#4586,#4587));
#1063=EDGE_LOOP('',(#4588,#4589,#4590,#4591));
#1064=EDGE_LOOP('',(#4592,#4593,#4594,#4595));
#1065=EDGE_LOOP('',(#4596,#4597,#4598,#4599));
#1066=EDGE_LOOP('',(#4600,#4601,#4602,#4603));
#1067=EDGE_LOOP('',(#4604,#4605,#4606,#4607));
#1068=EDGE_LOOP('',(#4608,#4609,#4610,#4611));
#1069=EDGE_LOOP('',(#4612,#4613,#4614,#4615));
#1070=EDGE_LOOP('',(#4616,#4617,#4618,#4619));
#1071=EDGE_LOOP('',(#4620,#4621,#4622,#4623));
#1072=EDGE_LOOP('',(#4624,#4625,#4626,#4627));
#1073=EDGE_LOOP('',(#4628,#4629,#4630,#4631));
#1074=EDGE_LOOP('',(#4632,#4633,#4634,#4635));
#1075=EDGE_LOOP('',(#4636,#4637,#4638,#4639));
#1076=EDGE_LOOP('',(#4640,#4641,#4642,#4643));
#1077=EDGE_LOOP('',(#4644,#4645,#4646,#4647));
#1078=EDGE_LOOP('',(#4648,#4649,#4650,#4651));
#1079=EDGE_LOOP('',(#4652,#4653,#4654,#4655));
#1080=EDGE_LOOP('',(#4656,#4657,#4658,#4659,#4660,#4661,#4662,#4663,#4664,
#4665,#4666,#4667,#4668,#4669,#4670,#4671,#4672,#4673,#4674,#4675,#4676,
#4677,#4678,#4679,#4680,#4681,#4682,#4683));
#1081=EDGE_LOOP('',(#4684));
#1082=EDGE_LOOP('',(#4685));
#1083=EDGE_LOOP('',(#4686,#4687,#4688,#4689,#4690,#4691,#4692,#4693));
#1084=EDGE_LOOP('',(#4694,#4695,#4696));
#1085=EDGE_LOOP('',(#4697,#4698,#4699,#4700));
#1086=EDGE_LOOP('',(#4701,#4702,#4703));
#1087=EDGE_LOOP('',(#4704,#4705,#4706,#4707));
#1088=EDGE_LOOP('',(#4708,#4709,#4710));
#1089=EDGE_LOOP('',(#4711,#4712,#4713,#4714));
#1090=EDGE_LOOP('',(#4715,#4716,#4717));
#1091=EDGE_LOOP('',(#4718,#4719,#4720,#4721));
#1092=EDGE_LOOP('',(#4722));
#1093=EDGE_LOOP('',(#4723));
#1094=EDGE_LOOP('',(#4724));
#1095=EDGE_LOOP('',(#4725));
#1096=EDGE_LOOP('',(#4726,#4727,#4728,#4729));
#1097=EDGE_LOOP('',(#4730,#4731,#4732,#4733));
#1098=EDGE_LOOP('',(#4734,#4735,#4736,#4737));
#1099=EDGE_LOOP('',(#4738,#4739,#4740,#4741));
#1100=EDGE_LOOP('',(#4742,#4743,#4744,#4745));
#1101=EDGE_LOOP('',(#4746,#4747,#4748,#4749));
#1102=EDGE_LOOP('',(#4750,#4751,#4752,#4753));
#1103=EDGE_LOOP('',(#4754,#4755,#4756,#4757));
#1104=EDGE_LOOP('',(#4758,#4759,#4760,#4761));
#1105=EDGE_LOOP('',(#4762,#4763,#4764,#4765));
#1106=EDGE_LOOP('',(#4766,#4767,#4768,#4769));
#1107=EDGE_LOOP('',(#4770,#4771,#4772,#4773));
#1108=EDGE_LOOP('',(#4774,#4775,#4776,#4777));
#1109=EDGE_LOOP('',(#4778,#4779,#4780,#4781));
#1110=EDGE_LOOP('',(#4782,#4783,#4784,#4785));
#1111=EDGE_LOOP('',(#4786,#4787,#4788,#4789));
#1112=EDGE_LOOP('',(#4790,#4791,#4792,#4793));
#1113=EDGE_LOOP('',(#4794,#4795,#4796,#4797));
#1114=EDGE_LOOP('',(#4798,#4799,#4800,#4801));
#1115=EDGE_LOOP('',(#4802,#4803,#4804,#4805));
#1116=EDGE_LOOP('',(#4806,#4807,#4808,#4809));
#1117=EDGE_LOOP('',(#4810,#4811,#4812,#4813));
#1118=EDGE_LOOP('',(#4814,#4815,#4816,#4817));
#1119=EDGE_LOOP('',(#4818,#4819,#4820,#4821));
#1120=EDGE_LOOP('',(#4822,#4823,#4824,#4825,#4826,#4827));
#1121=EDGE_LOOP('',(#4828,#4829,#4830,#4831));
#1122=EDGE_LOOP('',(#4832,#4833,#4834,#4835));
#1123=EDGE_LOOP('',(#4836,#4837,#4838,#4839,#4840,#4841,#4842,#4843,#4844,
#4845,#4846,#4847));
#1124=EDGE_LOOP('',(#4848,#4849,#4850,#4851,#4852,#4853,#4854,#4855));
#1125=EDGE_LOOP('',(#4856,#4857,#4858,#4859,#4860,#4861,#4862,#4863,#4864,
#4865));
#1126=EDGE_LOOP('',(#4866,#4867,#4868,#4869));
#1127=EDGE_LOOP('',(#4870,#4871,#4872,#4873));
#1128=EDGE_LOOP('',(#4874,#4875,#4876,#4877));
#1129=EDGE_LOOP('',(#4878,#4879,#4880,#4881));
#1130=EDGE_LOOP('',(#4882,#4883,#4884,#4885));
#1131=EDGE_LOOP('',(#4886,#4887,#4888,#4889));
#1132=EDGE_LOOP('',(#4890,#4891,#4892,#4893));
#1133=EDGE_LOOP('',(#4894,#4895,#4896,#4897));
#1134=EDGE_LOOP('',(#4898,#4899,#4900,#4901,#4902,#4903,#4904,#4905));
#1135=EDGE_LOOP('',(#4906,#4907,#4908,#4909,#4910,#4911,#4912,#4913));
#1136=EDGE_LOOP('',(#4914,#4915,#4916,#4917));
#1137=EDGE_LOOP('',(#4918,#4919,#4920,#4921,#4922));
#1138=EDGE_LOOP('',(#4923,#4924,#4925,#4926));
#1139=EDGE_LOOP('',(#4927,#4928,#4929,#4930,#4931));
#1140=EDGE_LOOP('',(#4932,#4933,#4934,#4935));
#1141=EDGE_LOOP('',(#4936,#4937,#4938,#4939,#4940));
#1142=EDGE_LOOP('',(#4941,#4942,#4943,#4944));
#1143=EDGE_LOOP('',(#4945,#4946,#4947,#4948,#4949));
#1144=EDGE_LOOP('',(#4950,#4951,#4952,#4953));
#1145=EDGE_LOOP('',(#4954,#4955,#4956,#4957));
#1146=EDGE_LOOP('',(#4958,#4959,#4960,#4961,#4962,#4963,#4964,#4965,#4966,
#4967,#4968,#4969));
#1147=EDGE_LOOP('',(#4970,#4971,#4972,#4973));
#1148=EDGE_LOOP('',(#4974,#4975,#4976,#4977,#4978,#4979));
#1149=EDGE_LOOP('',(#4980));
#1150=EDGE_LOOP('',(#4981,#4982,#4983,#4984));
#1151=EDGE_LOOP('',(#4985,#4986,#4987,#4988,#4989,#4990,#4991,#4992,#4993));
#1152=EDGE_LOOP('',(#4994));
#1153=EDGE_LOOP('',(#4995,#4996,#4997,#4998));
#1154=EDGE_LOOP('',(#4999,#5000,#5001,#5002));
#1155=EDGE_LOOP('',(#5003,#5004,#5005,#5006));
#1156=EDGE_LOOP('',(#5007,#5008,#5009,#5010,#5011));
#1157=EDGE_LOOP('',(#5012,#5013,#5014,#5015));
#1158=EDGE_LOOP('',(#5016,#5017,#5018,#5019,#5020,#5021,#5022,#5023));
#1159=EDGE_LOOP('',(#5024,#5025,#5026,#5027,#5028,#5029,#5030,#5031,#5032,
#5033,#5034,#5035,#5036,#5037));
#1160=EDGE_LOOP('',(#5038,#5039,#5040,#5041,#5042,#5043));
#1161=EDGE_LOOP('',(#5044,#5045,#5046,#5047,#5048));
#1162=EDGE_LOOP('',(#5049,#5050,#5051,#5052,#5053));
#1163=EDGE_LOOP('',(#5054,#5055,#5056,#5057));
#1164=EDGE_LOOP('',(#5058,#5059,#5060,#5061));
#1165=EDGE_LOOP('',(#5062,#5063,#5064,#5065));
#1166=EDGE_LOOP('',(#5066,#5067,#5068,#5069));
#1167=EDGE_LOOP('',(#5070,#5071,#5072,#5073));
#1168=EDGE_LOOP('',(#5074,#5075,#5076,#5077));
#1169=EDGE_LOOP('',(#5078,#5079,#5080,#5081));
#1170=EDGE_LOOP('',(#5082,#5083,#5084,#5085));
#1171=EDGE_LOOP('',(#5086,#5087,#5088,#5089));
#1172=EDGE_LOOP('',(#5090,#5091,#5092,#5093));
#1173=EDGE_LOOP('',(#5094,#5095,#5096,#5097));
#1174=EDGE_LOOP('',(#5098,#5099,#5100,#5101));
#1175=EDGE_LOOP('',(#5102,#5103,#5104,#5105));
#1176=EDGE_LOOP('',(#5106,#5107,#5108,#5109));
#1177=EDGE_LOOP('',(#5110,#5111,#5112));
#1178=EDGE_LOOP('',(#5113,#5114,#5115));
#1179=EDGE_LOOP('',(#5116,#5117,#5118,#5119));
#1180=EDGE_LOOP('',(#5120,#5121,#5122,#5123));
#1181=EDGE_LOOP('',(#5124,#5125,#5126,#5127));
#1182=EDGE_LOOP('',(#5128,#5129,#5130,#5131));
#1183=EDGE_LOOP('',(#5132,#5133,#5134,#5135));
#1184=EDGE_LOOP('',(#5136,#5137,#5138,#5139));
#1185=EDGE_LOOP('',(#5140,#5141,#5142,#5143));
#1186=EDGE_LOOP('',(#5144,#5145,#5146,#5147));
#1187=EDGE_LOOP('',(#5148,#5149,#5150,#5151));
#1188=EDGE_LOOP('',(#5152,#5153,#5154,#5155));
#1189=EDGE_LOOP('',(#5156,#5157,#5158,#5159));
#1190=EDGE_LOOP('',(#5160,#5161,#5162,#5163));
#1191=EDGE_LOOP('',(#5164,#5165,#5166,#5167));
#1192=EDGE_LOOP('',(#5168,#5169,#5170,#5171));
#1193=EDGE_LOOP('',(#5172,#5173,#5174,#5175,#5176,#5177,#5178,#5179));
#1194=EDGE_LOOP('',(#5180,#5181,#5182,#5183));
#1195=EDGE_LOOP('',(#5184,#5185,#5186,#5187));
#1196=EDGE_LOOP('',(#5188,#5189,#5190,#5191));
#1197=EDGE_LOOP('',(#5192,#5193,#5194,#5195));
#1198=EDGE_LOOP('',(#5196,#5197,#5198,#5199));
#1199=EDGE_LOOP('',(#5200,#5201,#5202,#5203));
#1200=EDGE_LOOP('',(#5204,#5205,#5206,#5207));
#1201=EDGE_LOOP('',(#5208,#5209,#5210,#5211));
#1202=EDGE_LOOP('',(#5212,#5213,#5214,#5215));
#1203=EDGE_LOOP('',(#5216,#5217,#5218,#5219));
#1204=EDGE_LOOP('',(#5220,#5221,#5222,#5223));
#1205=EDGE_LOOP('',(#5224,#5225,#5226,#5227));
#1206=EDGE_LOOP('',(#5228,#5229,#5230,#5231));
#1207=EDGE_LOOP('',(#5232,#5233,#5234,#5235));
#1208=EDGE_LOOP('',(#5236,#5237,#5238,#5239,#5240,#5241,#5242,#5243));
#1209=EDGE_LOOP('',(#5244,#5245,#5246,#5247));
#1210=EDGE_LOOP('',(#5248,#5249,#5250,#5251,#5252,#5253,#5254,#5255));
#1211=EDGE_LOOP('',(#5256,#5257,#5258,#5259));
#1212=EDGE_LOOP('',(#5260,#5261,#5262,#5263));
#1213=EDGE_LOOP('',(#5264,#5265,#5266,#5267));
#1214=EDGE_LOOP('',(#5268,#5269,#5270,#5271));
#1215=EDGE_LOOP('',(#5272,#5273,#5274,#5275));
#1216=EDGE_LOOP('',(#5276,#5277,#5278,#5279,#5280,#5281,#5282,#5283,#5284,
#5285,#5286,#5287));
#1217=EDGE_LOOP('',(#5288,#5289,#5290,#5291));
#1218=EDGE_LOOP('',(#5292,#5293,#5294,#5295));
#1219=EDGE_LOOP('',(#5296,#5297,#5298,#5299));
#1220=EDGE_LOOP('',(#5300,#5301,#5302,#5303,#5304));
#1221=LINE('',#8028,#1724);
#1222=LINE('',#8030,#1725);
#1223=LINE('',#8032,#1726);
#1224=LINE('',#8033,#1727);
#1225=LINE('',#8038,#1728);
#1226=LINE('',#8044,#1729);
#1227=LINE('',#8048,#1730);
#1228=LINE('',#8050,#1731);
#1229=LINE('',#8051,#1732);
#1230=LINE('',#8056,#1733);
#1231=LINE('',#8060,#1734);
#1232=LINE('',#8062,#1735);
#1233=LINE('',#8063,#1736);
#1234=LINE('',#8068,#1737);
#1235=LINE('',#8072,#1738);
#1236=LINE('',#8074,#1739);
#1237=LINE('',#8075,#1740);
#1238=LINE('',#8080,#1741);
#1239=LINE('',#8084,#1742);
#1240=LINE('',#8086,#1743);
#1241=LINE('',#8087,#1744);
#1242=LINE('',#8092,#1745);
#1243=LINE('',#8096,#1746);
#1244=LINE('',#8098,#1747);
#1245=LINE('',#8099,#1748);
#1246=LINE('',#8104,#1749);
#1247=LINE('',#8108,#1750);
#1248=LINE('',#8110,#1751);
#1249=LINE('',#8111,#1752);
#1250=LINE('',#8116,#1753);
#1251=LINE('',#8120,#1754);
#1252=LINE('',#8122,#1755);
#1253=LINE('',#8123,#1756);
#1254=LINE('',#8128,#1757);
#1255=LINE('',#8132,#1758);
#1256=LINE('',#8134,#1759);
#1257=LINE('',#8135,#1760);
#1258=LINE('',#8145,#1761);
#1259=LINE('',#8148,#1762);
#1260=LINE('',#8151,#1763);
#1261=LINE('',#8153,#1764);
#1262=LINE('',#8154,#1765);
#1263=LINE('',#8159,#1766);
#1264=LINE('',#8163,#1767);
#1265=LINE('',#8165,#1768);
#1266=LINE('',#8166,#1769);
#1267=LINE('',#8169,#1770);
#1268=LINE('',#8171,#1771);
#1269=LINE('',#8172,#1772);
#1270=LINE('',#8177,#1773);
#1271=LINE('',#8181,#1774);
#1272=LINE('',#8183,#1775);
#1273=LINE('',#8184,#1776);
#1274=LINE('',#8189,#1777);
#1275=LINE('',#8193,#1778);
#1276=LINE('',#8195,#1779);
#1277=LINE('',#8196,#1780);
#1278=LINE('',#8199,#1781);
#1279=LINE('',#8201,#1782);
#1280=LINE('',#8202,#1783);
#1281=LINE('',#8207,#1784);
#1282=LINE('',#8211,#1785);
#1283=LINE('',#8213,#1786);
#1284=LINE('',#8214,#1787);
#1285=LINE('',#8219,#1788);
#1286=LINE('',#8223,#1789);
#1287=LINE('',#8225,#1790);
#1288=LINE('',#8226,#1791);
#1289=LINE('',#8229,#1792);
#1290=LINE('',#8231,#1793);
#1291=LINE('',#8232,#1794);
#1292=LINE('',#8237,#1795);
#1293=LINE('',#8241,#1796);
#1294=LINE('',#8243,#1797);
#1295=LINE('',#8244,#1798);
#1296=LINE('',#8249,#1799);
#1297=LINE('',#8253,#1800);
#1298=LINE('',#8255,#1801);
#1299=LINE('',#8256,#1802);
#1300=LINE('',#8258,#1803);
#1301=LINE('',#8259,#1804);
#1302=LINE('',#8264,#1805);
#1303=LINE('',#8266,#1806);
#1304=LINE('',#8268,#1807);
#1305=LINE('',#8269,#1808);
#1306=LINE('',#8274,#1809);
#1307=LINE('',#8280,#1810);
#1308=LINE('',#8284,#1811);
#1309=LINE('',#8286,#1812);
#1310=LINE('',#8287,#1813);
#1311=LINE('',#8292,#1814);
#1312=LINE('',#8296,#1815);
#1313=LINE('',#8298,#1816);
#1314=LINE('',#8299,#1817);
#1315=LINE('',#8304,#1818);
#1316=LINE('',#8308,#1819);
#1317=LINE('',#8310,#1820);
#1318=LINE('',#8311,#1821);
#1319=LINE('',#8316,#1822);
#1320=LINE('',#8320,#1823);
#1321=LINE('',#8322,#1824);
#1322=LINE('',#8323,#1825);
#1323=LINE('',#8328,#1826);
#1324=LINE('',#8332,#1827);
#1325=LINE('',#8334,#1828);
#1326=LINE('',#8335,#1829);
#1327=LINE('',#8340,#1830);
#1328=LINE('',#8344,#1831);
#1329=LINE('',#8346,#1832);
#1330=LINE('',#8347,#1833);
#1331=LINE('',#8352,#1834);
#1332=LINE('',#8356,#1835);
#1333=LINE('',#8358,#1836);
#1334=LINE('',#8359,#1837);
#1335=LINE('',#8364,#1838);
#1336=LINE('',#8368,#1839);
#1337=LINE('',#8370,#1840);
#1338=LINE('',#8371,#1841);
#1339=LINE('',#8379,#1842);
#1340=LINE('',#8381,#1843);
#1341=LINE('',#8383,#1844);
#1342=LINE('',#8384,#1845);
#1343=LINE('',#8389,#1846);
#1344=LINE('',#8393,#1847);
#1345=LINE('',#8395,#1848);
#1346=LINE('',#8396,#1849);
#1347=LINE('',#8401,#1850);
#1348=LINE('',#8405,#1851);
#1349=LINE('',#8407,#1852);
#1350=LINE('',#8408,#1853);
#1351=LINE('',#8413,#1854);
#1352=LINE('',#8417,#1855);
#1353=LINE('',#8419,#1856);
#1354=LINE('',#8420,#1857);
#1355=LINE('',#8425,#1858);
#1356=LINE('',#8429,#1859);
#1357=LINE('',#8431,#1860);
#1358=LINE('',#8432,#1861);
#1359=LINE('',#8437,#1862);
#1360=LINE('',#8441,#1863);
#1361=LINE('',#8443,#1864);
#1362=LINE('',#8444,#1865);
#1363=LINE('',#8453,#1866);
#1364=LINE('',#8459,#1867);
#1365=LINE('',#8461,#1868);
#1366=LINE('',#8463,#1869);
#1367=LINE('',#8464,#1870);
#1368=LINE('',#8469,#1871);
#1369=LINE('',#8473,#1872);
#1370=LINE('',#8475,#1873);
#1371=LINE('',#8476,#1874);
#1372=LINE('',#8481,#1875);
#1373=LINE('',#8485,#1876);
#1374=LINE('',#8487,#1877);
#1375=LINE('',#8488,#1878);
#1376=LINE('',#8493,#1879);
#1377=LINE('',#8497,#1880);
#1378=LINE('',#8499,#1881);
#1379=LINE('',#8500,#1882);
#1380=LINE('',#8529,#1883);
#1381=LINE('',#8538,#1884);
#1382=LINE('',#8543,#1885);
#1383=LINE('',#8547,#1886);
#1384=LINE('',#8549,#1887);
#1385=LINE('',#8550,#1888);
#1386=LINE('',#8555,#1889);
#1387=LINE('',#8589,#1890);
#1388=LINE('',#8604,#1891);
#1389=LINE('',#8638,#1892);
#1390=LINE('',#8653,#1893);
#1391=LINE('',#8687,#1894);
#1392=LINE('',#8702,#1895);
#1393=LINE('',#8706,#1896);
#1394=LINE('',#8708,#1897);
#1395=LINE('',#8709,#1898);
#1396=LINE('',#8714,#1899);
#1397=LINE('',#8748,#1900);
#1398=LINE('',#8763,#1901);
#1399=LINE('',#8797,#1902);
#1400=LINE('',#8817,#1903);
#1401=LINE('',#8820,#1904);
#1402=LINE('',#8827,#1905);
#1403=LINE('',#8831,#1906);
#1404=LINE('',#8835,#1907);
#1405=LINE('',#8839,#1908);
#1406=LINE('',#8843,#1909);
#1407=LINE('',#8851,#1910);
#1408=LINE('',#8859,#1911);
#1409=LINE('',#8863,#1912);
#1410=LINE('',#8867,#1913);
#1411=LINE('',#8871,#1914);
#1412=LINE('',#8875,#1915);
#1413=LINE('',#8882,#1916);
#1414=LINE('',#8923,#1917);
#1415=LINE('',#8927,#1918);
#1416=LINE('',#8931,#1919);
#1417=LINE('',#8935,#1920);
#1418=LINE('',#8939,#1921);
#1419=LINE('',#8943,#1922);
#1420=LINE('',#8947,#1923);
#1421=LINE('',#8951,#1924);
#1422=LINE('',#8955,#1925);
#1423=LINE('',#8964,#1926);
#1424=LINE('',#8968,#1927);
#1425=LINE('',#8971,#1928);
#1426=LINE('',#8974,#1929);
#1427=LINE('',#8978,#1930);
#1428=LINE('',#8982,#1931);
#1429=LINE('',#8985,#1932);
#1430=LINE('',#8988,#1933);
#1431=LINE('',#8991,#1934);
#1432=LINE('',#8992,#1935);
#1433=LINE('',#8994,#1936);
#1434=LINE('',#8996,#1937);
#1435=LINE('',#8997,#1938);
#1436=LINE('',#8999,#1939);
#1437=LINE('',#9001,#1940);
#1438=LINE('',#9002,#1941);
#1439=LINE('',#9006,#1942);
#1440=LINE('',#9012,#1943);
#1441=LINE('',#9016,#1944);
#1442=LINE('',#9021,#1945);
#1443=LINE('',#9024,#1946);
#1444=LINE('',#9030,#1947);
#1445=LINE('',#9033,#1948);
#1446=LINE('',#9036,#1949);
#1447=LINE('',#9038,#1950);
#1448=LINE('',#9039,#1951);
#1449=LINE('',#9045,#1952);
#1450=LINE('',#9048,#1953);
#1451=LINE('',#9051,#1954);
#1452=LINE('',#9053,#1955);
#1453=LINE('',#9054,#1956);
#1454=LINE('',#9059,#1957);
#1455=LINE('',#9063,#1958);
#1456=LINE('',#9065,#1959);
#1457=LINE('',#9067,#1960);
#1458=LINE('',#9069,#1961);
#1459=LINE('',#9070,#1962);
#1460=LINE('',#9075,#1963);
#1461=LINE('',#9079,#1964);
#1462=LINE('',#9081,#1965);
#1463=LINE('',#9082,#1966);
#1464=LINE('',#9087,#1967);
#1465=LINE('',#9090,#1968);
#1466=LINE('',#9091,#1969);
#1467=LINE('',#9092,#1970);
#1468=LINE('',#9098,#1971);
#1469=LINE('',#9101,#1972);
#1470=LINE('',#9106,#1973);
#1471=LINE('',#9113,#1974);
#1472=LINE('',#9116,#1975);
#1473=LINE('',#9124,#1976);
#1474=LINE('',#9132,#1977);
#1475=LINE('',#9137,#1978);
#1476=LINE('',#9140,#1979);
#1477=LINE('',#9142,#1980);
#1478=LINE('',#9144,#1981);
#1479=LINE('',#9146,#1982);
#1480=LINE('',#9148,#1983);
#1481=LINE('',#9150,#1984);
#1482=LINE('',#9152,#1985);
#1483=LINE('',#9154,#1986);
#1484=LINE('',#9156,#1987);
#1485=LINE('',#9157,#1988);
#1486=LINE('',#9161,#1989);
#1487=LINE('',#9165,#1990);
#1488=LINE('',#9169,#1991);
#1489=LINE('',#9172,#1992);
#1490=LINE('',#9174,#1993);
#1491=LINE('',#9176,#1994);
#1492=LINE('',#9177,#1995);
#1493=LINE('',#9180,#1996);
#1494=LINE('',#9183,#1997);
#1495=LINE('',#9188,#1998);
#1496=LINE('',#9191,#1999);
#1497=LINE('',#9196,#2000);
#1498=LINE('',#9203,#2001);
#1499=LINE('',#9209,#2002);
#1500=LINE('',#9212,#2003);
#1501=LINE('',#9214,#2004);
#1502=LINE('',#9218,#2005);
#1503=LINE('',#9223,#2006);
#1504=LINE('',#9225,#2007);
#1505=LINE('',#9232,#2008);
#1506=LINE('',#9242,#2009);
#1507=LINE('',#9248,#2010);
#1508=LINE('',#9252,#2011);
#1509=LINE('',#9256,#2012);
#1510=LINE('',#9259,#2013);
#1511=LINE('',#9374,#2014);
#1512=LINE('',#9378,#2015);
#1513=LINE('',#9381,#2016);
#1514=LINE('',#9386,#2017);
#1515=LINE('',#9405,#2018);
#1516=LINE('',#9408,#2019);
#1517=LINE('',#9413,#2020);
#1518=LINE('',#9417,#2021);
#1519=LINE('',#9420,#2022);
#1520=LINE('',#9423,#2023);
#1521=LINE('',#9426,#2024);
#1522=LINE('',#9430,#2025);
#1523=LINE('',#9431,#2026);
#1524=LINE('',#9434,#2027);
#1525=LINE('',#9438,#2028);
#1526=LINE('',#9439,#2029);
#1527=LINE('',#9442,#2030);
#1528=LINE('',#9446,#2031);
#1529=LINE('',#9447,#2032);
#1530=LINE('',#9450,#2033);
#1531=LINE('',#9454,#2034);
#1532=LINE('',#9455,#2035);
#1533=LINE('',#9458,#2036);
#1534=LINE('',#9462,#2037);
#1535=LINE('',#9463,#2038);
#1536=LINE('',#9466,#2039);
#1537=LINE('',#9470,#2040);
#1538=LINE('',#9471,#2041);
#1539=LINE('',#9474,#2042);
#1540=LINE('',#9478,#2043);
#1541=LINE('',#9479,#2044);
#1542=LINE('',#9482,#2045);
#1543=LINE('',#9486,#2046);
#1544=LINE('',#9487,#2047);
#1545=LINE('',#9490,#2048);
#1546=LINE('',#9494,#2049);
#1547=LINE('',#9495,#2050);
#1548=LINE('',#9498,#2051);
#1549=LINE('',#9502,#2052);
#1550=LINE('',#9506,#2053);
#1551=LINE('',#9510,#2054);
#1552=LINE('',#9514,#2055);
#1553=LINE('',#9555,#2056);
#1554=LINE('',#9577,#2057);
#1555=LINE('',#9581,#2058);
#1556=LINE('',#9590,#2059);
#1557=LINE('',#9592,#2060);
#1558=LINE('',#9597,#2061);
#1559=LINE('',#9599,#2062);
#1560=LINE('',#9604,#2063);
#1561=LINE('',#9606,#2064);
#1562=LINE('',#9611,#2065);
#1563=LINE('',#9613,#2066);
#1564=LINE('',#9627,#2067);
#1565=LINE('',#9629,#2068);
#1566=LINE('',#9631,#2069);
#1567=LINE('',#9633,#2070);
#1568=LINE('',#9702,#2071);
#1569=LINE('',#9703,#2072);
#1570=LINE('',#9707,#2073);
#1571=LINE('',#9766,#2074);
#1572=LINE('',#9770,#2075);
#1573=LINE('',#9838,#2076);
#1574=LINE('',#9842,#2077);
#1575=LINE('',#9883,#2078);
#1576=LINE('',#9887,#2079);
#1577=LINE('',#9928,#2080);
#1578=LINE('',#9934,#2081);
#1579=LINE('',#9935,#2082);
#1580=LINE('',#9936,#2083);
#1581=LINE('',#9940,#2084);
#1582=LINE('',#9943,#2085);
#1583=LINE('',#9944,#2086);
#1584=LINE('',#9948,#2087);
#1585=LINE('',#9951,#2088);
#1586=LINE('',#9952,#2089);
#1587=LINE('',#9956,#2090);
#1588=LINE('',#9959,#2091);
#1589=LINE('',#9960,#2092);
#1590=LINE('',#9965,#2093);
#1591=LINE('',#9968,#2094);
#1592=LINE('',#9973,#2095);
#1593=LINE('',#9977,#2096);
#1594=LINE('',#9979,#2097);
#1595=LINE('',#9980,#2098);
#1596=LINE('',#9983,#2099);
#1597=LINE('',#9988,#2100);
#1598=LINE('',#10002,#2101);
#1599=LINE('',#10016,#2102);
#1600=LINE('',#10030,#2103);
#1601=LINE('',#10046,#2104);
#1602=LINE('',#10048,#2105);
#1603=LINE('',#10050,#2106);
#1604=LINE('',#10051,#2107);
#1605=LINE('',#10057,#2108);
#1606=LINE('',#10060,#2109);
#1607=LINE('',#10062,#2110);
#1608=LINE('',#10063,#2111);
#1609=LINE('',#10069,#2112);
#1610=LINE('',#10072,#2113);
#1611=LINE('',#10074,#2114);
#1612=LINE('',#10075,#2115);
#1613=LINE('',#10080,#2116);
#1614=LINE('',#10084,#2117);
#1615=LINE('',#10086,#2118);
#1616=LINE('',#10087,#2119);
#1617=LINE('',#10094,#2120);
#1618=LINE('',#10098,#2121);
#1619=LINE('',#10102,#2122);
#1620=LINE('',#10106,#2123);
#1621=LINE('',#10109,#2124);
#1622=LINE('',#10110,#2125);
#1623=LINE('',#10112,#2126);
#1624=LINE('',#10114,#2127);
#1625=LINE('',#10116,#2128);
#1626=LINE('',#10118,#2129);
#1627=LINE('',#10120,#2130);
#1628=LINE('',#10122,#2131);
#1629=LINE('',#10127,#2132);
#1630=LINE('',#10131,#2133);
#1631=LINE('',#10134,#2134);
#1632=LINE('',#10141,#2135);
#1633=LINE('',#10142,#2136);
#1634=LINE('',#10151,#2137);
#1635=LINE('',#10159,#2138);
#1636=LINE('',#10162,#2139);
#1637=LINE('',#10164,#2140);
#1638=LINE('',#10165,#2141);
#1639=LINE('',#10168,#2142);
#1640=LINE('',#10172,#2143);
#1641=LINE('',#10176,#2144);
#1642=LINE('',#10180,#2145);
#1643=LINE('',#10184,#2146);
#1644=LINE('',#10188,#2147);
#1645=LINE('',#10190,#2148);
#1646=LINE('',#10194,#2149);
#1647=LINE('',#10198,#2150);
#1648=LINE('',#10202,#2151);
#1649=LINE('',#10205,#2152);
#1650=LINE('',#10210,#2153);
#1651=LINE('',#10213,#2154);
#1652=LINE('',#10218,#2155);
#1653=LINE('',#10227,#2156);
#1654=LINE('',#10235,#2157);
#1655=LINE('',#10238,#2158);
#1656=LINE('',#10240,#2159);
#1657=LINE('',#10241,#2160);
#1658=LINE('',#10245,#2161);
#1659=LINE('',#10248,#2162);
#1660=LINE('',#10249,#2163);
#1661=LINE('',#10253,#2164);
#1662=LINE('',#10256,#2165);
#1663=LINE('',#10257,#2166);
#1664=LINE('',#10260,#2167);
#1665=LINE('',#10262,#2168);
#1666=LINE('',#10263,#2169);
#1667=LINE('',#10266,#2170);
#1668=LINE('',#10268,#2171);
#1669=LINE('',#10269,#2172);
#1670=LINE('',#10273,#2173);
#1671=LINE('',#10276,#2174);
#1672=LINE('',#10277,#2175);
#1673=LINE('',#10280,#2176);
#1674=LINE('',#10282,#2177);
#1675=LINE('',#10286,#2178);
#1676=LINE('',#10289,#2179);
#1677=LINE('',#10290,#2180);
#1678=LINE('',#10298,#2181);
#1679=LINE('',#10299,#2182);
#1680=LINE('',#10301,#2183);
#1681=LINE('',#10304,#2184);
#1682=LINE('',#10306,#2185);
#1683=LINE('',#10308,#2186);
#1684=LINE('',#10310,#2187);
#1685=LINE('',#10313,#2188);
#1686=LINE('',#10314,#2189);
#1687=LINE('',#10318,#2190);
#1688=LINE('',#10321,#2191);
#1689=LINE('',#10322,#2192);
#1690=LINE('',#10327,#2193);
#1691=LINE('',#10330,#2194);
#1692=LINE('',#10333,#2195);
#1693=LINE('',#10334,#2196);
#1694=LINE('',#10337,#2197);
#1695=LINE('',#10346,#2198);
#1696=LINE('',#10352,#2199);
#1697=LINE('',#10377,#2200);
#1698=LINE('',#10378,#2201);
#1699=LINE('',#10404,#2202);
#1700=LINE('',#10406,#2203);
#1701=LINE('',#10414,#2204);
#1702=LINE('',#10416,#2205);
#1703=LINE('',#10417,#2206);
#1704=LINE('',#10458,#2207);
#1705=LINE('',#10460,#2208);
#1706=LINE('',#10469,#2209);
#1707=LINE('',#10470,#2210);
#1708=LINE('',#10496,#2211);
#1709=LINE('',#10521,#2212);
#1710=LINE('',#10523,#2213);
#1711=LINE('',#10524,#2214);
#1712=LINE('',#10566,#2215);
#1713=LINE('',#10568,#2216);
#1714=LINE('',#10570,#2217);
#1715=LINE('',#10572,#2218);
#1716=LINE('',#10574,#2219);
#1717=LINE('',#10576,#2220);
#1718=LINE('',#10578,#2221);
#1719=LINE('',#10580,#2222);
#1720=LINE('',#10582,#2223);
#1721=LINE('',#10583,#2224);
#1722=LINE('',#10586,#2225);
#1723=LINE('',#10589,#2226);
#1724=VECTOR('',#6353,10.);
#1725=VECTOR('',#6354,10.);
#1726=VECTOR('',#6355,10.);
#1727=VECTOR('',#6356,10.);
#1728=VECTOR('',#6361,10.);
#1729=VECTOR('',#6368,10.);
#1730=VECTOR('',#6373,10.);
#1731=VECTOR('',#6374,10.);
#1732=VECTOR('',#6375,10.);
#1733=VECTOR('',#6380,10.);
#1734=VECTOR('',#6385,10.);
#1735=VECTOR('',#6386,10.);
#1736=VECTOR('',#6387,10.);
#1737=VECTOR('',#6392,10.);
#1738=VECTOR('',#6397,10.);
#1739=VECTOR('',#6398,10.);
#1740=VECTOR('',#6399,10.);
#1741=VECTOR('',#6404,10.);
#1742=VECTOR('',#6409,10.);
#1743=VECTOR('',#6410,10.);
#1744=VECTOR('',#6411,10.);
#1745=VECTOR('',#6416,10.);
#1746=VECTOR('',#6421,10.);
#1747=VECTOR('',#6422,10.);
#1748=VECTOR('',#6423,10.);
#1749=VECTOR('',#6428,10.);
#1750=VECTOR('',#6433,10.);
#1751=VECTOR('',#6434,10.);
#1752=VECTOR('',#6435,10.);
#1753=VECTOR('',#6440,10.);
#1754=VECTOR('',#6445,10.);
#1755=VECTOR('',#6446,10.);
#1756=VECTOR('',#6447,10.);
#1757=VECTOR('',#6452,10.);
#1758=VECTOR('',#6457,10.);
#1759=VECTOR('',#6458,10.);
#1760=VECTOR('',#6459,10.);
#1761=VECTOR('',#6472,10.);
#1762=VECTOR('',#6475,10.);
#1763=VECTOR('',#6478,10.);
#1764=VECTOR('',#6479,10.);
#1765=VECTOR('',#6480,10.);
#1766=VECTOR('',#6485,10.);
#1767=VECTOR('',#6490,10.);
#1768=VECTOR('',#6491,10.);
#1769=VECTOR('',#6492,10.);
#1770=VECTOR('',#6495,10.);
#1771=VECTOR('',#6496,10.);
#1772=VECTOR('',#6497,10.);
#1773=VECTOR('',#6502,10.);
#1774=VECTOR('',#6507,10.);
#1775=VECTOR('',#6508,10.);
#1776=VECTOR('',#6509,10.);
#1777=VECTOR('',#6514,10.);
#1778=VECTOR('',#6519,10.);
#1779=VECTOR('',#6520,10.);
#1780=VECTOR('',#6521,10.);
#1781=VECTOR('',#6524,10.);
#1782=VECTOR('',#6525,10.);
#1783=VECTOR('',#6526,10.);
#1784=VECTOR('',#6531,10.);
#1785=VECTOR('',#6536,10.);
#1786=VECTOR('',#6537,10.);
#1787=VECTOR('',#6538,10.);
#1788=VECTOR('',#6543,10.);
#1789=VECTOR('',#6548,10.);
#1790=VECTOR('',#6549,10.);
#1791=VECTOR('',#6550,10.);
#1792=VECTOR('',#6553,10.);
#1793=VECTOR('',#6554,10.);
#1794=VECTOR('',#6555,10.);
#1795=VECTOR('',#6560,10.);
#1796=VECTOR('',#6565,10.);
#1797=VECTOR('',#6566,10.);
#1798=VECTOR('',#6567,10.);
#1799=VECTOR('',#6572,10.);
#1800=VECTOR('',#6577,10.);
#1801=VECTOR('',#6578,10.);
#1802=VECTOR('',#6579,10.);
#1803=VECTOR('',#6582,10.);
#1804=VECTOR('',#6583,10.);
#1805=VECTOR('',#6588,10.);
#1806=VECTOR('',#6589,10.);
#1807=VECTOR('',#6590,10.);
#1808=VECTOR('',#6591,10.);
#1809=VECTOR('',#6596,10.);
#1810=VECTOR('',#6603,10.);
#1811=VECTOR('',#6608,10.);
#1812=VECTOR('',#6609,10.);
#1813=VECTOR('',#6610,10.);
#1814=VECTOR('',#6615,10.);
#1815=VECTOR('',#6620,10.);
#1816=VECTOR('',#6621,10.);
#1817=VECTOR('',#6622,10.);
#1818=VECTOR('',#6627,10.);
#1819=VECTOR('',#6632,10.);
#1820=VECTOR('',#6633,10.);
#1821=VECTOR('',#6634,10.);
#1822=VECTOR('',#6639,10.);
#1823=VECTOR('',#6644,10.);
#1824=VECTOR('',#6645,10.);
#1825=VECTOR('',#6646,10.);
#1826=VECTOR('',#6651,10.);
#1827=VECTOR('',#6656,10.);
#1828=VECTOR('',#6657,10.);
#1829=VECTOR('',#6658,10.);
#1830=VECTOR('',#6663,10.);
#1831=VECTOR('',#6668,10.);
#1832=VECTOR('',#6669,10.);
#1833=VECTOR('',#6670,10.);
#1834=VECTOR('',#6675,10.);
#1835=VECTOR('',#6680,10.);
#1836=VECTOR('',#6681,10.);
#1837=VECTOR('',#6682,10.);
#1838=VECTOR('',#6687,10.);
#1839=VECTOR('',#6692,10.);
#1840=VECTOR('',#6693,10.);
#1841=VECTOR('',#6694,10.);
#1842=VECTOR('',#6705,10.);
#1843=VECTOR('',#6706,10.);
#1844=VECTOR('',#6707,10.);
#1845=VECTOR('',#6708,10.);
#1846=VECTOR('',#6713,10.);
#1847=VECTOR('',#6718,10.);
#1848=VECTOR('',#6719,10.);
#1849=VECTOR('',#6720,10.);
#1850=VECTOR('',#6725,10.);
#1851=VECTOR('',#6730,10.);
#1852=VECTOR('',#6731,10.);
#1853=VECTOR('',#6732,10.);
#1854=VECTOR('',#6737,10.);
#1855=VECTOR('',#6742,10.);
#1856=VECTOR('',#6743,10.);
#1857=VECTOR('',#6744,10.);
#1858=VECTOR('',#6749,10.);
#1859=VECTOR('',#6754,10.);
#1860=VECTOR('',#6755,10.);
#1861=VECTOR('',#6756,10.);
#1862=VECTOR('',#6761,10.);
#1863=VECTOR('',#6766,10.);
#1864=VECTOR('',#6767,10.);
#1865=VECTOR('',#6768,10.);
#1866=VECTOR('',#6781,1.49999999999999);
#1867=VECTOR('',#6788,10.);
#1868=VECTOR('',#6789,10.);
#1869=VECTOR('',#6790,10.);
#1870=VECTOR('',#6791,10.);
#1871=VECTOR('',#6796,10.);
#1872=VECTOR('',#6801,10.);
#1873=VECTOR('',#6802,10.);
#1874=VECTOR('',#6803,10.);
#1875=VECTOR('',#6808,10.);
#1876=VECTOR('',#6813,10.);
#1877=VECTOR('',#6814,10.);
#1878=VECTOR('',#6815,10.);
#1879=VECTOR('',#6820,10.);
#1880=VECTOR('',#6825,10.);
#1881=VECTOR('',#6826,10.);
#1882=VECTOR('',#6827,10.);
#1883=VECTOR('',#6836,10.);
#1884=VECTOR('',#6837,10.);
#1885=VECTOR('',#6842,10.);
#1886=VECTOR('',#6847,10.);
#1887=VECTOR('',#6848,10.);
#1888=VECTOR('',#6849,10.);
#1889=VECTOR('',#6854,10.);
#1890=VECTOR('',#6857,10.);
#1891=VECTOR('',#6862,10.);
#1892=VECTOR('',#6865,10.);
#1893=VECTOR('',#6870,10.);
#1894=VECTOR('',#6873,10.);
#1895=VECTOR('',#6878,10.);
#1896=VECTOR('',#6883,10.);
#1897=VECTOR('',#6884,10.);
#1898=VECTOR('',#6885,10.);
#1899=VECTOR('',#6890,10.);
#1900=VECTOR('',#6893,10.);
#1901=VECTOR('',#6898,10.);
#1902=VECTOR('',#6901,10.);
#1903=VECTOR('',#6914,10.);
#1904=VECTOR('',#6917,10.);
#1905=VECTOR('',#6924,10.);
#1906=VECTOR('',#6927,10.);
#1907=VECTOR('',#6930,10.);
#1908=VECTOR('',#6933,10.);
#1909=VECTOR('',#6936,10.);
#1910=VECTOR('',#6943,10.);
#1911=VECTOR('',#6950,10.);
#1912=VECTOR('',#6953,10.);
#1913=VECTOR('',#6956,10.);
#1914=VECTOR('',#6959,10.);
#1915=VECTOR('',#6962,10.);
#1916=VECTOR('',#6969,10.);
#1917=VECTOR('',#6988,10.);
#1918=VECTOR('',#6991,10.);
#1919=VECTOR('',#6994,10.);
#1920=VECTOR('',#6997,10.);
#1921=VECTOR('',#7000,10.);
#1922=VECTOR('',#7003,10.);
#1923=VECTOR('',#7006,10.);
#1924=VECTOR('',#7009,10.);
#1925=VECTOR('',#7012,10.);
#1926=VECTOR('',#7023,10.);
#1927=VECTOR('',#7028,10.);
#1928=VECTOR('',#7031,10.);
#1929=VECTOR('',#7034,10.);
#1930=VECTOR('',#7039,10.);
#1931=VECTOR('',#7044,10.);
#1932=VECTOR('',#7047,10.);
#1933=VECTOR('',#7050,10.);
#1934=VECTOR('',#7053,10.);
#1935=VECTOR('',#7054,10.);
#1936=VECTOR('',#7055,10.);
#1937=VECTOR('',#7056,10.);
#1938=VECTOR('',#7057,10.);
#1939=VECTOR('',#7058,10.);
#1940=VECTOR('',#7059,10.);
#1941=VECTOR('',#7060,10.);
#1942=VECTOR('',#7065,10.);
#1943=VECTOR('',#7074,10.);
#1944=VECTOR('',#7079,10.);
#1945=VECTOR('',#7088,10.);
#1946=VECTOR('',#7093,10.);
#1947=VECTOR('',#7098,10.);
#1948=VECTOR('',#7101,10.);
#1949=VECTOR('',#7104,10.);
#1950=VECTOR('',#7105,10.);
#1951=VECTOR('',#7106,10.);
#1952=VECTOR('',#7111,10.);
#1953=VECTOR('',#7114,10.);
#1954=VECTOR('',#7117,10.);
#1955=VECTOR('',#7118,10.);
#1956=VECTOR('',#7119,10.);
#1957=VECTOR('',#7124,10.);
#1958=VECTOR('',#7129,10.);
#1959=VECTOR('',#7130,10.);
#1960=VECTOR('',#7131,10.);
#1961=VECTOR('',#7132,10.);
#1962=VECTOR('',#7133,10.);
#1963=VECTOR('',#7138,10.);
#1964=VECTOR('',#7143,10.);
#1965=VECTOR('',#7144,10.);
#1966=VECTOR('',#7145,10.);
#1967=VECTOR('',#7150,10.);
#1968=VECTOR('',#7155,10.);
#1969=VECTOR('',#7156,10.);
#1970=VECTOR('',#7157,10.);
#1971=VECTOR('',#7162,2.);
#1972=VECTOR('',#7165,2.);
#1973=VECTOR('',#7170,2.);
#1974=VECTOR('',#7179,2.);
#1975=VECTOR('',#7182,10.);
#1976=VECTOR('',#7189,10.);
#1977=VECTOR('',#7196,10.);
#1978=VECTOR('',#7201,10.);
#1979=VECTOR('',#7204,10.);
#1980=VECTOR('',#7205,10.);
#1981=VECTOR('',#7206,10.);
#1982=VECTOR('',#7207,10.);
#1983=VECTOR('',#7208,10.);
#1984=VECTOR('',#7209,10.);
#1985=VECTOR('',#7210,10.);
#1986=VECTOR('',#7211,10.);
#1987=VECTOR('',#7212,10.);
#1988=VECTOR('',#7213,2.);
#1989=VECTOR('',#7218,2.);
#1990=VECTOR('',#7223,10.);
#1991=VECTOR('',#7228,10.);
#1992=VECTOR('',#7231,10.);
#1993=VECTOR('',#7232,10.);
#1994=VECTOR('',#7233,10.);
#1995=VECTOR('',#7234,10.);
#1996=VECTOR('',#7237,10.);
#1997=VECTOR('',#7240,10.);
#1998=VECTOR('',#7245,10.);
#1999=VECTOR('',#7248,2.);
#2000=VECTOR('',#7253,2.);
#2001=VECTOR('',#7254,10.);
#2002=VECTOR('',#7255,2.);
#2003=VECTOR('',#7258,10.);
#2004=VECTOR('',#7259,2.);
#2005=VECTOR('',#7262,10.);
#2006=VECTOR('',#7269,2.);
#2007=VECTOR('',#7270,2.);
#2008=VECTOR('',#7271,10.);
#2009=VECTOR('',#7278,10.);
#2010=VECTOR('',#7283,10.);
#2011=VECTOR('',#7286,10.);
#2012=VECTOR('',#7289,10.);
#2013=VECTOR('',#7292,10.);
#2014=VECTOR('',#7311,10.);
#2015=VECTOR('',#7314,10.);
#2016=VECTOR('',#7317,10.);
#2017=VECTOR('',#7324,10.);
#2018=VECTOR('',#7347,10.);
#2019=VECTOR('',#7352,10.);
#2020=VECTOR('',#7359,1.25);
#2021=VECTOR('',#7364,1.25);
#2022=VECTOR('',#7367,10.);
#2023=VECTOR('',#7370,10.);
#2024=VECTOR('',#7373,10.);
#2025=VECTOR('',#7378,10.);
#2026=VECTOR('',#7379,10.);
#2027=VECTOR('',#7382,10.);
#2028=VECTOR('',#7387,10.);
#2029=VECTOR('',#7388,10.);
#2030=VECTOR('',#7391,10.);
#2031=VECTOR('',#7396,10.);
#2032=VECTOR('',#7397,10.);
#2033=VECTOR('',#7400,10.);
#2034=VECTOR('',#7405,10.);
#2035=VECTOR('',#7406,10.);
#2036=VECTOR('',#7409,10.);
#2037=VECTOR('',#7414,10.);
#2038=VECTOR('',#7415,10.);
#2039=VECTOR('',#7418,10.);
#2040=VECTOR('',#7423,10.);
#2041=VECTOR('',#7424,10.);
#2042=VECTOR('',#7427,10.);
#2043=VECTOR('',#7432,10.);
#2044=VECTOR('',#7433,10.);
#2045=VECTOR('',#7436,10.);
#2046=VECTOR('',#7441,10.);
#2047=VECTOR('',#7442,10.);
#2048=VECTOR('',#7445,10.);
#2049=VECTOR('',#7450,10.);
#2050=VECTOR('',#7451,10.);
#2051=VECTOR('',#7454,10.);
#2052=VECTOR('',#7459,10.);
#2053=VECTOR('',#7464,10.);
#2054=VECTOR('',#7469,10.);
#2055=VECTOR('',#7474,10.);
#2056=VECTOR('',#7477,10.);
#2057=VECTOR('',#7480,10.);
#2058=VECTOR('',#7485,10.);
#2059=VECTOR('',#7498,0.625);
#2060=VECTOR('',#7501,1.25);
#2061=VECTOR('',#7506,0.625);
#2062=VECTOR('',#7509,1.25);
#2063=VECTOR('',#7514,0.625);
#2064=VECTOR('',#7517,1.25);
#2065=VECTOR('',#7522,0.625);
#2066=VECTOR('',#7525,1.25);
#2067=VECTOR('',#7544,3.75);
#2068=VECTOR('',#7547,3.75);
#2069=VECTOR('',#7550,3.75);
#2070=VECTOR('',#7553,3.75);
#2071=VECTOR('',#7554,10.);
#2072=VECTOR('',#7555,10.);
#2073=VECTOR('',#7560,10.);
#2074=VECTOR('',#7561,10.);
#2075=VECTOR('',#7566,10.);
#2076=VECTOR('',#7567,10.);
#2077=VECTOR('',#7572,10.);
#2078=VECTOR('',#7573,10.);
#2079=VECTOR('',#7578,10.);
#2080=VECTOR('',#7579,10.);
#2081=VECTOR('',#7586,10.);
#2082=VECTOR('',#7587,10.);
#2083=VECTOR('',#7588,10.);
#2084=VECTOR('',#7593,10.);
#2085=VECTOR('',#7596,10.);
#2086=VECTOR('',#7597,10.);
#2087=VECTOR('',#7602,10.);
#2088=VECTOR('',#7605,10.);
#2089=VECTOR('',#7606,10.);
#2090=VECTOR('',#7611,10.);
#2091=VECTOR('',#7614,10.);
#2092=VECTOR('',#7615,10.);
#2093=VECTOR('',#7622,10.);
#2094=VECTOR('',#7627,10.);
#2095=VECTOR('',#7632,10.);
#2096=VECTOR('',#7637,10.);
#2097=VECTOR('',#7638,10.);
#2098=VECTOR('',#7639,10.);
#2099=VECTOR('',#7642,10.);
#2100=VECTOR('',#7647,10.);
#2101=VECTOR('',#7648,10.);
#2102=VECTOR('',#7649,10.);
#2103=VECTOR('',#7650,10.);
#2104=VECTOR('',#7655,10.);
#2105=VECTOR('',#7656,10.);
#2106=VECTOR('',#7657,10.);
#2107=VECTOR('',#7658,10.);
#2108=VECTOR('',#7665,10.);
#2109=VECTOR('',#7668,10.);
#2110=VECTOR('',#7669,10.);
#2111=VECTOR('',#7670,10.);
#2112=VECTOR('',#7677,10.);
#2113=VECTOR('',#7680,10.);
#2114=VECTOR('',#7681,10.);
#2115=VECTOR('',#7682,10.);
#2116=VECTOR('',#7687,10.);
#2117=VECTOR('',#7692,10.);
#2118=VECTOR('',#7693,10.);
#2119=VECTOR('',#7694,10.);
#2120=VECTOR('',#7703,10.);
#2121=VECTOR('',#7706,10.);
#2122=VECTOR('',#7709,10.);
#2123=VECTOR('',#7712,10.);
#2124=VECTOR('',#7717,10.);
#2125=VECTOR('',#7718,10.);
#2126=VECTOR('',#7721,10.);
#2127=VECTOR('',#7724,10.);
#2128=VECTOR('',#7727,10.);
#2129=VECTOR('',#7730,10.);
#2130=VECTOR('',#7733,10.);
#2131=VECTOR('',#7736,10.);
#2132=VECTOR('',#7743,1.25);
#2133=VECTOR('',#7748,1.25);
#2134=VECTOR('',#7753,10.);
#2135=VECTOR('',#7764,10.);
#2136=VECTOR('',#7765,10.);
#2137=VECTOR('',#7776,10.);
#2138=VECTOR('',#7779,10.);
#2139=VECTOR('',#7782,10.);
#2140=VECTOR('',#7783,10.);
#2141=VECTOR('',#7784,10.);
#2142=VECTOR('',#7787,10.);
#2143=VECTOR('',#7790,10.);
#2144=VECTOR('',#7793,10.);
#2145=VECTOR('',#7796,10.);
#2146=VECTOR('',#7799,10.);
#2147=VECTOR('',#7802,10.);
#2148=VECTOR('',#7803,10.);
#2149=VECTOR('',#7806,10.);
#2150=VECTOR('',#7809,10.);
#2151=VECTOR('',#7812,10.);
#2152=VECTOR('',#7815,10.);
#2153=VECTOR('',#7820,10.);
#2154=VECTOR('',#7823,10.);
#2155=VECTOR('',#7828,10.);
#2156=VECTOR('',#7831,10.);
#2157=VECTOR('',#7832,10.);
#2158=VECTOR('',#7835,10.);
#2159=VECTOR('',#7836,10.);
#2160=VECTOR('',#7837,10.);
#2161=VECTOR('',#7842,10.);
#2162=VECTOR('',#7845,10.);
#2163=VECTOR('',#7846,10.);
#2164=VECTOR('',#7851,10.);
#2165=VECTOR('',#7854,10.);
#2166=VECTOR('',#7855,10.);
#2167=VECTOR('',#7858,10.);
#2168=VECTOR('',#7859,10.);
#2169=VECTOR('',#7860,10.);
#2170=VECTOR('',#7863,10.);
#2171=VECTOR('',#7864,10.);
#2172=VECTOR('',#7865,10.);
#2173=VECTOR('',#7870,10.);
#2174=VECTOR('',#7873,10.);
#2175=VECTOR('',#7874,10.);
#2176=VECTOR('',#7879,10.);
#2177=VECTOR('',#7882,10.);
#2178=VECTOR('',#7887,10.);
#2179=VECTOR('',#7890,10.);
#2180=VECTOR('',#7891,10.);
#2181=VECTOR('',#7906,10.);
#2182=VECTOR('',#7907,10.);
#2183=VECTOR('',#7910,10.);
#2184=VECTOR('',#7915,10.);
#2185=VECTOR('',#7918,10.);
#2186=VECTOR('',#7921,10.);
#2187=VECTOR('',#7924,10.);
#2188=VECTOR('',#7927,10.);
#2189=VECTOR('',#7928,10.);
#2190=VECTOR('',#7933,10.);
#2191=VECTOR('',#7936,10.);
#2192=VECTOR('',#7937,10.);
#2193=VECTOR('',#7944,10.);
#2194=VECTOR('',#7947,10.);
#2195=VECTOR('',#7950,10.);
#2196=VECTOR('',#7951,10.);
#2197=VECTOR('',#7954,10.);
#2198=VECTOR('',#7959,10.);
#2199=VECTOR('',#7960,10.);
#2200=VECTOR('',#7961,10.);
#2201=VECTOR('',#7962,10.);
#2202=VECTOR('',#7963,10.);
#2203=VECTOR('',#7964,10.);
#2204=VECTOR('',#7967,10.);
#2205=VECTOR('',#7970,10.);
#2206=VECTOR('',#7971,10.);
#2207=VECTOR('',#7972,10.);
#2208=VECTOR('',#7973,10.);
#2209=VECTOR('',#7976,10.);
#2210=VECTOR('',#7977,10.);
#2211=VECTOR('',#7978,10.);
#2212=VECTOR('',#7981,10.);
#2213=VECTOR('',#7982,10.);
#2214=VECTOR('',#7983,10.);
#2215=VECTOR('',#7986,10.);
#2216=VECTOR('',#7989,10.);
#2217=VECTOR('',#7992,10.);
#2218=VECTOR('',#7995,10.);
#2219=VECTOR('',#7998,10.);
#2220=VECTOR('',#8001,10.);
#2221=VECTOR('',#8004,10.);
#2222=VECTOR('',#8007,10.);
#2223=VECTOR('',#8010,10.);
#2224=VECTOR('',#8011,10.);
#2225=VECTOR('',#8016,10.);
#2226=VECTOR('',#8021,10.);
#2227=VERTEX_POINT('',#8026);
#2228=VERTEX_POINT('',#8027);
#2229=VERTEX_POINT('',#8029);
#2230=VERTEX_POINT('',#8031);
#2231=VERTEX_POINT('',#8035);
#2232=VERTEX_POINT('',#8037);
#2233=VERTEX_POINT('',#8041);
#2234=VERTEX_POINT('',#8043);
#2235=VERTEX_POINT('',#8047);
#2236=VERTEX_POINT('',#8049);
#2237=VERTEX_POINT('',#8053);
#2238=VERTEX_POINT('',#8055);
#2239=VERTEX_POINT('',#8059);
#2240=VERTEX_POINT('',#8061);
#2241=VERTEX_POINT('',#8065);
#2242=VERTEX_POINT('',#8067);
#2243=VERTEX_POINT('',#8071);
#2244=VERTEX_POINT('',#8073);
#2245=VERTEX_POINT('',#8077);
#2246=VERTEX_POINT('',#8079);
#2247=VERTEX_POINT('',#8083);
#2248=VERTEX_POINT('',#8085);
#2249=VERTEX_POINT('',#8089);
#2250=VERTEX_POINT('',#8091);
#2251=VERTEX_POINT('',#8095);
#2252=VERTEX_POINT('',#8097);
#2253=VERTEX_POINT('',#8101);
#2254=VERTEX_POINT('',#8103);
#2255=VERTEX_POINT('',#8107);
#2256=VERTEX_POINT('',#8109);
#2257=VERTEX_POINT('',#8113);
#2258=VERTEX_POINT('',#8115);
#2259=VERTEX_POINT('',#8119);
#2260=VERTEX_POINT('',#8121);
#2261=VERTEX_POINT('',#8125);
#2262=VERTEX_POINT('',#8127);
#2263=VERTEX_POINT('',#8131);
#2264=VERTEX_POINT('',#8133);
#2265=VERTEX_POINT('',#8141);
#2266=VERTEX_POINT('',#8142);
#2267=VERTEX_POINT('',#8144);
#2268=VERTEX_POINT('',#8146);
#2269=VERTEX_POINT('',#8150);
#2270=VERTEX_POINT('',#8152);
#2271=VERTEX_POINT('',#8156);
#2272=VERTEX_POINT('',#8158);
#2273=VERTEX_POINT('',#8162);
#2274=VERTEX_POINT('',#8164);
#2275=VERTEX_POINT('',#8168);
#2276=VERTEX_POINT('',#8170);
#2277=VERTEX_POINT('',#8174);
#2278=VERTEX_POINT('',#8176);
#2279=VERTEX_POINT('',#8180);
#2280=VERTEX_POINT('',#8182);
#2281=VERTEX_POINT('',#8186);
#2282=VERTEX_POINT('',#8188);
#2283=VERTEX_POINT('',#8192);
#2284=VERTEX_POINT('',#8194);
#2285=VERTEX_POINT('',#8198);
#2286=VERTEX_POINT('',#8200);
#2287=VERTEX_POINT('',#8204);
#2288=VERTEX_POINT('',#8206);
#2289=VERTEX_POINT('',#8210);
#2290=VERTEX_POINT('',#8212);
#2291=VERTEX_POINT('',#8216);
#2292=VERTEX_POINT('',#8218);
#2293=VERTEX_POINT('',#8222);
#2294=VERTEX_POINT('',#8224);
#2295=VERTEX_POINT('',#8228);
#2296=VERTEX_POINT('',#8230);
#2297=VERTEX_POINT('',#8234);
#2298=VERTEX_POINT('',#8236);
#2299=VERTEX_POINT('',#8240);
#2300=VERTEX_POINT('',#8242);
#2301=VERTEX_POINT('',#8246);
#2302=VERTEX_POINT('',#8248);
#2303=VERTEX_POINT('',#8252);
#2304=VERTEX_POINT('',#8254);
#2305=VERTEX_POINT('',#8262);
#2306=VERTEX_POINT('',#8263);
#2307=VERTEX_POINT('',#8265);
#2308=VERTEX_POINT('',#8267);
#2309=VERTEX_POINT('',#8271);
#2310=VERTEX_POINT('',#8273);
#2311=VERTEX_POINT('',#8277);
#2312=VERTEX_POINT('',#8279);
#2313=VERTEX_POINT('',#8283);
#2314=VERTEX_POINT('',#8285);
#2315=VERTEX_POINT('',#8289);
#2316=VERTEX_POINT('',#8291);
#2317=VERTEX_POINT('',#8295);
#2318=VERTEX_POINT('',#8297);
#2319=VERTEX_POINT('',#8301);
#2320=VERTEX_POINT('',#8303);
#2321=VERTEX_POINT('',#8307);
#2322=VERTEX_POINT('',#8309);
#2323=VERTEX_POINT('',#8313);
#2324=VERTEX_POINT('',#8315);
#2325=VERTEX_POINT('',#8319);
#2326=VERTEX_POINT('',#8321);
#2327=VERTEX_POINT('',#8325);
#2328=VERTEX_POINT('',#8327);
#2329=VERTEX_POINT('',#8331);
#2330=VERTEX_POINT('',#8333);
#2331=VERTEX_POINT('',#8337);
#2332=VERTEX_POINT('',#8339);
#2333=VERTEX_POINT('',#8343);
#2334=VERTEX_POINT('',#8345);
#2335=VERTEX_POINT('',#8349);
#2336=VERTEX_POINT('',#8351);
#2337=VERTEX_POINT('',#8355);
#2338=VERTEX_POINT('',#8357);
#2339=VERTEX_POINT('',#8361);
#2340=VERTEX_POINT('',#8363);
#2341=VERTEX_POINT('',#8367);
#2342=VERTEX_POINT('',#8369);
#2343=VERTEX_POINT('',#8377);
#2344=VERTEX_POINT('',#8378);
#2345=VERTEX_POINT('',#8380);
#2346=VERTEX_POINT('',#8382);
#2347=VERTEX_POINT('',#8386);
#2348=VERTEX_POINT('',#8388);
#2349=VERTEX_POINT('',#8392);
#2350=VERTEX_POINT('',#8394);
#2351=VERTEX_POINT('',#8398);
#2352=VERTEX_POINT('',#8400);
#2353=VERTEX_POINT('',#8404);
#2354=VERTEX_POINT('',#8406);
#2355=VERTEX_POINT('',#8410);
#2356=VERTEX_POINT('',#8412);
#2357=VERTEX_POINT('',#8416);
#2358=VERTEX_POINT('',#8418);
#2359=VERTEX_POINT('',#8422);
#2360=VERTEX_POINT('',#8424);
#2361=VERTEX_POINT('',#8428);
#2362=VERTEX_POINT('',#8430);
#2363=VERTEX_POINT('',#8434);
#2364=VERTEX_POINT('',#8436);
#2365=VERTEX_POINT('',#8440);
#2366=VERTEX_POINT('',#8442);
#2367=VERTEX_POINT('',#8450);
#2368=VERTEX_POINT('',#8452);
#2369=VERTEX_POINT('',#8457);
#2370=VERTEX_POINT('',#8458);
#2371=VERTEX_POINT('',#8460);
#2372=VERTEX_POINT('',#8462);
#2373=VERTEX_POINT('',#8466);
#2374=VERTEX_POINT('',#8468);
#2375=VERTEX_POINT('',#8472);
#2376=VERTEX_POINT('',#8474);
#2377=VERTEX_POINT('',#8478);
#2378=VERTEX_POINT('',#8480);
#2379=VERTEX_POINT('',#8484);
#2380=VERTEX_POINT('',#8486);
#2381=VERTEX_POINT('',#8490);
#2382=VERTEX_POINT('',#8492);
#2383=VERTEX_POINT('',#8496);
#2384=VERTEX_POINT('',#8498);
#2385=VERTEX_POINT('',#8519);
#2386=VERTEX_POINT('',#8520);
#2387=VERTEX_POINT('',#8528);
#2388=VERTEX_POINT('',#8530);
#2389=VERTEX_POINT('',#8540);
#2390=VERTEX_POINT('',#8542);
#2391=VERTEX_POINT('',#8546);
#2392=VERTEX_POINT('',#8548);
#2393=VERTEX_POINT('',#8552);
#2394=VERTEX_POINT('',#8554);
#2395=VERTEX_POINT('',#8577);
#2396=VERTEX_POINT('',#8588);
#2397=VERTEX_POINT('',#8601);
#2398=VERTEX_POINT('',#8603);
#2399=VERTEX_POINT('',#8626);
#2400=VERTEX_POINT('',#8637);
#2401=VERTEX_POINT('',#8650);
#2402=VERTEX_POINT('',#8652);
#2403=VERTEX_POINT('',#8675);
#2404=VERTEX_POINT('',#8686);
#2405=VERTEX_POINT('',#8699);
#2406=VERTEX_POINT('',#8701);
#2407=VERTEX_POINT('',#8705);
#2408=VERTEX_POINT('',#8707);
#2409=VERTEX_POINT('',#8711);
#2410=VERTEX_POINT('',#8713);
#2411=VERTEX_POINT('',#8736);
#2412=VERTEX_POINT('',#8747);
#2413=VERTEX_POINT('',#8760);
#2414=VERTEX_POINT('',#8762);
#2415=VERTEX_POINT('',#8785);
#2416=VERTEX_POINT('',#8796);
#2417=VERTEX_POINT('',#8813);
#2418=VERTEX_POINT('',#8814);
#2419=VERTEX_POINT('',#8816);
#2420=VERTEX_POINT('',#8818);
#2421=VERTEX_POINT('',#8822);
#2422=VERTEX_POINT('',#8824);
#2423=VERTEX_POINT('',#8826);
#2424=VERTEX_POINT('',#8828);
#2425=VERTEX_POINT('',#8830);
#2426=VERTEX_POINT('',#8832);
#2427=VERTEX_POINT('',#8834);
#2428=VERTEX_POINT('',#8836);
#2429=VERTEX_POINT('',#8838);
#2430=VERTEX_POINT('',#8840);
#2431=VERTEX_POINT('',#8842);
#2432=VERTEX_POINT('',#8844);
#2433=VERTEX_POINT('',#8846);
#2434=VERTEX_POINT('',#8848);
#2435=VERTEX_POINT('',#8850);
#2436=VERTEX_POINT('',#8852);
#2437=VERTEX_POINT('',#8854);
#2438=VERTEX_POINT('',#8856);
#2439=VERTEX_POINT('',#8858);
#2440=VERTEX_POINT('',#8860);
#2441=VERTEX_POINT('',#8862);
#2442=VERTEX_POINT('',#8864);
#2443=VERTEX_POINT('',#8866);
#2444=VERTEX_POINT('',#8868);
#2445=VERTEX_POINT('',#8870);
#2446=VERTEX_POINT('',#8872);
#2447=VERTEX_POINT('',#8874);
#2448=VERTEX_POINT('',#8876);
#2449=VERTEX_POINT('',#8878);
#2450=VERTEX_POINT('',#8880);
#2451=VERTEX_POINT('',#8883);
#2452=VERTEX_POINT('',#8884);
#2453=VERTEX_POINT('',#8886);
#2454=VERTEX_POINT('',#8888);
#2455=VERTEX_POINT('',#8890);
#2456=VERTEX_POINT('',#8892);
#2457=VERTEX_POINT('',#8912);
#2458=VERTEX_POINT('',#8914);
#2459=VERTEX_POINT('',#8916);
#2460=VERTEX_POINT('',#8918);
#2461=VERTEX_POINT('',#8920);
#2462=VERTEX_POINT('',#8922);
#2463=VERTEX_POINT('',#8924);
#2464=VERTEX_POINT('',#8926);
#2465=VERTEX_POINT('',#8928);
#2466=VERTEX_POINT('',#8930);
#2467=VERTEX_POINT('',#8932);
#2468=VERTEX_POINT('',#8934);
#2469=VERTEX_POINT('',#8936);
#2470=VERTEX_POINT('',#8938);
#2471=VERTEX_POINT('',#8940);
#2472=VERTEX_POINT('',#8942);
#2473=VERTEX_POINT('',#8944);
#2474=VERTEX_POINT('',#8946);
#2475=VERTEX_POINT('',#8948);
#2476=VERTEX_POINT('',#8950);
#2477=VERTEX_POINT('',#8952);
#2478=VERTEX_POINT('',#8954);
#2479=VERTEX_POINT('',#8957);
#2480=VERTEX_POINT('',#8959);
#2481=VERTEX_POINT('',#8962);
#2482=VERTEX_POINT('',#8966);
#2483=VERTEX_POINT('',#8970);
#2484=VERTEX_POINT('',#8972);
#2485=VERTEX_POINT('',#8976);
#2486=VERTEX_POINT('',#8980);
#2487=VERTEX_POINT('',#8984);
#2488=VERTEX_POINT('',#8986);
#2489=VERTEX_POINT('',#8990);
#2490=VERTEX_POINT('',#8993);
#2491=VERTEX_POINT('',#8995);
#2492=VERTEX_POINT('',#8998);
#2493=VERTEX_POINT('',#9000);
#2494=VERTEX_POINT('',#9004);
#2495=VERTEX_POINT('',#9010);
#2496=VERTEX_POINT('',#9014);
#2497=VERTEX_POINT('',#9026);
#2498=VERTEX_POINT('',#9027);
#2499=VERTEX_POINT('',#9029);
#2500=VERTEX_POINT('',#9031);
#2501=VERTEX_POINT('',#9035);
#2502=VERTEX_POINT('',#9037);
#2503=VERTEX_POINT('',#9041);
#2504=VERTEX_POINT('',#9042);
#2505=VERTEX_POINT('',#9044);
#2506=VERTEX_POINT('',#9046);
#2507=VERTEX_POINT('',#9050);
#2508=VERTEX_POINT('',#9052);
#2509=VERTEX_POINT('',#9056);
#2510=VERTEX_POINT('',#9058);
#2511=VERTEX_POINT('',#9062);
#2512=VERTEX_POINT('',#9064);
#2513=VERTEX_POINT('',#9066);
#2514=VERTEX_POINT('',#9068);
#2515=VERTEX_POINT('',#9072);
#2516=VERTEX_POINT('',#9074);
#2517=VERTEX_POINT('',#9078);
#2518=VERTEX_POINT('',#9080);
#2519=VERTEX_POINT('',#9084);
#2520=VERTEX_POINT('',#9086);
#2521=VERTEX_POINT('',#9094);
#2522=VERTEX_POINT('',#9095);
#2523=VERTEX_POINT('',#9097);
#2524=VERTEX_POINT('',#9099);
#2525=VERTEX_POINT('',#9103);
#2526=VERTEX_POINT('',#9105);
#2527=VERTEX_POINT('',#9109);
#2528=VERTEX_POINT('',#9111);
#2529=VERTEX_POINT('',#9115);
#2530=VERTEX_POINT('',#9117);
#2531=VERTEX_POINT('',#9119);
#2532=VERTEX_POINT('',#9121);
#2533=VERTEX_POINT('',#9123);
#2534=VERTEX_POINT('',#9125);
#2535=VERTEX_POINT('',#9127);
#2536=VERTEX_POINT('',#9129);
#2537=VERTEX_POINT('',#9131);
#2538=VERTEX_POINT('',#9133);
#2539=VERTEX_POINT('',#9135);
#2540=VERTEX_POINT('',#9139);
#2541=VERTEX_POINT('',#9141);
#2542=VERTEX_POINT('',#9143);
#2543=VERTEX_POINT('',#9145);
#2544=VERTEX_POINT('',#9147);
#2545=VERTEX_POINT('',#9149);
#2546=VERTEX_POINT('',#9151);
#2547=VERTEX_POINT('',#9153);
#2548=VERTEX_POINT('',#9155);
#2549=VERTEX_POINT('',#9159);
#2550=VERTEX_POINT('',#9163);
#2551=VERTEX_POINT('',#9167);
#2552=VERTEX_POINT('',#9171);
#2553=VERTEX_POINT('',#9173);
#2554=VERTEX_POINT('',#9175);
#2555=VERTEX_POINT('',#9179);
#2556=VERTEX_POINT('',#9181);
#2557=VERTEX_POINT('',#9185);
#2558=VERTEX_POINT('',#9187);
#2559=VERTEX_POINT('',#9189);
#2560=VERTEX_POINT('',#9193);
#2561=VERTEX_POINT('',#9195);
#2562=VERTEX_POINT('',#9197);
#2563=VERTEX_POINT('',#9202);
#2564=VERTEX_POINT('',#9204);
#2565=VERTEX_POINT('',#9211);
#2566=VERTEX_POINT('',#9213);
#2567=VERTEX_POINT('',#9215);
#2568=VERTEX_POINT('',#9217);
#2569=VERTEX_POINT('',#9221);
#2570=VERTEX_POINT('',#9224);
#2571=VERTEX_POINT('',#9226);
#2572=VERTEX_POINT('',#9231);
#2573=VERTEX_POINT('',#9238);
#2574=VERTEX_POINT('',#9240);
#2575=VERTEX_POINT('',#9244);
#2576=VERTEX_POINT('',#9245);
#2577=VERTEX_POINT('',#9247);
#2578=VERTEX_POINT('',#9249);
#2579=VERTEX_POINT('',#9251);
#2580=VERTEX_POINT('',#9253);
#2581=VERTEX_POINT('',#9255);
#2582=VERTEX_POINT('',#9257);
#2583=VERTEX_POINT('',#9260);
#2584=VERTEX_POINT('',#9262);
#2585=VERTEX_POINT('',#9264);
#2586=VERTEX_POINT('',#9266);
#2587=VERTEX_POINT('',#9268);
#2588=VERTEX_POINT('',#9269);
#2589=VERTEX_POINT('',#9271);
#2590=VERTEX_POINT('',#9294);
#2591=VERTEX_POINT('',#9296);
#2592=VERTEX_POINT('',#9316);
#2593=VERTEX_POINT('',#9318);
#2594=VERTEX_POINT('',#9341);
#2595=VERTEX_POINT('',#9343);
#2596=VERTEX_POINT('',#9357);
#2597=VERTEX_POINT('',#9372);
#2598=VERTEX_POINT('',#9373);
#2599=VERTEX_POINT('',#9375);
#2600=VERTEX_POINT('',#9377);
#2601=VERTEX_POINT('',#9380);
#2602=VERTEX_POINT('',#9385);
#2603=VERTEX_POINT('',#9389);
#2604=VERTEX_POINT('',#9391);
#2605=VERTEX_POINT('',#9393);
#2606=VERTEX_POINT('',#9395);
#2607=VERTEX_POINT('',#9397);
#2608=VERTEX_POINT('',#9399);
#2609=VERTEX_POINT('',#9404);
#2610=VERTEX_POINT('',#9411);
#2611=VERTEX_POINT('',#9415);
#2612=VERTEX_POINT('',#9419);
#2613=VERTEX_POINT('',#9421);
#2614=VERTEX_POINT('',#9425);
#2615=VERTEX_POINT('',#9429);
#2616=VERTEX_POINT('',#9433);
#2617=VERTEX_POINT('',#9437);
#2618=VERTEX_POINT('',#9441);
#2619=VERTEX_POINT('',#9445);
#2620=VERTEX_POINT('',#9449);
#2621=VERTEX_POINT('',#9453);
#2622=VERTEX_POINT('',#9457);
#2623=VERTEX_POINT('',#9461);
#2624=VERTEX_POINT('',#9465);
#2625=VERTEX_POINT('',#9469);
#2626=VERTEX_POINT('',#9473);
#2627=VERTEX_POINT('',#9477);
#2628=VERTEX_POINT('',#9481);
#2629=VERTEX_POINT('',#9485);
#2630=VERTEX_POINT('',#9489);
#2631=VERTEX_POINT('',#9493);
#2632=VERTEX_POINT('',#9497);
#2633=VERTEX_POINT('',#9501);
#2634=VERTEX_POINT('',#9505);
#2635=VERTEX_POINT('',#9509);
#2636=VERTEX_POINT('',#9513);
#2637=VERTEX_POINT('',#9554);
#2638=VERTEX_POINT('',#9576);
#2639=VERTEX_POINT('',#9580);
#2640=VERTEX_POINT('',#9587);
#2641=VERTEX_POINT('',#9589);
#2642=VERTEX_POINT('',#9594);
#2643=VERTEX_POINT('',#9596);
#2644=VERTEX_POINT('',#9601);
#2645=VERTEX_POINT('',#9603);
#2646=VERTEX_POINT('',#9608);
#2647=VERTEX_POINT('',#9610);
#2648=VERTEX_POINT('',#9615);
#2649=VERTEX_POINT('',#9618);
#2650=VERTEX_POINT('',#9621);
#2651=VERTEX_POINT('',#9624);
#2652=VERTEX_POINT('',#9678);
#2653=VERTEX_POINT('',#9679);
#2654=VERTEX_POINT('',#9705);
#2655=VERTEX_POINT('',#9746);
#2656=VERTEX_POINT('',#9768);
#2657=VERTEX_POINT('',#9815);
#2658=VERTEX_POINT('',#9840);
#2659=VERTEX_POINT('',#9869);
#2660=VERTEX_POINT('',#9885);
#2661=VERTEX_POINT('',#9914);
#2662=VERTEX_POINT('',#9932);
#2663=VERTEX_POINT('',#9933);
#2664=VERTEX_POINT('',#9938);
#2665=VERTEX_POINT('',#9942);
#2666=VERTEX_POINT('',#9946);
#2667=VERTEX_POINT('',#9950);
#2668=VERTEX_POINT('',#9954);
#2669=VERTEX_POINT('',#9958);
#2670=VERTEX_POINT('',#9964);
#2671=VERTEX_POINT('',#9970);
#2672=VERTEX_POINT('',#9972);
#2673=VERTEX_POINT('',#9976);
#2674=VERTEX_POINT('',#9978);
#2675=VERTEX_POINT('',#9982);
#2676=VERTEX_POINT('',#9986);
#2677=VERTEX_POINT('',#9987);
#2678=VERTEX_POINT('',#9989);
#2679=VERTEX_POINT('',#9994);
#2680=VERTEX_POINT('',#10001);
#2681=VERTEX_POINT('',#10003);
#2682=VERTEX_POINT('',#10010);
#2683=VERTEX_POINT('',#10015);
#2684=VERTEX_POINT('',#10017);
#2685=VERTEX_POINT('',#10022);
#2686=VERTEX_POINT('',#10029);
#2687=VERTEX_POINT('',#10031);
#2688=VERTEX_POINT('',#10044);
#2689=VERTEX_POINT('',#10045);
#2690=VERTEX_POINT('',#10047);
#2691=VERTEX_POINT('',#10049);
#2692=VERTEX_POINT('',#10053);
#2693=VERTEX_POINT('',#10055);
#2694=VERTEX_POINT('',#10059);
#2695=VERTEX_POINT('',#10061);
#2696=VERTEX_POINT('',#10065);
#2697=VERTEX_POINT('',#10067);
#2698=VERTEX_POINT('',#10071);
#2699=VERTEX_POINT('',#10073);
#2700=VERTEX_POINT('',#10077);
#2701=VERTEX_POINT('',#10079);
#2702=VERTEX_POINT('',#10083);
#2703=VERTEX_POINT('',#10085);
#2704=VERTEX_POINT('',#10092);
#2705=VERTEX_POINT('',#10093);
#2706=VERTEX_POINT('',#10095);
#2707=VERTEX_POINT('',#10097);
#2708=VERTEX_POINT('',#10099);
#2709=VERTEX_POINT('',#10101);
#2710=VERTEX_POINT('',#10103);
#2711=VERTEX_POINT('',#10105);
#2712=VERTEX_POINT('',#10125);
#2713=VERTEX_POINT('',#10129);
#2714=VERTEX_POINT('',#10140);
#2715=VERTEX_POINT('',#10147);
#2716=VERTEX_POINT('',#10148);
#2717=VERTEX_POINT('',#10150);
#2718=VERTEX_POINT('',#10152);
#2719=VERTEX_POINT('',#10154);
#2720=VERTEX_POINT('',#10161);
#2721=VERTEX_POINT('',#10163);
#2722=VERTEX_POINT('',#10167);
#2723=VERTEX_POINT('',#10169);
#2724=VERTEX_POINT('',#10171);
#2725=VERTEX_POINT('',#10173);
#2726=VERTEX_POINT('',#10175);
#2727=VERTEX_POINT('',#10178);
#2728=VERTEX_POINT('',#10179);
#2729=VERTEX_POINT('',#10181);
#2730=VERTEX_POINT('',#10183);
#2731=VERTEX_POINT('',#10185);
#2732=VERTEX_POINT('',#10187);
#2733=VERTEX_POINT('',#10189);
#2734=VERTEX_POINT('',#10191);
#2735=VERTEX_POINT('',#10193);
#2736=VERTEX_POINT('',#10195);
#2737=VERTEX_POINT('',#10197);
#2738=VERTEX_POINT('',#10199);
#2739=VERTEX_POINT('',#10201);
#2740=VERTEX_POINT('',#10203);
#2741=VERTEX_POINT('',#10207);
#2742=VERTEX_POINT('',#10209);
#2743=VERTEX_POINT('',#10211);
#2744=VERTEX_POINT('',#10215);
#2745=VERTEX_POINT('',#10216);
#2746=VERTEX_POINT('',#10226);
#2747=VERTEX_POINT('',#10228);
#2748=VERTEX_POINT('',#10237);
#2749=VERTEX_POINT('',#10239);
#2750=VERTEX_POINT('',#10243);
#2751=VERTEX_POINT('',#10247);
#2752=VERTEX_POINT('',#10251);
#2753=VERTEX_POINT('',#10255);
#2754=VERTEX_POINT('',#10259);
#2755=VERTEX_POINT('',#10261);
#2756=VERTEX_POINT('',#10265);
#2757=VERTEX_POINT('',#10267);
#2758=VERTEX_POINT('',#10271);
#2759=VERTEX_POINT('',#10275);
#2760=VERTEX_POINT('',#10284);
#2761=VERTEX_POINT('',#10288);
#2762=VERTEX_POINT('',#10312);
#2763=VERTEX_POINT('',#10316);
#2764=VERTEX_POINT('',#10320);
#2765=VERTEX_POINT('',#10326);
#2766=VERTEX_POINT('',#10328);
#2767=VERTEX_POINT('',#10332);
#2768=VERTEX_POINT('',#10336);
#2769=VERTEX_POINT('',#10340);
#2770=VERTEX_POINT('',#10345);
#2771=VERTEX_POINT('',#10347);
#2772=VERTEX_POINT('',#10403);
#2773=VERTEX_POINT('',#10405);
#2774=VERTEX_POINT('',#10459);
#2775=VERTEX_POINT('',#10468);
#2776=VERTEX_POINT('',#10495);
#2777=VERTEX_POINT('',#10520);
#2778=VERTEX_POINT('',#10522);
#2779=EDGE_CURVE('',#2227,#2228,#1221,.T.);
#2780=EDGE_CURVE('',#2227,#2229,#1222,.T.);
#2781=EDGE_CURVE('',#2229,#2230,#1223,.T.);
#2782=EDGE_CURVE('',#2228,#2230,#1224,.T.);
#2783=EDGE_CURVE('',#2231,#2227,#155,.T.);
#2784=EDGE_CURVE('',#2231,#2232,#1225,.T.);
#2785=EDGE_CURVE('',#2232,#2229,#156,.T.);
#2786=EDGE_CURVE('',#2233,#2231,#157,.T.);
#2787=EDGE_CURVE('',#2233,#2234,#1226,.T.);
#2788=EDGE_CURVE('',#2234,#2232,#158,.T.);
#2789=EDGE_CURVE('',#2235,#2233,#1227,.T.);
#2790=EDGE_CURVE('',#2235,#2236,#1228,.T.);
#2791=EDGE_CURVE('',#2236,#2234,#1229,.T.);
#2792=EDGE_CURVE('',#2237,#2235,#159,.T.);
#2793=EDGE_CURVE('',#2237,#2238,#1230,.T.);
#2794=EDGE_CURVE('',#2238,#2236,#160,.T.);
#2795=EDGE_CURVE('',#2239,#2237,#1231,.T.);
#2796=EDGE_CURVE('',#2239,#2240,#1232,.T.);
#2797=EDGE_CURVE('',#2240,#2238,#1233,.T.);
#2798=EDGE_CURVE('',#2241,#2239,#161,.T.);
#2799=EDGE_CURVE('',#2241,#2242,#1234,.T.);
#2800=EDGE_CURVE('',#2242,#2240,#162,.T.);
#2801=EDGE_CURVE('',#2243,#2241,#1235,.T.);
#2802=EDGE_CURVE('',#2243,#2244,#1236,.T.);
#2803=EDGE_CURVE('',#2244,#2242,#1237,.T.);
#2804=EDGE_CURVE('',#2245,#2243,#163,.T.);
#2805=EDGE_CURVE('',#2245,#2246,#1238,.T.);
#2806=EDGE_CURVE('',#2246,#2244,#164,.T.);
#2807=EDGE_CURVE('',#2247,#2245,#1239,.T.);
#2808=EDGE_CURVE('',#2247,#2248,#1240,.T.);
#2809=EDGE_CURVE('',#2248,#2246,#1241,.T.);
#2810=EDGE_CURVE('',#2249,#2247,#165,.T.);
#2811=EDGE_CURVE('',#2249,#2250,#1242,.T.);
#2812=EDGE_CURVE('',#2250,#2248,#166,.T.);
#2813=EDGE_CURVE('',#2251,#2249,#1243,.T.);
#2814=EDGE_CURVE('',#2251,#2252,#1244,.T.);
#2815=EDGE_CURVE('',#2252,#2250,#1245,.T.);
#2816=EDGE_CURVE('',#2253,#2251,#167,.T.);
#2817=EDGE_CURVE('',#2253,#2254,#1246,.T.);
#2818=EDGE_CURVE('',#2254,#2252,#168,.T.);
#2819=EDGE_CURVE('',#2255,#2253,#1247,.T.);
#2820=EDGE_CURVE('',#2255,#2256,#1248,.T.);
#2821=EDGE_CURVE('',#2256,#2254,#1249,.T.);
#2822=EDGE_CURVE('',#2257,#2255,#169,.T.);
#2823=EDGE_CURVE('',#2257,#2258,#1250,.T.);
#2824=EDGE_CURVE('',#2258,#2256,#170,.T.);
#2825=EDGE_CURVE('',#2259,#2257,#1251,.T.);
#2826=EDGE_CURVE('',#2259,#2260,#1252,.T.);
#2827=EDGE_CURVE('',#2260,#2258,#1253,.T.);
#2828=EDGE_CURVE('',#2261,#2259,#171,.T.);
#2829=EDGE_CURVE('',#2261,#2262,#1254,.T.);
#2830=EDGE_CURVE('',#2262,#2260,#172,.T.);
#2831=EDGE_CURVE('',#2263,#2261,#1255,.T.);
#2832=EDGE_CURVE('',#2263,#2264,#1256,.T.);
#2833=EDGE_CURVE('',#2264,#2262,#1257,.T.);
#2834=EDGE_CURVE('',#2228,#2263,#173,.T.);
#2835=EDGE_CURVE('',#2230,#2264,#174,.T.);
#2836=EDGE_CURVE('',#2265,#2266,#175,.T.);
#2837=EDGE_CURVE('',#2265,#2267,#1258,.T.);
#2838=EDGE_CURVE('',#2267,#2268,#176,.T.);
#2839=EDGE_CURVE('',#2266,#2268,#1259,.T.);
#2840=EDGE_CURVE('',#2269,#2265,#1260,.T.);
#2841=EDGE_CURVE('',#2269,#2270,#1261,.T.);
#2842=EDGE_CURVE('',#2270,#2267,#1262,.T.);
#2843=EDGE_CURVE('',#2271,#2269,#177,.T.);
#2844=EDGE_CURVE('',#2271,#2272,#1263,.T.);
#2845=EDGE_CURVE('',#2272,#2270,#178,.T.);
#2846=EDGE_CURVE('',#2273,#2271,#1264,.T.);
#2847=EDGE_CURVE('',#2273,#2274,#1265,.T.);
#2848=EDGE_CURVE('',#2274,#2272,#1266,.T.);
#2849=EDGE_CURVE('',#2275,#2273,#1267,.T.);
#2850=EDGE_CURVE('',#2275,#2276,#1268,.T.);
#2851=EDGE_CURVE('',#2276,#2274,#1269,.T.);
#2852=EDGE_CURVE('',#2277,#2275,#179,.T.);
#2853=EDGE_CURVE('',#2277,#2278,#1270,.T.);
#2854=EDGE_CURVE('',#2278,#2276,#180,.T.);
#2855=EDGE_CURVE('',#2279,#2277,#1271,.T.);
#2856=EDGE_CURVE('',#2279,#2280,#1272,.T.);
#2857=EDGE_CURVE('',#2280,#2278,#1273,.T.);
#2858=EDGE_CURVE('',#2281,#2279,#181,.T.);
#2859=EDGE_CURVE('',#2281,#2282,#1274,.T.);
#2860=EDGE_CURVE('',#2282,#2280,#182,.T.);
#2861=EDGE_CURVE('',#2283,#2281,#1275,.T.);
#2862=EDGE_CURVE('',#2283,#2284,#1276,.T.);
#2863=EDGE_CURVE('',#2284,#2282,#1277,.T.);
#2864=EDGE_CURVE('',#2285,#2283,#1278,.T.);
#2865=EDGE_CURVE('',#2285,#2286,#1279,.T.);
#2866=EDGE_CURVE('',#2286,#2284,#1280,.T.);
#2867=EDGE_CURVE('',#2287,#2285,#183,.T.);
#2868=EDGE_CURVE('',#2287,#2288,#1281,.T.);
#2869=EDGE_CURVE('',#2288,#2286,#184,.T.);
#2870=EDGE_CURVE('',#2289,#2287,#1282,.T.);
#2871=EDGE_CURVE('',#2289,#2290,#1283,.T.);
#2872=EDGE_CURVE('',#2290,#2288,#1284,.T.);
#2873=EDGE_CURVE('',#2291,#2289,#185,.T.);
#2874=EDGE_CURVE('',#2291,#2292,#1285,.T.);
#2875=EDGE_CURVE('',#2292,#2290,#186,.T.);
#2876=EDGE_CURVE('',#2293,#2291,#1286,.T.);
#2877=EDGE_CURVE('',#2293,#2294,#1287,.T.);
#2878=EDGE_CURVE('',#2294,#2292,#1288,.T.);
#2879=EDGE_CURVE('',#2295,#2293,#1289,.T.);
#2880=EDGE_CURVE('',#2295,#2296,#1290,.T.);
#2881=EDGE_CURVE('',#2296,#2294,#1291,.T.);
#2882=EDGE_CURVE('',#2297,#2295,#187,.T.);
#2883=EDGE_CURVE('',#2297,#2298,#1292,.T.);
#2884=EDGE_CURVE('',#2298,#2296,#188,.T.);
#2885=EDGE_CURVE('',#2299,#2297,#1293,.T.);
#2886=EDGE_CURVE('',#2299,#2300,#1294,.T.);
#2887=EDGE_CURVE('',#2300,#2298,#1295,.T.);
#2888=EDGE_CURVE('',#2301,#2299,#189,.T.);
#2889=EDGE_CURVE('',#2301,#2302,#1296,.T.);
#2890=EDGE_CURVE('',#2302,#2300,#190,.T.);
#2891=EDGE_CURVE('',#2303,#2301,#1297,.T.);
#2892=EDGE_CURVE('',#2303,#2304,#1298,.T.);
#2893=EDGE_CURVE('',#2304,#2302,#1299,.T.);
#2894=EDGE_CURVE('',#2266,#2303,#1300,.T.);
#2895=EDGE_CURVE('',#2268,#2304,#1301,.T.);
#2896=EDGE_CURVE('',#2305,#2306,#1302,.T.);
#2897=EDGE_CURVE('',#2305,#2307,#1303,.T.);
#2898=EDGE_CURVE('',#2307,#2308,#1304,.T.);
#2899=EDGE_CURVE('',#2306,#2308,#1305,.T.);
#2900=EDGE_CURVE('',#2309,#2305,#191,.T.);
#2901=EDGE_CURVE('',#2309,#2310,#1306,.T.);
#2902=EDGE_CURVE('',#2310,#2307,#192,.T.);
#2903=EDGE_CURVE('',#2311,#2309,#193,.T.);
#2904=EDGE_CURVE('',#2311,#2312,#1307,.T.);
#2905=EDGE_CURVE('',#2312,#2310,#194,.T.);
#2906=EDGE_CURVE('',#2313,#2311,#1308,.T.);
#2907=EDGE_CURVE('',#2313,#2314,#1309,.T.);
#2908=EDGE_CURVE('',#2314,#2312,#1310,.T.);
#2909=EDGE_CURVE('',#2315,#2313,#195,.T.);
#2910=EDGE_CURVE('',#2315,#2316,#1311,.T.);
#2911=EDGE_CURVE('',#2316,#2314,#196,.T.);
#2912=EDGE_CURVE('',#2317,#2315,#1312,.T.);
#2913=EDGE_CURVE('',#2317,#2318,#1313,.T.);
#2914=EDGE_CURVE('',#2318,#2316,#1314,.T.);
#2915=EDGE_CURVE('',#2319,#2317,#197,.T.);
#2916=EDGE_CURVE('',#2319,#2320,#1315,.T.);
#2917=EDGE_CURVE('',#2320,#2318,#198,.T.);
#2918=EDGE_CURVE('',#2321,#2319,#1316,.T.);
#2919=EDGE_CURVE('',#2321,#2322,#1317,.T.);
#2920=EDGE_CURVE('',#2322,#2320,#1318,.T.);
#2921=EDGE_CURVE('',#2323,#2321,#199,.T.);
#2922=EDGE_CURVE('',#2323,#2324,#1319,.T.);
#2923=EDGE_CURVE('',#2324,#2322,#200,.T.);
#2924=EDGE_CURVE('',#2325,#2323,#1320,.T.);
#2925=EDGE_CURVE('',#2325,#2326,#1321,.T.);
#2926=EDGE_CURVE('',#2326,#2324,#1322,.T.);
#2927=EDGE_CURVE('',#2327,#2325,#201,.T.);
#2928=EDGE_CURVE('',#2327,#2328,#1323,.T.);
#2929=EDGE_CURVE('',#2328,#2326,#202,.T.);
#2930=EDGE_CURVE('',#2329,#2327,#1324,.T.);
#2931=EDGE_CURVE('',#2329,#2330,#1325,.T.);
#2932=EDGE_CURVE('',#2330,#2328,#1326,.T.);
#2933=EDGE_CURVE('',#2331,#2329,#203,.T.);
#2934=EDGE_CURVE('',#2331,#2332,#1327,.T.);
#2935=EDGE_CURVE('',#2332,#2330,#204,.T.);
#2936=EDGE_CURVE('',#2333,#2331,#1328,.T.);
#2937=EDGE_CURVE('',#2333,#2334,#1329,.T.);
#2938=EDGE_CURVE('',#2334,#2332,#1330,.T.);
#2939=EDGE_CURVE('',#2335,#2333,#205,.T.);
#2940=EDGE_CURVE('',#2335,#2336,#1331,.T.);
#2941=EDGE_CURVE('',#2336,#2334,#206,.T.);
#2942=EDGE_CURVE('',#2337,#2335,#1332,.T.);
#2943=EDGE_CURVE('',#2337,#2338,#1333,.T.);
#2944=EDGE_CURVE('',#2338,#2336,#1334,.T.);
#2945=EDGE_CURVE('',#2339,#2337,#207,.T.);
#2946=EDGE_CURVE('',#2339,#2340,#1335,.T.);
#2947=EDGE_CURVE('',#2340,#2338,#208,.T.);
#2948=EDGE_CURVE('',#2341,#2339,#1336,.T.);
#2949=EDGE_CURVE('',#2341,#2342,#1337,.T.);
#2950=EDGE_CURVE('',#2342,#2340,#1338,.T.);
#2951=EDGE_CURVE('',#2306,#2341,#209,.T.);
#2952=EDGE_CURVE('',#2308,#2342,#210,.T.);
#2953=EDGE_CURVE('',#2343,#2344,#1339,.T.);
#2954=EDGE_CURVE('',#2343,#2345,#1340,.T.);
#2955=EDGE_CURVE('',#2345,#2346,#1341,.T.);
#2956=EDGE_CURVE('',#2344,#2346,#1342,.T.);
#2957=EDGE_CURVE('',#2347,#2343,#211,.T.);
#2958=EDGE_CURVE('',#2347,#2348,#1343,.T.);
#2959=EDGE_CURVE('',#2348,#2345,#212,.T.);
#2960=EDGE_CURVE('',#2349,#2347,#1344,.T.);
#2961=EDGE_CURVE('',#2349,#2350,#1345,.T.);
#2962=EDGE_CURVE('',#2350,#2348,#1346,.T.);
#2963=EDGE_CURVE('',#2351,#2349,#213,.T.);
#2964=EDGE_CURVE('',#2351,#2352,#1347,.T.);
#2965=EDGE_CURVE('',#2352,#2350,#214,.T.);
#2966=EDGE_CURVE('',#2353,#2351,#1348,.T.);
#2967=EDGE_CURVE('',#2353,#2354,#1349,.T.);
#2968=EDGE_CURVE('',#2354,#2352,#1350,.T.);
#2969=EDGE_CURVE('',#2355,#2353,#215,.T.);
#2970=EDGE_CURVE('',#2355,#2356,#1351,.T.);
#2971=EDGE_CURVE('',#2356,#2354,#216,.T.);
#2972=EDGE_CURVE('',#2357,#2355,#1352,.T.);
#2973=EDGE_CURVE('',#2357,#2358,#1353,.T.);
#2974=EDGE_CURVE('',#2358,#2356,#1354,.T.);
#2975=EDGE_CURVE('',#2359,#2357,#217,.T.);
#2976=EDGE_CURVE('',#2359,#2360,#1355,.T.);
#2977=EDGE_CURVE('',#2360,#2358,#218,.T.);
#2978=EDGE_CURVE('',#2361,#2359,#1356,.T.);
#2979=EDGE_CURVE('',#2361,#2362,#1357,.T.);
#2980=EDGE_CURVE('',#2362,#2360,#1358,.T.);
#2981=EDGE_CURVE('',#2363,#2361,#219,.T.);
#2982=EDGE_CURVE('',#2363,#2364,#1359,.T.);
#2983=EDGE_CURVE('',#2364,#2362,#220,.T.);
#2984=EDGE_CURVE('',#2365,#2363,#1360,.T.);
#2985=EDGE_CURVE('',#2365,#2366,#1361,.T.);
#2986=EDGE_CURVE('',#2366,#2364,#1362,.T.);
#2987=EDGE_CURVE('',#2344,#2365,#221,.T.);
#2988=EDGE_CURVE('',#2346,#2366,#222,.T.);
#2989=EDGE_CURVE('',#2367,#2367,#223,.T.);
#2990=EDGE_CURVE('',#2367,#2368,#1363,.T.);
#2991=EDGE_CURVE('',#2368,#2368,#224,.T.);
#2992=EDGE_CURVE('',#2369,#2370,#1364,.T.);
#2993=EDGE_CURVE('',#2369,#2371,#1365,.T.);
#2994=EDGE_CURVE('',#2371,#2372,#1366,.T.);
#2995=EDGE_CURVE('',#2370,#2372,#1367,.T.);
#2996=EDGE_CURVE('',#2373,#2369,#225,.T.);
#2997=EDGE_CURVE('',#2373,#2374,#1368,.T.);
#2998=EDGE_CURVE('',#2374,#2371,#226,.T.);
#2999=EDGE_CURVE('',#2375,#2373,#1369,.T.);
#3000=EDGE_CURVE('',#2375,#2376,#1370,.T.);
#3001=EDGE_CURVE('',#2376,#2374,#1371,.T.);
#3002=EDGE_CURVE('',#2377,#2375,#227,.T.);
#3003=EDGE_CURVE('',#2377,#2378,#1372,.T.);
#3004=EDGE_CURVE('',#2378,#2376,#228,.T.);
#3005=EDGE_CURVE('',#2379,#2377,#1373,.T.);
#3006=EDGE_CURVE('',#2379,#2380,#1374,.T.);
#3007=EDGE_CURVE('',#2380,#2378,#1375,.T.);
#3008=EDGE_CURVE('',#2381,#2379,#229,.T.);
#3009=EDGE_CURVE('',#2381,#2382,#1376,.T.);
#3010=EDGE_CURVE('',#2382,#2380,#230,.T.);
#3011=EDGE_CURVE('',#2383,#2381,#1377,.T.);
#3012=EDGE_CURVE('',#2383,#2384,#1378,.T.);
#3013=EDGE_CURVE('',#2384,#2382,#1379,.T.);
#3014=EDGE_CURVE('',#2370,#2383,#231,.T.);
#3015=EDGE_CURVE('',#2372,#2384,#232,.T.);
#3016=EDGE_CURVE('',#2385,#2386,#89,.T.);
#3017=EDGE_CURVE('',#2385,#2387,#1380,.T.);
#3018=EDGE_CURVE('',#2387,#2388,#90,.T.);
#3019=EDGE_CURVE('',#2386,#2388,#1381,.T.);
#3020=EDGE_CURVE('',#2389,#2385,#233,.T.);
#3021=EDGE_CURVE('',#2389,#2390,#1382,.T.);
#3022=EDGE_CURVE('',#2390,#2387,#234,.T.);
#3023=EDGE_CURVE('',#2391,#2389,#1383,.T.);
#3024=EDGE_CURVE('',#2391,#2392,#1384,.T.);
#3025=EDGE_CURVE('',#2392,#2390,#1385,.T.);
#3026=EDGE_CURVE('',#2393,#2391,#235,.T.);
#3027=EDGE_CURVE('',#2393,#2394,#1386,.T.);
#3028=EDGE_CURVE('',#2394,#2392,#236,.T.);
#3029=EDGE_CURVE('',#2395,#2393,#91,.T.);
#3030=EDGE_CURVE('',#2395,#2396,#1387,.T.);
#3031=EDGE_CURVE('',#2396,#2394,#92,.T.);
#3032=EDGE_CURVE('',#2397,#2395,#237,.T.);
#3033=EDGE_CURVE('',#2397,#2398,#1388,.T.);
#3034=EDGE_CURVE('',#2398,#2396,#238,.T.);
#3035=EDGE_CURVE('',#2399,#2397,#93,.T.);
#3036=EDGE_CURVE('',#2399,#2400,#1389,.T.);
#3037=EDGE_CURVE('',#2400,#2398,#94,.T.);
#3038=EDGE_CURVE('',#2401,#2399,#239,.T.);
#3039=EDGE_CURVE('',#2401,#2402,#1390,.T.);
#3040=EDGE_CURVE('',#2402,#2400,#240,.T.);
#3041=EDGE_CURVE('',#2403,#2401,#95,.T.);
#3042=EDGE_CURVE('',#2403,#2404,#1391,.T.);
#3043=EDGE_CURVE('',#2404,#2402,#96,.T.);
#3044=EDGE_CURVE('',#2405,#2403,#241,.T.);
#3045=EDGE_CURVE('',#2405,#2406,#1392,.T.);
#3046=EDGE_CURVE('',#2406,#2404,#242,.T.);
#3047=EDGE_CURVE('',#2407,#2405,#1393,.T.);
#3048=EDGE_CURVE('',#2407,#2408,#1394,.T.);
#3049=EDGE_CURVE('',#2408,#2406,#1395,.T.);
#3050=EDGE_CURVE('',#2409,#2407,#243,.T.);
#3051=EDGE_CURVE('',#2409,#2410,#1396,.T.);
#3052=EDGE_CURVE('',#2410,#2408,#244,.T.);
#3053=EDGE_CURVE('',#2411,#2409,#97,.T.);
#3054=EDGE_CURVE('',#2411,#2412,#1397,.T.);
#3055=EDGE_CURVE('',#2412,#2410,#98,.T.);
#3056=EDGE_CURVE('',#2413,#2411,#245,.T.);
#3057=EDGE_CURVE('',#2413,#2414,#1398,.T.);
#3058=EDGE_CURVE('',#2414,#2412,#246,.T.);
#3059=EDGE_CURVE('',#2415,#2413,#99,.T.);
#3060=EDGE_CURVE('',#2415,#2416,#1399,.T.);
#3061=EDGE_CURVE('',#2416,#2414,#100,.T.);
#3062=EDGE_CURVE('',#2386,#2415,#247,.T.);
#3063=EDGE_CURVE('',#2388,#2416,#248,.T.);
#3064=EDGE_CURVE('',#2417,#2418,#249,.T.);
#3065=EDGE_CURVE('',#2417,#2419,#1400,.T.);
#3066=EDGE_CURVE('',#2419,#2420,#250,.T.);
#3067=EDGE_CURVE('',#2420,#2418,#1401,.T.);
#3068=EDGE_CURVE('',#2418,#2421,#251,.T.);
#3069=EDGE_CURVE('',#2421,#2422,#252,.T.);
#3070=EDGE_CURVE('',#2423,#2422,#1402,.T.);
#3071=EDGE_CURVE('',#2423,#2424,#253,.T.);
#3072=EDGE_CURVE('',#2425,#2424,#1403,.T.);
#3073=EDGE_CURVE('',#2426,#2425,#254,.F.);
#3074=EDGE_CURVE('',#2427,#2426,#1404,.T.);
#3075=EDGE_CURVE('',#2427,#2428,#255,.T.);
#3076=EDGE_CURVE('',#2429,#2428,#1405,.T.);
#3077=EDGE_CURVE('',#2429,#2430,#256,.T.);
#3078=EDGE_CURVE('',#2431,#2430,#1406,.T.);
#3079=EDGE_CURVE('',#2431,#2432,#257,.T.);
#3080=EDGE_CURVE('',#2432,#2433,#258,.T.);
#3081=EDGE_CURVE('',#2433,#2434,#259,.T.);
#3082=EDGE_CURVE('',#2435,#2434,#1407,.T.);
#3083=EDGE_CURVE('',#2435,#2436,#260,.T.);
#3084=EDGE_CURVE('',#2436,#2437,#261,.T.);
#3085=EDGE_CURVE('',#2437,#2438,#262,.T.);
#3086=EDGE_CURVE('',#2439,#2438,#1408,.T.);
#3087=EDGE_CURVE('',#2439,#2440,#263,.T.);
#3088=EDGE_CURVE('',#2441,#2440,#1409,.T.);
#3089=EDGE_CURVE('',#2441,#2442,#264,.T.);
#3090=EDGE_CURVE('',#2443,#2442,#1410,.T.);
#3091=EDGE_CURVE('',#2444,#2443,#265,.F.);
#3092=EDGE_CURVE('',#2445,#2444,#1411,.T.);
#3093=EDGE_CURVE('',#2445,#2446,#266,.T.);
#3094=EDGE_CURVE('',#2447,#2446,#1412,.T.);
#3095=EDGE_CURVE('',#2447,#2448,#267,.T.);
#3096=EDGE_CURVE('',#2448,#2449,#268,.T.);
#3097=EDGE_CURVE('',#2449,#2450,#269,.T.);
#3098=EDGE_CURVE('',#2417,#2450,#1413,.T.);
#3099=EDGE_CURVE('',#2451,#2452,#270,.T.);
#3100=EDGE_CURVE('',#2452,#2453,#271,.T.);
#3101=EDGE_CURVE('',#2453,#2454,#272,.T.);
#3102=EDGE_CURVE('',#2454,#2455,#273,.T.);
#3103=EDGE_CURVE('',#2455,#2456,#101,.T.);
#3104=EDGE_CURVE('',#2456,#2457,#274,.T.);
#3105=EDGE_CURVE('',#2457,#2458,#275,.T.);
#3106=EDGE_CURVE('',#2458,#2459,#276,.T.);
#3107=EDGE_CURVE('',#2459,#2460,#277,.T.);
#3108=EDGE_CURVE('',#2460,#2461,#278,.T.);
#3109=EDGE_CURVE('',#2461,#2462,#1414,.T.);
#3110=EDGE_CURVE('',#2462,#2463,#279,.T.);
#3111=EDGE_CURVE('',#2463,#2464,#1415,.T.);
#3112=EDGE_CURVE('',#2464,#2465,#280,.T.);
#3113=EDGE_CURVE('',#2465,#2466,#1416,.T.);
#3114=EDGE_CURVE('',#2466,#2467,#281,.T.);
#3115=EDGE_CURVE('',#2467,#2468,#1417,.T.);
#3116=EDGE_CURVE('',#2468,#2469,#282,.T.);
#3117=EDGE_CURVE('',#2469,#2470,#1418,.T.);
#3118=EDGE_CURVE('',#2470,#2471,#283,.T.);
#3119=EDGE_CURVE('',#2471,#2472,#1419,.T.);
#3120=EDGE_CURVE('',#2472,#2473,#284,.T.);
#3121=EDGE_CURVE('',#2473,#2474,#1420,.T.);
#3122=EDGE_CURVE('',#2474,#2475,#285,.T.);
#3123=EDGE_CURVE('',#2475,#2476,#1421,.T.);
#3124=EDGE_CURVE('',#2476,#2477,#286,.T.);
#3125=EDGE_CURVE('',#2477,#2478,#1422,.T.);
#3126=EDGE_CURVE('',#2478,#2451,#287,.T.);
#3127=EDGE_CURVE('',#2479,#2479,#288,.T.);
#3128=EDGE_CURVE('',#2480,#2480,#289,.T.);
#3129=EDGE_CURVE('',#2481,#2420,#290,.T.);
#3130=EDGE_CURVE('',#2421,#2481,#1423,.T.);
#3131=EDGE_CURVE('',#2481,#2482,#291,.T.);
#3132=EDGE_CURVE('',#2482,#2422,#1424,.T.);
#3133=EDGE_CURVE('',#2447,#2483,#1425,.T.);
#3134=EDGE_CURVE('',#2483,#2484,#292,.T.);
#3135=EDGE_CURVE('',#2484,#2448,#1426,.T.);
#3136=EDGE_CURVE('',#2485,#2484,#293,.T.);
#3137=EDGE_CURVE('',#2449,#2485,#1427,.T.);
#3138=EDGE_CURVE('',#2485,#2486,#294,.T.);
#3139=EDGE_CURVE('',#2486,#2450,#1428,.T.);
#3140=EDGE_CURVE('',#2437,#2487,#1429,.T.);
#3141=EDGE_CURVE('',#2487,#2488,#295,.T.);
#3142=EDGE_CURVE('',#2488,#2438,#1430,.T.);
#3143=EDGE_CURVE('',#2488,#2489,#1431,.T.);
#3144=EDGE_CURVE('',#2435,#2489,#1432,.T.);
#3145=EDGE_CURVE('',#2490,#2434,#1433,.T.);
#3146=EDGE_CURVE('',#2490,#2491,#1434,.T.);
#3147=EDGE_CURVE('',#2431,#2491,#1435,.T.);
#3148=EDGE_CURVE('',#2492,#2430,#1436,.T.);
#3149=EDGE_CURVE('',#2493,#2492,#1437,.T.);
#3150=EDGE_CURVE('',#2439,#2493,#1438,.T.);
#3151=EDGE_CURVE('',#2489,#2494,#296,.T.);
#3152=EDGE_CURVE('',#2494,#2436,#1439,.T.);
#3153=EDGE_CURVE('',#2487,#2494,#297,.T.);
#3154=EDGE_CURVE('',#2491,#2495,#298,.T.);
#3155=EDGE_CURVE('',#2495,#2432,#1440,.T.);
#3156=EDGE_CURVE('',#2496,#2495,#299,.T.);
#3157=EDGE_CURVE('',#2433,#2496,#1441,.T.);
#3158=EDGE_CURVE('',#2496,#2490,#300,.T.);
#3159=EDGE_CURVE('',#2482,#2419,#1442,.T.);
#3160=EDGE_CURVE('',#2486,#2483,#1443,.T.);
#3161=EDGE_CURVE('',#2497,#2498,#301,.T.);
#3162=EDGE_CURVE('',#2497,#2499,#1444,.T.);
#3163=EDGE_CURVE('',#2499,#2500,#29,.T.);
#3164=EDGE_CURVE('',#2500,#2498,#1445,.T.);
#3165=EDGE_CURVE('',#2500,#2501,#1446,.T.);
#3166=EDGE_CURVE('',#2502,#2501,#1447,.T.);
#3167=EDGE_CURVE('',#2502,#2498,#1448,.T.);
#3168=EDGE_CURVE('',#2503,#2504,#302,.T.);
#3169=EDGE_CURVE('',#2504,#2505,#1449,.T.);
#3170=EDGE_CURVE('',#2505,#2506,#303,.T.);
#3171=EDGE_CURVE('',#2506,#2503,#1450,.T.);
#3172=EDGE_CURVE('',#2507,#2504,#1451,.T.);
#3173=EDGE_CURVE('',#2508,#2507,#1452,.T.);
#3174=EDGE_CURVE('',#2508,#2505,#1453,.T.);
#3175=EDGE_CURVE('',#2507,#2509,#304,.T.);
#3176=EDGE_CURVE('',#2509,#2510,#1454,.T.);
#3177=EDGE_CURVE('',#2510,#2508,#305,.T.);
#3178=EDGE_CURVE('',#2509,#2511,#1455,.T.);
#3179=EDGE_CURVE('',#2512,#2511,#1456,.T.);
#3180=EDGE_CURVE('',#2512,#2513,#1457,.T.);
#3181=EDGE_CURVE('',#2514,#2513,#1458,.T.);
#3182=EDGE_CURVE('',#2514,#2510,#1459,.T.);
#3183=EDGE_CURVE('',#2513,#2515,#30,.T.);
#3184=EDGE_CURVE('',#2515,#2516,#1460,.T.);
#3185=EDGE_CURVE('',#2516,#2514,#306,.T.);
#3186=EDGE_CURVE('',#2515,#2517,#1461,.T.);
#3187=EDGE_CURVE('',#2518,#2517,#1462,.T.);
#3188=EDGE_CURVE('',#2518,#2516,#1463,.T.);
#3189=EDGE_CURVE('',#2517,#2519,#31,.T.);
#3190=EDGE_CURVE('',#2519,#2520,#1464,.T.);
#3191=EDGE_CURVE('',#2520,#2518,#307,.T.);
#3192=EDGE_CURVE('',#2497,#2503,#1465,.T.);
#3193=EDGE_CURVE('',#2506,#2520,#1466,.T.);
#3194=EDGE_CURVE('',#2519,#2499,#1467,.T.);
#3195=EDGE_CURVE('',#2521,#2522,#308,.T.);
#3196=EDGE_CURVE('',#2522,#2523,#1468,.T.);
#3197=EDGE_CURVE('',#2524,#2523,#309,.T.);
#3198=EDGE_CURVE('',#2524,#2521,#1469,.T.);
#3199=EDGE_CURVE('',#2525,#2522,#310,.T.);
#3200=EDGE_CURVE('',#2526,#2525,#1470,.T.);
#3201=EDGE_CURVE('',#2526,#2523,#311,.T.);
#3202=EDGE_CURVE('',#2526,#2527,#312,.T.);
#3203=EDGE_CURVE('',#2528,#2525,#313,.F.);
#3204=EDGE_CURVE('',#2528,#2527,#1471,.T.);
#3205=EDGE_CURVE('',#2529,#2527,#1472,.T.);
#3206=EDGE_CURVE('',#2529,#2530,#314,.T.);
#3207=EDGE_CURVE('',#2531,#2530,#315,.T.);
#3208=EDGE_CURVE('',#2531,#2532,#316,.T.);
#3209=EDGE_CURVE('',#2533,#2532,#1473,.T.);
#3210=EDGE_CURVE('',#2533,#2534,#317,.T.);
#3211=EDGE_CURVE('',#2535,#2534,#318,.F.);
#3212=EDGE_CURVE('',#2535,#2536,#319,.T.);
#3213=EDGE_CURVE('',#2537,#2536,#1474,.T.);
#3214=EDGE_CURVE('',#2537,#2538,#320,.T.);
#3215=EDGE_CURVE('',#2539,#2538,#321,.F.);
#3216=EDGE_CURVE('',#2524,#2539,#1475,.T.);
#3217=EDGE_CURVE('',#2528,#2540,#1476,.T.);
#3218=EDGE_CURVE('',#2541,#2540,#1477,.T.);
#3219=EDGE_CURVE('',#2541,#2542,#1478,.T.);
#3220=EDGE_CURVE('',#2543,#2542,#1479,.T.);
#3221=EDGE_CURVE('',#2543,#2544,#1480,.T.);
#3222=EDGE_CURVE('',#2545,#2544,#1481,.T.);
#3223=EDGE_CURVE('',#2545,#2546,#1482,.T.);
#3224=EDGE_CURVE('',#2546,#2547,#1483,.T.);
#3225=EDGE_CURVE('',#2547,#2548,#1484,.T.);
#3226=EDGE_CURVE('',#2529,#2548,#1485,.T.);
#3227=EDGE_CURVE('',#2548,#2549,#322,.T.);
#3228=EDGE_CURVE('',#2549,#2530,#1486,.T.);
#3229=EDGE_CURVE('',#2550,#2549,#323,.T.);
#3230=EDGE_CURVE('',#2531,#2550,#1487,.T.);
#3231=EDGE_CURVE('',#2550,#2551,#324,.T.);
#3232=EDGE_CURVE('',#2551,#2532,#1488,.T.);
#3233=EDGE_CURVE('',#2552,#2539,#1489,.T.);
#3234=EDGE_CURVE('',#2552,#2553,#1490,.T.);
#3235=EDGE_CURVE('',#2553,#2554,#1491,.T.);
#3236=EDGE_CURVE('',#2554,#2521,#1492,.T.);
#3237=EDGE_CURVE('',#2533,#2555,#1493,.T.);
#3238=EDGE_CURVE('',#2555,#2556,#325,.T.);
#3239=EDGE_CURVE('',#2556,#2534,#1494,.T.);
#3240=EDGE_CURVE('',#2556,#2557,#326,.F.);
#3241=EDGE_CURVE('',#2557,#2558,#1495,.T.);
#3242=EDGE_CURVE('',#2558,#2559,#32,.T.);
#3243=EDGE_CURVE('',#2535,#2559,#1496,.T.);
#3244=EDGE_CURVE('',#2560,#2559,#33,.F.);
#3245=EDGE_CURVE('',#2560,#2561,#1497,.T.);
#3246=EDGE_CURVE('',#2561,#2562,#102,.T.);
#3247=EDGE_CURVE('',#2562,#2563,#1498,.T.);
#3248=EDGE_CURVE('',#2564,#2563,#103,.F.);
#3249=EDGE_CURVE('',#2564,#2536,#1499,.T.);
#3250=EDGE_CURVE('',#2560,#2565,#1500,.T.);
#3251=EDGE_CURVE('',#2566,#2565,#1501,.T.);
#3252=EDGE_CURVE('',#2566,#2567,#327,.T.);
#3253=EDGE_CURVE('',#2567,#2568,#1502,.T.);
#3254=EDGE_CURVE('',#2568,#2561,#328,.T.);
#3255=EDGE_CURVE('',#2565,#2569,#34,.T.);
#3256=EDGE_CURVE('',#2569,#2538,#1503,.T.);
#3257=EDGE_CURVE('',#2537,#2570,#1504,.T.);
#3258=EDGE_CURVE('',#2570,#2571,#104,.T.);
#3259=EDGE_CURVE('',#2572,#2571,#1505,.F.);
#3260=EDGE_CURVE('',#2566,#2572,#105,.F.);
#3261=EDGE_CURVE('',#2573,#2512,#35,.T.);
#3262=EDGE_CURVE('',#2511,#2574,#329,.F.);
#3263=EDGE_CURVE('',#2574,#2573,#1506,.T.);
#3264=EDGE_CURVE('',#2575,#2576,#330,.T.);
#3265=EDGE_CURVE('',#2577,#2575,#1507,.T.);
#3266=EDGE_CURVE('',#2578,#2577,#331,.T.);
#3267=EDGE_CURVE('',#2579,#2578,#1508,.T.);
#3268=EDGE_CURVE('',#2580,#2579,#332,.T.);
#3269=EDGE_CURVE('',#2581,#2580,#1509,.T.);
#3270=EDGE_CURVE('',#2582,#2581,#333,.T.);
#3271=EDGE_CURVE('',#2576,#2582,#1510,.T.);
#3272=EDGE_CURVE('',#2583,#2583,#334,.T.);
#3273=EDGE_CURVE('',#2584,#2584,#335,.T.);
#3274=EDGE_CURVE('',#2585,#2585,#336,.T.);
#3275=EDGE_CURVE('',#2586,#2586,#337,.T.);
#3276=EDGE_CURVE('',#2587,#2588,#338,.T.);
#3277=EDGE_CURVE('',#2589,#2587,#106,.T.);
#3278=EDGE_CURVE('',#2590,#2589,#339,.T.);
#3279=EDGE_CURVE('',#2591,#2590,#107,.T.);
#3280=EDGE_CURVE('',#2592,#2591,#340,.T.);
#3281=EDGE_CURVE('',#2593,#2592,#108,.T.);
#3282=EDGE_CURVE('',#2594,#2593,#341,.T.);
#3283=EDGE_CURVE('',#2595,#2594,#109,.T.);
#3284=EDGE_CURVE('',#2596,#2595,#342,.T.);
#3285=EDGE_CURVE('',#2588,#2596,#110,.T.);
#3286=EDGE_CURVE('',#2597,#2598,#1511,.T.);
#3287=EDGE_CURVE('',#2599,#2597,#36,.T.);
#3288=EDGE_CURVE('',#2600,#2599,#1512,.T.);
#3289=EDGE_CURVE('',#2598,#2600,#37,.T.);
#3290=EDGE_CURVE('',#2601,#2573,#1513,.T.);
#3291=EDGE_CURVE('',#2542,#2601,#38,.T.);
#3292=EDGE_CURVE('',#2553,#2541,#39,.T.);
#3293=EDGE_CURVE('',#2569,#2552,#40,.T.);
#3294=EDGE_CURVE('',#2602,#2558,#1514,.T.);
#3295=EDGE_CURVE('',#2546,#2602,#41,.T.);
#3296=EDGE_CURVE('',#2501,#2545,#42,.T.);
#3297=EDGE_CURVE('',#2603,#2603,#343,.T.);
#3298=EDGE_CURVE('',#2604,#2604,#344,.T.);
#3299=EDGE_CURVE('',#2605,#2605,#345,.T.);
#3300=EDGE_CURVE('',#2606,#2606,#346,.T.);
#3301=EDGE_CURVE('',#2607,#2607,#43,.T.);
#3302=EDGE_CURVE('',#2608,#2608,#44,.T.);
#3303=EDGE_CURVE('',#2544,#2502,#347,.F.);
#3304=EDGE_CURVE('',#2601,#2609,#1515,.T.);
#3305=EDGE_CURVE('',#2609,#2543,#348,.F.);
#3306=EDGE_CURVE('',#2574,#2609,#1516,.T.);
#3307=EDGE_CURVE('',#2610,#2610,#349,.T.);
#3308=EDGE_CURVE('',#2610,#2608,#1517,.T.);
#3309=EDGE_CURVE('',#2611,#2611,#350,.T.);
#3310=EDGE_CURVE('',#2611,#2607,#1518,.T.);
#3311=EDGE_CURVE('',#2451,#2612,#1519,.T.);
#3312=EDGE_CURVE('',#2612,#2613,#351,.T.);
#3313=EDGE_CURVE('',#2452,#2613,#1520,.T.);
#3314=EDGE_CURVE('',#2478,#2614,#1521,.T.);
#3315=EDGE_CURVE('',#2614,#2612,#352,.T.);
#3316=EDGE_CURVE('',#2477,#2615,#1522,.T.);
#3317=EDGE_CURVE('',#2615,#2614,#1523,.T.);
#3318=EDGE_CURVE('',#2476,#2616,#1524,.T.);
#3319=EDGE_CURVE('',#2616,#2615,#353,.T.);
#3320=EDGE_CURVE('',#2475,#2617,#1525,.T.);
#3321=EDGE_CURVE('',#2617,#2616,#1526,.T.);
#3322=EDGE_CURVE('',#2474,#2618,#1527,.T.);
#3323=EDGE_CURVE('',#2618,#2617,#354,.T.);
#3324=EDGE_CURVE('',#2473,#2619,#1528,.T.);
#3325=EDGE_CURVE('',#2619,#2618,#1529,.T.);
#3326=EDGE_CURVE('',#2472,#2620,#1530,.T.);
#3327=EDGE_CURVE('',#2620,#2619,#355,.T.);
#3328=EDGE_CURVE('',#2471,#2621,#1531,.T.);
#3329=EDGE_CURVE('',#2621,#2620,#1532,.T.);
#3330=EDGE_CURVE('',#2470,#2622,#1533,.T.);
#3331=EDGE_CURVE('',#2622,#2621,#356,.T.);
#3332=EDGE_CURVE('',#2469,#2623,#1534,.T.);
#3333=EDGE_CURVE('',#2623,#2622,#1535,.T.);
#3334=EDGE_CURVE('',#2468,#2624,#1536,.T.);
#3335=EDGE_CURVE('',#2624,#2623,#357,.T.);
#3336=EDGE_CURVE('',#2467,#2625,#1537,.T.);
#3337=EDGE_CURVE('',#2625,#2624,#1538,.T.);
#3338=EDGE_CURVE('',#2466,#2626,#1539,.T.);
#3339=EDGE_CURVE('',#2626,#2625,#358,.T.);
#3340=EDGE_CURVE('',#2465,#2627,#1540,.T.);
#3341=EDGE_CURVE('',#2627,#2626,#1541,.T.);
#3342=EDGE_CURVE('',#2464,#2628,#1542,.T.);
#3343=EDGE_CURVE('',#2628,#2627,#359,.T.);
#3344=EDGE_CURVE('',#2463,#2629,#1543,.T.);
#3345=EDGE_CURVE('',#2629,#2628,#1544,.T.);
#3346=EDGE_CURVE('',#2462,#2630,#1545,.T.);
#3347=EDGE_CURVE('',#2630,#2629,#360,.T.);
#3348=EDGE_CURVE('',#2461,#2631,#1546,.T.);
#3349=EDGE_CURVE('',#2631,#2630,#1547,.T.);
#3350=EDGE_CURVE('',#2460,#2632,#1548,.T.);
#3351=EDGE_CURVE('',#2632,#2631,#361,.T.);
#3352=EDGE_CURVE('',#2459,#2633,#1549,.T.);
#3353=EDGE_CURVE('',#2633,#2632,#362,.T.);
#3354=EDGE_CURVE('',#2458,#2634,#1550,.T.);
#3355=EDGE_CURVE('',#2634,#2633,#363,.T.);
#3356=EDGE_CURVE('',#2457,#2635,#1551,.T.);
#3357=EDGE_CURVE('',#2635,#2634,#364,.T.);
#3358=EDGE_CURVE('',#2456,#2636,#1552,.T.);
#3359=EDGE_CURVE('',#2636,#2635,#365,.T.);
#3360=EDGE_CURVE('',#2455,#2637,#1553,.T.);
#3361=EDGE_CURVE('',#2637,#2636,#111,.T.);
#3362=EDGE_CURVE('',#2454,#2638,#1554,.T.);
#3363=EDGE_CURVE('',#2638,#2637,#366,.T.);
#3364=EDGE_CURVE('',#2453,#2639,#1555,.T.);
#3365=EDGE_CURVE('',#2639,#2638,#367,.T.);
#3366=EDGE_CURVE('',#2613,#2639,#368,.T.);
#3367=EDGE_CURVE('',#2640,#2640,#369,.T.);
#3368=EDGE_CURVE('',#2640,#2641,#1556,.T.);
#3369=EDGE_CURVE('',#2606,#2640,#1557,.T.);
#3370=EDGE_CURVE('',#2642,#2642,#370,.T.);
#3371=EDGE_CURVE('',#2642,#2643,#1558,.T.);
#3372=EDGE_CURVE('',#2605,#2642,#1559,.T.);
#3373=EDGE_CURVE('',#2644,#2644,#371,.T.);
#3374=EDGE_CURVE('',#2644,#2645,#1560,.T.);
#3375=EDGE_CURVE('',#2604,#2644,#1561,.T.);
#3376=EDGE_CURVE('',#2646,#2646,#372,.T.);
#3377=EDGE_CURVE('',#2646,#2647,#1562,.T.);
#3378=EDGE_CURVE('',#2603,#2646,#1563,.T.);
#3379=EDGE_CURVE('',#2648,#2648,#373,.T.);
#3380=EDGE_CURVE('',#2649,#2649,#374,.T.);
#3381=EDGE_CURVE('',#2650,#2650,#375,.T.);
#3382=EDGE_CURVE('',#2651,#2651,#376,.T.);
#3383=EDGE_CURVE('',#2651,#2583,#1564,.T.);
#3384=EDGE_CURVE('',#2649,#2584,#1565,.T.);
#3385=EDGE_CURVE('',#2648,#2585,#1566,.T.);
#3386=EDGE_CURVE('',#2650,#2586,#1567,.T.);
#3387=EDGE_CURVE('',#2652,#2653,#112,.T.);
#3388=EDGE_CURVE('',#2652,#2589,#1568,.T.);
#3389=EDGE_CURVE('',#2653,#2587,#1569,.T.);
#3390=EDGE_CURVE('',#2654,#2652,#377,.T.);
#3391=EDGE_CURVE('',#2654,#2590,#1570,.T.);
#3392=EDGE_CURVE('',#2655,#2654,#113,.T.);
#3393=EDGE_CURVE('',#2655,#2591,#1571,.T.);
#3394=EDGE_CURVE('',#2656,#2655,#378,.T.);
#3395=EDGE_CURVE('',#2656,#2592,#1572,.T.);
#3396=EDGE_CURVE('',#2657,#2656,#114,.T.);
#3397=EDGE_CURVE('',#2657,#2593,#1573,.T.);
#3398=EDGE_CURVE('',#2658,#2657,#379,.T.);
#3399=EDGE_CURVE('',#2658,#2594,#1574,.T.);
#3400=EDGE_CURVE('',#2659,#2658,#115,.T.);
#3401=EDGE_CURVE('',#2659,#2595,#1575,.T.);
#3402=EDGE_CURVE('',#2660,#2659,#380,.T.);
#3403=EDGE_CURVE('',#2660,#2596,#1576,.T.);
#3404=EDGE_CURVE('',#2661,#2660,#116,.T.);
#3405=EDGE_CURVE('',#2661,#2588,#1577,.T.);
#3406=EDGE_CURVE('',#2653,#2661,#381,.T.);
#3407=EDGE_CURVE('',#2662,#2663,#1578,.T.);
#3408=EDGE_CURVE('',#2662,#2577,#1579,.T.);
#3409=EDGE_CURVE('',#2663,#2575,#1580,.T.);
#3410=EDGE_CURVE('',#2664,#2662,#382,.T.);
#3411=EDGE_CURVE('',#2664,#2578,#1581,.T.);
#3412=EDGE_CURVE('',#2665,#2664,#1582,.T.);
#3413=EDGE_CURVE('',#2665,#2579,#1583,.T.);
#3414=EDGE_CURVE('',#2666,#2665,#383,.T.);
#3415=EDGE_CURVE('',#2666,#2580,#1584,.T.);
#3416=EDGE_CURVE('',#2667,#2666,#1585,.T.);
#3417=EDGE_CURVE('',#2667,#2581,#1586,.T.);
#3418=EDGE_CURVE('',#2668,#2667,#384,.T.);
#3419=EDGE_CURVE('',#2668,#2582,#1587,.T.);
#3420=EDGE_CURVE('',#2669,#2668,#1588,.T.);
#3421=EDGE_CURVE('',#2669,#2576,#1589,.T.);
#3422=EDGE_CURVE('',#2663,#2669,#385,.T.);
#3423=EDGE_CURVE('',#2670,#2602,#1590,.T.);
#3424=EDGE_CURVE('',#2670,#2547,#386,.T.);
#3425=EDGE_CURVE('',#2557,#2670,#1591,.T.);
#3426=EDGE_CURVE('',#2564,#2671,#387,.T.);
#3427=EDGE_CURVE('',#2671,#2672,#1592,.T.);
#3428=EDGE_CURVE('',#2672,#2570,#388,.T.);
#3429=EDGE_CURVE('',#2599,#2673,#1593,.T.);
#3430=EDGE_CURVE('',#2673,#2674,#1594,.T.);
#3431=EDGE_CURVE('',#2674,#2600,#1595,.T.);
#3432=EDGE_CURVE('',#2597,#2675,#1596,.T.);
#3433=EDGE_CURVE('',#2675,#2673,#389,.T.);
#3434=EDGE_CURVE('',#2676,#2677,#1597,.T.);
#3435=EDGE_CURVE('',#2678,#2676,#117,.T.);
#3436=EDGE_CURVE('',#2679,#2678,#118,.T.);
#3437=EDGE_CURVE('',#2680,#2679,#1598,.T.);
#3438=EDGE_CURVE('',#2681,#2680,#119,.T.);
#3439=EDGE_CURVE('',#2682,#2681,#120,.T.);
#3440=EDGE_CURVE('',#2683,#2682,#1599,.T.);
#3441=EDGE_CURVE('',#2684,#2683,#121,.T.);
#3442=EDGE_CURVE('',#2685,#2684,#122,.T.);
#3443=EDGE_CURVE('',#2686,#2685,#1600,.T.);
#3444=EDGE_CURVE('',#2687,#2686,#123,.T.);
#3445=EDGE_CURVE('',#2677,#2687,#124,.T.);
#3446=EDGE_CURVE('',#2688,#2689,#1601,.T.);
#3447=EDGE_CURVE('',#2688,#2690,#1602,.T.);
#3448=EDGE_CURVE('',#2690,#2691,#1603,.T.);
#3449=EDGE_CURVE('',#2689,#2691,#1604,.T.);
#3450=EDGE_CURVE('',#2689,#2692,#45,.T.);
#3451=EDGE_CURVE('',#2691,#2693,#390,.T.);
#3452=EDGE_CURVE('',#2692,#2693,#1605,.T.);
#3453=EDGE_CURVE('',#2692,#2694,#1606,.T.);
#3454=EDGE_CURVE('',#2693,#2695,#1607,.T.);
#3455=EDGE_CURVE('',#2694,#2695,#1608,.T.);
#3456=EDGE_CURVE('',#2694,#2696,#46,.T.);
#3457=EDGE_CURVE('',#2695,#2697,#391,.T.);
#3458=EDGE_CURVE('',#2696,#2697,#1609,.T.);
#3459=EDGE_CURVE('',#2696,#2698,#1610,.T.);
#3460=EDGE_CURVE('',#2697,#2699,#1611,.T.);
#3461=EDGE_CURVE('',#2698,#2699,#1612,.T.);
#3462=EDGE_CURVE('',#2700,#2688,#47,.T.);
#3463=EDGE_CURVE('',#2700,#2701,#1613,.T.);
#3464=EDGE_CURVE('',#2701,#2690,#392,.T.);
#3465=EDGE_CURVE('',#2702,#2700,#1614,.T.);
#3466=EDGE_CURVE('',#2702,#2703,#1615,.T.);
#3467=EDGE_CURVE('',#2703,#2701,#1616,.T.);
#3468=EDGE_CURVE('',#2698,#2702,#48,.T.);
#3469=EDGE_CURVE('',#2699,#2703,#393,.T.);
#3470=EDGE_CURVE('',#2704,#2705,#1617,.T.);
#3471=EDGE_CURVE('',#2706,#2704,#394,.T.);
#3472=EDGE_CURVE('',#2707,#2706,#1618,.T.);
#3473=EDGE_CURVE('',#2708,#2707,#395,.T.);
#3474=EDGE_CURVE('',#2709,#2708,#1619,.T.);
#3475=EDGE_CURVE('',#2710,#2709,#396,.T.);
#3476=EDGE_CURVE('',#2711,#2710,#1620,.T.);
#3477=EDGE_CURVE('',#2705,#2711,#397,.T.);
#3478=EDGE_CURVE('',#2708,#2568,#1621,.T.);
#3479=EDGE_CURVE('',#2709,#2567,#1622,.T.);
#3480=EDGE_CURVE('',#2707,#2562,#1623,.F.);
#3481=EDGE_CURVE('',#2563,#2706,#1624,.T.);
#3482=EDGE_CURVE('',#2704,#2671,#1625,.T.);
#3483=EDGE_CURVE('',#2705,#2672,#1626,.T.);
#3484=EDGE_CURVE('',#2571,#2711,#1627,.T.);
#3485=EDGE_CURVE('',#2710,#2572,#1628,.F.);
#3486=EDGE_CURVE('',#2712,#2712,#398,.T.);
#3487=EDGE_CURVE('',#2712,#2479,#1629,.T.);
#3488=EDGE_CURVE('',#2713,#2713,#399,.T.);
#3489=EDGE_CURVE('',#2713,#2480,#1630,.T.);
#3490=EDGE_CURVE('',#2555,#2551,#1631,.T.);
#3491=EDGE_CURVE('',#2540,#2554,#400,.T.);
#3492=EDGE_CURVE('',#2598,#2714,#1632,.T.);
#3493=EDGE_CURVE('',#2714,#2675,#1633,.T.);
#3494=EDGE_CURVE('',#2674,#2714,#401,.T.);
#3495=EDGE_CURVE('',#2715,#2716,#49,.T.);
#3496=EDGE_CURVE('',#2716,#2717,#1634,.T.);
#3497=EDGE_CURVE('',#2717,#2718,#50,.T.);
#3498=EDGE_CURVE('',#2718,#2719,#125,.T.);
#3499=EDGE_CURVE('',#2719,#2715,#1635,.T.);
#3500=EDGE_CURVE('',#2716,#2720,#1636,.T.);
#3501=EDGE_CURVE('',#2721,#2720,#1637,.T.);
#3502=EDGE_CURVE('',#2721,#2717,#1638,.T.);
#3503=EDGE_CURVE('',#2715,#2722,#1639,.T.);
#3504=EDGE_CURVE('',#2723,#2722,#51,.T.);
#3505=EDGE_CURVE('',#2724,#2723,#1640,.T.);
#3506=EDGE_CURVE('',#2725,#2724,#402,.T.);
#3507=EDGE_CURVE('',#2726,#2725,#1641,.T.);
#3508=EDGE_CURVE('',#2720,#2726,#403,.T.);
#3509=EDGE_CURVE('',#2727,#2728,#1642,.T.);
#3510=EDGE_CURVE('',#2729,#2727,#404,.T.);
#3511=EDGE_CURVE('',#2730,#2729,#1643,.T.);
#3512=EDGE_CURVE('',#2731,#2730,#405,.T.);
#3513=EDGE_CURVE('',#2732,#2731,#1644,.T.);
#3514=EDGE_CURVE('',#2733,#2732,#1645,.T.);
#3515=EDGE_CURVE('',#2734,#2733,#406,.T.);
#3516=EDGE_CURVE('',#2735,#2734,#1646,.T.);
#3517=EDGE_CURVE('',#2736,#2735,#407,.T.);
#3518=EDGE_CURVE('',#2737,#2736,#1647,.T.);
#3519=EDGE_CURVE('',#2738,#2737,#408,.T.);
#3520=EDGE_CURVE('',#2739,#2738,#1648,.T.);
#3521=EDGE_CURVE('',#2740,#2739,#409,.T.);
#3522=EDGE_CURVE('',#2728,#2740,#1649,.T.);
#3523=EDGE_CURVE('',#2741,#2719,#52,.T.);
#3524=EDGE_CURVE('',#2742,#2741,#1650,.T.);
#3525=EDGE_CURVE('',#2743,#2742,#53,.T.);
#3526=EDGE_CURVE('',#2722,#2743,#1651,.T.);
#3527=EDGE_CURVE('',#2744,#2745,#54,.T.);
#3528=EDGE_CURVE('',#2745,#2723,#1652,.T.);
#3529=EDGE_CURVE('',#2743,#2744,#126,.T.);
#3530=EDGE_CURVE('',#2742,#2746,#1653,.T.);
#3531=EDGE_CURVE('',#2747,#2746,#127,.T.);
#3532=EDGE_CURVE('',#2747,#2744,#1654,.T.);
#3533=EDGE_CURVE('',#2748,#2727,#1655,.T.);
#3534=EDGE_CURVE('',#2728,#2749,#1656,.T.);
#3535=EDGE_CURVE('',#2749,#2748,#1657,.T.);
#3536=EDGE_CURVE('',#2748,#2750,#410,.T.);
#3537=EDGE_CURVE('',#2750,#2729,#1658,.T.);
#3538=EDGE_CURVE('',#2751,#2730,#1659,.T.);
#3539=EDGE_CURVE('',#2750,#2751,#1660,.T.);
#3540=EDGE_CURVE('',#2751,#2752,#411,.T.);
#3541=EDGE_CURVE('',#2752,#2731,#1661,.T.);
#3542=EDGE_CURVE('',#2753,#2732,#1662,.T.);
#3543=EDGE_CURVE('',#2752,#2753,#1663,.T.);
#3544=EDGE_CURVE('',#2754,#2728,#1664,.T.);
#3545=EDGE_CURVE('',#2740,#2755,#1665,.T.);
#3546=EDGE_CURVE('',#2755,#2754,#1666,.T.);
#3547=EDGE_CURVE('',#2756,#2733,#1667,.T.);
#3548=EDGE_CURVE('',#2732,#2757,#1668,.T.);
#3549=EDGE_CURVE('',#2757,#2756,#1669,.T.);
#3550=EDGE_CURVE('',#2756,#2758,#412,.T.);
#3551=EDGE_CURVE('',#2758,#2734,#1670,.T.);
#3552=EDGE_CURVE('',#2759,#2735,#1671,.T.);
#3553=EDGE_CURVE('',#2758,#2759,#1672,.T.);
#3554=EDGE_CURVE('',#2759,#2493,#413,.T.);
#3555=EDGE_CURVE('',#2493,#2736,#1673,.T.);
#3556=EDGE_CURVE('',#2492,#2737,#1674,.T.);
#3557=EDGE_CURVE('',#2492,#2760,#414,.T.);
#3558=EDGE_CURVE('',#2760,#2738,#1675,.T.);
#3559=EDGE_CURVE('',#2761,#2739,#1676,.T.);
#3560=EDGE_CURVE('',#2760,#2761,#1677,.T.);
#3561=EDGE_CURVE('',#2761,#2755,#415,.T.);
#3562=EDGE_CURVE('',#2754,#2749,#416,.T.);
#3563=EDGE_CURVE('',#2753,#2757,#417,.T.);
#3564=EDGE_CURVE('',#2761,#2428,#1678,.T.);
#3565=EDGE_CURVE('',#2427,#2755,#1679,.T.);
#3566=EDGE_CURVE('',#2429,#2760,#1680,.T.);
#3567=EDGE_CURVE('',#2759,#2440,#1681,.T.);
#3568=EDGE_CURVE('',#2441,#2758,#1682,.T.);
#3569=EDGE_CURVE('',#2756,#2442,#1683,.T.);
#3570=EDGE_CURVE('',#2443,#2757,#1684,.T.);
#3571=EDGE_CURVE('',#2745,#2762,#1685,.T.);
#3572=EDGE_CURVE('',#2762,#2724,#1686,.T.);
#3573=EDGE_CURVE('',#2762,#2763,#418,.T.);
#3574=EDGE_CURVE('',#2763,#2725,#1687,.T.);
#3575=EDGE_CURVE('',#2764,#2726,#1688,.T.);
#3576=EDGE_CURVE('',#2763,#2764,#1689,.T.);
#3577=EDGE_CURVE('',#2764,#2721,#419,.T.);
#3578=EDGE_CURVE('',#2764,#2765,#1690,.T.);
#3579=EDGE_CURVE('',#2766,#2765,#55,.T.);
#3580=EDGE_CURVE('',#2766,#2721,#1691,.T.);
#3581=EDGE_CURVE('',#2767,#2763,#1692,.T.);
#3582=EDGE_CURVE('',#2765,#2767,#1693,.T.);
#3583=EDGE_CURVE('',#2762,#2768,#1694,.T.);
#3584=EDGE_CURVE('',#2768,#2767,#56,.T.);
#3585=EDGE_CURVE('',#2769,#2747,#128,.T.);
#3586=EDGE_CURVE('',#2770,#2769,#1695,.T.);
#3587=EDGE_CURVE('',#2771,#2770,#129,.T.);
#3588=EDGE_CURVE('',#2768,#2771,#1696,.T.);
#3589=EDGE_CURVE('',#2684,#2747,#1697,.T.);
#3590=EDGE_CURVE('',#2746,#2685,#1698,.T.);
#3591=EDGE_CURVE('',#2772,#2687,#1699,.T.);
#3592=EDGE_CURVE('',#2686,#2773,#1700,.T.);
#3593=EDGE_CURVE('',#2773,#2772,#130,.T.);
#3594=EDGE_CURVE('',#2746,#2773,#1701,.T.);
#3595=EDGE_CURVE('',#2769,#2683,#1702,.T.);
#3596=EDGE_CURVE('',#2682,#2770,#1703,.T.);
#3597=EDGE_CURVE('',#2771,#2681,#1704,.T.);
#3598=EDGE_CURVE('',#2680,#2774,#1705,.T.);
#3599=EDGE_CURVE('',#2774,#2771,#131,.T.);
#3600=EDGE_CURVE('',#2679,#2775,#1706,.T.);
#3601=EDGE_CURVE('',#2775,#2774,#1707,.T.);
#3602=EDGE_CURVE('',#2678,#2776,#1708,.T.);
#3603=EDGE_CURVE('',#2776,#2775,#132,.T.);
#3604=EDGE_CURVE('',#2777,#2676,#1709,.T.);
#3605=EDGE_CURVE('',#2677,#2778,#1710,.T.);
#3606=EDGE_CURVE('',#2778,#2777,#1711,.T.);
#3607=EDGE_CURVE('',#2777,#2776,#133,.T.);
#3608=EDGE_CURVE('',#2772,#2778,#134,.T.);
#3609=EDGE_CURVE('',#2774,#2767,#1712,.T.);
#3610=EDGE_CURVE('',#2765,#2775,#1713,.T.);
#3611=EDGE_CURVE('',#2776,#2766,#1714,.T.);
#3612=EDGE_CURVE('',#2718,#2772,#1715,.T.);
#3613=EDGE_CURVE('',#2754,#2426,#1716,.T.);
#3614=EDGE_CURVE('',#2425,#2749,#1717,.T.);
#3615=EDGE_CURVE('',#2748,#2424,#1718,.T.);
#3616=EDGE_CURVE('',#2423,#2750,#1719,.T.);
#3617=EDGE_CURVE('',#2751,#2446,#1720,.T.);
#3618=EDGE_CURVE('',#2445,#2752,#1721,.T.);
#3619=EDGE_CURVE('',#2753,#2444,#1722,.T.);
#3620=EDGE_CURVE('',#2773,#2741,#1723,.T.);
#3621=ORIENTED_EDGE('',*,*,#2779,.F.);
#3622=ORIENTED_EDGE('',*,*,#2780,.T.);
#3623=ORIENTED_EDGE('',*,*,#2781,.T.);
#3624=ORIENTED_EDGE('',*,*,#2782,.F.);
#3625=ORIENTED_EDGE('',*,*,#2783,.F.);
#3626=ORIENTED_EDGE('',*,*,#2784,.T.);
#3627=ORIENTED_EDGE('',*,*,#2785,.T.);
#3628=ORIENTED_EDGE('',*,*,#2780,.F.);
#3629=ORIENTED_EDGE('',*,*,#2786,.F.);
#3630=ORIENTED_EDGE('',*,*,#2787,.T.);
#3631=ORIENTED_EDGE('',*,*,#2788,.T.);
#3632=ORIENTED_EDGE('',*,*,#2784,.F.);
#3633=ORIENTED_EDGE('',*,*,#2789,.F.);
#3634=ORIENTED_EDGE('',*,*,#2790,.T.);
#3635=ORIENTED_EDGE('',*,*,#2791,.T.);
#3636=ORIENTED_EDGE('',*,*,#2787,.F.);
#3637=ORIENTED_EDGE('',*,*,#2792,.F.);
#3638=ORIENTED_EDGE('',*,*,#2793,.T.);
#3639=ORIENTED_EDGE('',*,*,#2794,.T.);
#3640=ORIENTED_EDGE('',*,*,#2790,.F.);
#3641=ORIENTED_EDGE('',*,*,#2795,.F.);
#3642=ORIENTED_EDGE('',*,*,#2796,.T.);
#3643=ORIENTED_EDGE('',*,*,#2797,.T.);
#3644=ORIENTED_EDGE('',*,*,#2793,.F.);
#3645=ORIENTED_EDGE('',*,*,#2798,.F.);
#3646=ORIENTED_EDGE('',*,*,#2799,.T.);
#3647=ORIENTED_EDGE('',*,*,#2800,.T.);
#3648=ORIENTED_EDGE('',*,*,#2796,.F.);
#3649=ORIENTED_EDGE('',*,*,#2801,.F.);
#3650=ORIENTED_EDGE('',*,*,#2802,.T.);
#3651=ORIENTED_EDGE('',*,*,#2803,.T.);
#3652=ORIENTED_EDGE('',*,*,#2799,.F.);
#3653=ORIENTED_EDGE('',*,*,#2804,.F.);
#3654=ORIENTED_EDGE('',*,*,#2805,.T.);
#3655=ORIENTED_EDGE('',*,*,#2806,.T.);
#3656=ORIENTED_EDGE('',*,*,#2802,.F.);
#3657=ORIENTED_EDGE('',*,*,#2807,.F.);
#3658=ORIENTED_EDGE('',*,*,#2808,.T.);
#3659=ORIENTED_EDGE('',*,*,#2809,.T.);
#3660=ORIENTED_EDGE('',*,*,#2805,.F.);
#3661=ORIENTED_EDGE('',*,*,#2810,.F.);
#3662=ORIENTED_EDGE('',*,*,#2811,.T.);
#3663=ORIENTED_EDGE('',*,*,#2812,.T.);
#3664=ORIENTED_EDGE('',*,*,#2808,.F.);
#3665=ORIENTED_EDGE('',*,*,#2813,.F.);
#3666=ORIENTED_EDGE('',*,*,#2814,.T.);
#3667=ORIENTED_EDGE('',*,*,#2815,.T.);
#3668=ORIENTED_EDGE('',*,*,#2811,.F.);
#3669=ORIENTED_EDGE('',*,*,#2816,.F.);
#3670=ORIENTED_EDGE('',*,*,#2817,.T.);
#3671=ORIENTED_EDGE('',*,*,#2818,.T.);
#3672=ORIENTED_EDGE('',*,*,#2814,.F.);
#3673=ORIENTED_EDGE('',*,*,#2819,.F.);
#3674=ORIENTED_EDGE('',*,*,#2820,.T.);
#3675=ORIENTED_EDGE('',*,*,#2821,.T.);
#3676=ORIENTED_EDGE('',*,*,#2817,.F.);
#3677=ORIENTED_EDGE('',*,*,#2822,.F.);
#3678=ORIENTED_EDGE('',*,*,#2823,.T.);
#3679=ORIENTED_EDGE('',*,*,#2824,.T.);
#3680=ORIENTED_EDGE('',*,*,#2820,.F.);
#3681=ORIENTED_EDGE('',*,*,#2825,.F.);
#3682=ORIENTED_EDGE('',*,*,#2826,.T.);
#3683=ORIENTED_EDGE('',*,*,#2827,.T.);
#3684=ORIENTED_EDGE('',*,*,#2823,.F.);
#3685=ORIENTED_EDGE('',*,*,#2828,.F.);
#3686=ORIENTED_EDGE('',*,*,#2829,.T.);
#3687=ORIENTED_EDGE('',*,*,#2830,.T.);
#3688=ORIENTED_EDGE('',*,*,#2826,.F.);
#3689=ORIENTED_EDGE('',*,*,#2831,.F.);
#3690=ORIENTED_EDGE('',*,*,#2832,.T.);
#3691=ORIENTED_EDGE('',*,*,#2833,.T.);
#3692=ORIENTED_EDGE('',*,*,#2829,.F.);
#3693=ORIENTED_EDGE('',*,*,#2834,.F.);
#3694=ORIENTED_EDGE('',*,*,#2782,.T.);
#3695=ORIENTED_EDGE('',*,*,#2835,.T.);
#3696=ORIENTED_EDGE('',*,*,#2832,.F.);
#3697=ORIENTED_EDGE('',*,*,#2835,.F.);
#3698=ORIENTED_EDGE('',*,*,#2781,.F.);
#3699=ORIENTED_EDGE('',*,*,#2785,.F.);
#3700=ORIENTED_EDGE('',*,*,#2788,.F.);
#3701=ORIENTED_EDGE('',*,*,#2791,.F.);
#3702=ORIENTED_EDGE('',*,*,#2794,.F.);
#3703=ORIENTED_EDGE('',*,*,#2797,.F.);
#3704=ORIENTED_EDGE('',*,*,#2800,.F.);
#3705=ORIENTED_EDGE('',*,*,#2803,.F.);
#3706=ORIENTED_EDGE('',*,*,#2806,.F.);
#3707=ORIENTED_EDGE('',*,*,#2809,.F.);
#3708=ORIENTED_EDGE('',*,*,#2812,.F.);
#3709=ORIENTED_EDGE('',*,*,#2815,.F.);
#3710=ORIENTED_EDGE('',*,*,#2818,.F.);
#3711=ORIENTED_EDGE('',*,*,#2821,.F.);
#3712=ORIENTED_EDGE('',*,*,#2824,.F.);
#3713=ORIENTED_EDGE('',*,*,#2827,.F.);
#3714=ORIENTED_EDGE('',*,*,#2830,.F.);
#3715=ORIENTED_EDGE('',*,*,#2833,.F.);
#3716=ORIENTED_EDGE('',*,*,#2836,.F.);
#3717=ORIENTED_EDGE('',*,*,#2837,.T.);
#3718=ORIENTED_EDGE('',*,*,#2838,.T.);
#3719=ORIENTED_EDGE('',*,*,#2839,.F.);
#3720=ORIENTED_EDGE('',*,*,#2840,.F.);
#3721=ORIENTED_EDGE('',*,*,#2841,.T.);
#3722=ORIENTED_EDGE('',*,*,#2842,.T.);
#3723=ORIENTED_EDGE('',*,*,#2837,.F.);
#3724=ORIENTED_EDGE('',*,*,#2843,.F.);
#3725=ORIENTED_EDGE('',*,*,#2844,.T.);
#3726=ORIENTED_EDGE('',*,*,#2845,.T.);
#3727=ORIENTED_EDGE('',*,*,#2841,.F.);
#3728=ORIENTED_EDGE('',*,*,#2846,.F.);
#3729=ORIENTED_EDGE('',*,*,#2847,.T.);
#3730=ORIENTED_EDGE('',*,*,#2848,.T.);
#3731=ORIENTED_EDGE('',*,*,#2844,.F.);
#3732=ORIENTED_EDGE('',*,*,#2849,.F.);
#3733=ORIENTED_EDGE('',*,*,#2850,.T.);
#3734=ORIENTED_EDGE('',*,*,#2851,.T.);
#3735=ORIENTED_EDGE('',*,*,#2847,.F.);
#3736=ORIENTED_EDGE('',*,*,#2852,.F.);
#3737=ORIENTED_EDGE('',*,*,#2853,.T.);
#3738=ORIENTED_EDGE('',*,*,#2854,.T.);
#3739=ORIENTED_EDGE('',*,*,#2850,.F.);
#3740=ORIENTED_EDGE('',*,*,#2855,.F.);
#3741=ORIENTED_EDGE('',*,*,#2856,.T.);
#3742=ORIENTED_EDGE('',*,*,#2857,.T.);
#3743=ORIENTED_EDGE('',*,*,#2853,.F.);
#3744=ORIENTED_EDGE('',*,*,#2858,.F.);
#3745=ORIENTED_EDGE('',*,*,#2859,.T.);
#3746=ORIENTED_EDGE('',*,*,#2860,.T.);
#3747=ORIENTED_EDGE('',*,*,#2856,.F.);
#3748=ORIENTED_EDGE('',*,*,#2861,.F.);
#3749=ORIENTED_EDGE('',*,*,#2862,.T.);
#3750=ORIENTED_EDGE('',*,*,#2863,.T.);
#3751=ORIENTED_EDGE('',*,*,#2859,.F.);
#3752=ORIENTED_EDGE('',*,*,#2864,.F.);
#3753=ORIENTED_EDGE('',*,*,#2865,.T.);
#3754=ORIENTED_EDGE('',*,*,#2866,.T.);
#3755=ORIENTED_EDGE('',*,*,#2862,.F.);
#3756=ORIENTED_EDGE('',*,*,#2867,.F.);
#3757=ORIENTED_EDGE('',*,*,#2868,.T.);
#3758=ORIENTED_EDGE('',*,*,#2869,.T.);
#3759=ORIENTED_EDGE('',*,*,#2865,.F.);
#3760=ORIENTED_EDGE('',*,*,#2870,.F.);
#3761=ORIENTED_EDGE('',*,*,#2871,.T.);
#3762=ORIENTED_EDGE('',*,*,#2872,.T.);
#3763=ORIENTED_EDGE('',*,*,#2868,.F.);
#3764=ORIENTED_EDGE('',*,*,#2873,.F.);
#3765=ORIENTED_EDGE('',*,*,#2874,.T.);
#3766=ORIENTED_EDGE('',*,*,#2875,.T.);
#3767=ORIENTED_EDGE('',*,*,#2871,.F.);
#3768=ORIENTED_EDGE('',*,*,#2876,.F.);
#3769=ORIENTED_EDGE('',*,*,#2877,.T.);
#3770=ORIENTED_EDGE('',*,*,#2878,.T.);
#3771=ORIENTED_EDGE('',*,*,#2874,.F.);
#3772=ORIENTED_EDGE('',*,*,#2879,.F.);
#3773=ORIENTED_EDGE('',*,*,#2880,.T.);
#3774=ORIENTED_EDGE('',*,*,#2881,.T.);
#3775=ORIENTED_EDGE('',*,*,#2877,.F.);
#3776=ORIENTED_EDGE('',*,*,#2882,.F.);
#3777=ORIENTED_EDGE('',*,*,#2883,.T.);
#3778=ORIENTED_EDGE('',*,*,#2884,.T.);
#3779=ORIENTED_EDGE('',*,*,#2880,.F.);
#3780=ORIENTED_EDGE('',*,*,#2885,.F.);
#3781=ORIENTED_EDGE('',*,*,#2886,.T.);
#3782=ORIENTED_EDGE('',*,*,#2887,.T.);
#3783=ORIENTED_EDGE('',*,*,#2883,.F.);
#3784=ORIENTED_EDGE('',*,*,#2888,.F.);
#3785=ORIENTED_EDGE('',*,*,#2889,.T.);
#3786=ORIENTED_EDGE('',*,*,#2890,.T.);
#3787=ORIENTED_EDGE('',*,*,#2886,.F.);
#3788=ORIENTED_EDGE('',*,*,#2891,.F.);
#3789=ORIENTED_EDGE('',*,*,#2892,.T.);
#3790=ORIENTED_EDGE('',*,*,#2893,.T.);
#3791=ORIENTED_EDGE('',*,*,#2889,.F.);
#3792=ORIENTED_EDGE('',*,*,#2894,.F.);
#3793=ORIENTED_EDGE('',*,*,#2839,.T.);
#3794=ORIENTED_EDGE('',*,*,#2895,.T.);
#3795=ORIENTED_EDGE('',*,*,#2892,.F.);
#3796=ORIENTED_EDGE('',*,*,#2895,.F.);
#3797=ORIENTED_EDGE('',*,*,#2838,.F.);
#3798=ORIENTED_EDGE('',*,*,#2842,.F.);
#3799=ORIENTED_EDGE('',*,*,#2845,.F.);
#3800=ORIENTED_EDGE('',*,*,#2848,.F.);
#3801=ORIENTED_EDGE('',*,*,#2851,.F.);
#3802=ORIENTED_EDGE('',*,*,#2854,.F.);
#3803=ORIENTED_EDGE('',*,*,#2857,.F.);
#3804=ORIENTED_EDGE('',*,*,#2860,.F.);
#3805=ORIENTED_EDGE('',*,*,#2863,.F.);
#3806=ORIENTED_EDGE('',*,*,#2866,.F.);
#3807=ORIENTED_EDGE('',*,*,#2869,.F.);
#3808=ORIENTED_EDGE('',*,*,#2872,.F.);
#3809=ORIENTED_EDGE('',*,*,#2875,.F.);
#3810=ORIENTED_EDGE('',*,*,#2878,.F.);
#3811=ORIENTED_EDGE('',*,*,#2881,.F.);
#3812=ORIENTED_EDGE('',*,*,#2884,.F.);
#3813=ORIENTED_EDGE('',*,*,#2887,.F.);
#3814=ORIENTED_EDGE('',*,*,#2890,.F.);
#3815=ORIENTED_EDGE('',*,*,#2893,.F.);
#3816=ORIENTED_EDGE('',*,*,#2896,.F.);
#3817=ORIENTED_EDGE('',*,*,#2897,.T.);
#3818=ORIENTED_EDGE('',*,*,#2898,.T.);
#3819=ORIENTED_EDGE('',*,*,#2899,.F.);
#3820=ORIENTED_EDGE('',*,*,#2900,.F.);
#3821=ORIENTED_EDGE('',*,*,#2901,.T.);
#3822=ORIENTED_EDGE('',*,*,#2902,.T.);
#3823=ORIENTED_EDGE('',*,*,#2897,.F.);
#3824=ORIENTED_EDGE('',*,*,#2903,.F.);
#3825=ORIENTED_EDGE('',*,*,#2904,.T.);
#3826=ORIENTED_EDGE('',*,*,#2905,.T.);
#3827=ORIENTED_EDGE('',*,*,#2901,.F.);
#3828=ORIENTED_EDGE('',*,*,#2906,.F.);
#3829=ORIENTED_EDGE('',*,*,#2907,.T.);
#3830=ORIENTED_EDGE('',*,*,#2908,.T.);
#3831=ORIENTED_EDGE('',*,*,#2904,.F.);
#3832=ORIENTED_EDGE('',*,*,#2909,.F.);
#3833=ORIENTED_EDGE('',*,*,#2910,.T.);
#3834=ORIENTED_EDGE('',*,*,#2911,.T.);
#3835=ORIENTED_EDGE('',*,*,#2907,.F.);
#3836=ORIENTED_EDGE('',*,*,#2912,.F.);
#3837=ORIENTED_EDGE('',*,*,#2913,.T.);
#3838=ORIENTED_EDGE('',*,*,#2914,.T.);
#3839=ORIENTED_EDGE('',*,*,#2910,.F.);
#3840=ORIENTED_EDGE('',*,*,#2915,.F.);
#3841=ORIENTED_EDGE('',*,*,#2916,.T.);
#3842=ORIENTED_EDGE('',*,*,#2917,.T.);
#3843=ORIENTED_EDGE('',*,*,#2913,.F.);
#3844=ORIENTED_EDGE('',*,*,#2918,.F.);
#3845=ORIENTED_EDGE('',*,*,#2919,.T.);
#3846=ORIENTED_EDGE('',*,*,#2920,.T.);
#3847=ORIENTED_EDGE('',*,*,#2916,.F.);
#3848=ORIENTED_EDGE('',*,*,#2921,.F.);
#3849=ORIENTED_EDGE('',*,*,#2922,.T.);
#3850=ORIENTED_EDGE('',*,*,#2923,.T.);
#3851=ORIENTED_EDGE('',*,*,#2919,.F.);
#3852=ORIENTED_EDGE('',*,*,#2924,.F.);
#3853=ORIENTED_EDGE('',*,*,#2925,.T.);
#3854=ORIENTED_EDGE('',*,*,#2926,.T.);
#3855=ORIENTED_EDGE('',*,*,#2922,.F.);
#3856=ORIENTED_EDGE('',*,*,#2927,.F.);
#3857=ORIENTED_EDGE('',*,*,#2928,.T.);
#3858=ORIENTED_EDGE('',*,*,#2929,.T.);
#3859=ORIENTED_EDGE('',*,*,#2925,.F.);
#3860=ORIENTED_EDGE('',*,*,#2930,.F.);
#3861=ORIENTED_EDGE('',*,*,#2931,.T.);
#3862=ORIENTED_EDGE('',*,*,#2932,.T.);
#3863=ORIENTED_EDGE('',*,*,#2928,.F.);
#3864=ORIENTED_EDGE('',*,*,#2933,.F.);
#3865=ORIENTED_EDGE('',*,*,#2934,.T.);
#3866=ORIENTED_EDGE('',*,*,#2935,.T.);
#3867=ORIENTED_EDGE('',*,*,#2931,.F.);
#3868=ORIENTED_EDGE('',*,*,#2936,.F.);
#3869=ORIENTED_EDGE('',*,*,#2937,.T.);
#3870=ORIENTED_EDGE('',*,*,#2938,.T.);
#3871=ORIENTED_EDGE('',*,*,#2934,.F.);
#3872=ORIENTED_EDGE('',*,*,#2939,.F.);
#3873=ORIENTED_EDGE('',*,*,#2940,.T.);
#3874=ORIENTED_EDGE('',*,*,#2941,.T.);
#3875=ORIENTED_EDGE('',*,*,#2937,.F.);
#3876=ORIENTED_EDGE('',*,*,#2942,.F.);
#3877=ORIENTED_EDGE('',*,*,#2943,.T.);
#3878=ORIENTED_EDGE('',*,*,#2944,.T.);
#3879=ORIENTED_EDGE('',*,*,#2940,.F.);
#3880=ORIENTED_EDGE('',*,*,#2945,.F.);
#3881=ORIENTED_EDGE('',*,*,#2946,.T.);
#3882=ORIENTED_EDGE('',*,*,#2947,.T.);
#3883=ORIENTED_EDGE('',*,*,#2943,.F.);
#3884=ORIENTED_EDGE('',*,*,#2948,.F.);
#3885=ORIENTED_EDGE('',*,*,#2949,.T.);
#3886=ORIENTED_EDGE('',*,*,#2950,.T.);
#3887=ORIENTED_EDGE('',*,*,#2946,.F.);
#3888=ORIENTED_EDGE('',*,*,#2951,.F.);
#3889=ORIENTED_EDGE('',*,*,#2899,.T.);
#3890=ORIENTED_EDGE('',*,*,#2952,.T.);
#3891=ORIENTED_EDGE('',*,*,#2949,.F.);
#3892=ORIENTED_EDGE('',*,*,#2952,.F.);
#3893=ORIENTED_EDGE('',*,*,#2898,.F.);
#3894=ORIENTED_EDGE('',*,*,#2902,.F.);
#3895=ORIENTED_EDGE('',*,*,#2905,.F.);
#3896=ORIENTED_EDGE('',*,*,#2908,.F.);
#3897=ORIENTED_EDGE('',*,*,#2911,.F.);
#3898=ORIENTED_EDGE('',*,*,#2914,.F.);
#3899=ORIENTED_EDGE('',*,*,#2917,.F.);
#3900=ORIENTED_EDGE('',*,*,#2920,.F.);
#3901=ORIENTED_EDGE('',*,*,#2923,.F.);
#3902=ORIENTED_EDGE('',*,*,#2926,.F.);
#3903=ORIENTED_EDGE('',*,*,#2929,.F.);
#3904=ORIENTED_EDGE('',*,*,#2932,.F.);
#3905=ORIENTED_EDGE('',*,*,#2935,.F.);
#3906=ORIENTED_EDGE('',*,*,#2938,.F.);
#3907=ORIENTED_EDGE('',*,*,#2941,.F.);
#3908=ORIENTED_EDGE('',*,*,#2944,.F.);
#3909=ORIENTED_EDGE('',*,*,#2947,.F.);
#3910=ORIENTED_EDGE('',*,*,#2950,.F.);
#3911=ORIENTED_EDGE('',*,*,#2953,.F.);
#3912=ORIENTED_EDGE('',*,*,#2954,.T.);
#3913=ORIENTED_EDGE('',*,*,#2955,.T.);
#3914=ORIENTED_EDGE('',*,*,#2956,.F.);
#3915=ORIENTED_EDGE('',*,*,#2957,.F.);
#3916=ORIENTED_EDGE('',*,*,#2958,.T.);
#3917=ORIENTED_EDGE('',*,*,#2959,.T.);
#3918=ORIENTED_EDGE('',*,*,#2954,.F.);
#3919=ORIENTED_EDGE('',*,*,#2960,.F.);
#3920=ORIENTED_EDGE('',*,*,#2961,.T.);
#3921=ORIENTED_EDGE('',*,*,#2962,.T.);
#3922=ORIENTED_EDGE('',*,*,#2958,.F.);
#3923=ORIENTED_EDGE('',*,*,#2963,.F.);
#3924=ORIENTED_EDGE('',*,*,#2964,.T.);
#3925=ORIENTED_EDGE('',*,*,#2965,.T.);
#3926=ORIENTED_EDGE('',*,*,#2961,.F.);
#3927=ORIENTED_EDGE('',*,*,#2966,.F.);
#3928=ORIENTED_EDGE('',*,*,#2967,.T.);
#3929=ORIENTED_EDGE('',*,*,#2968,.T.);
#3930=ORIENTED_EDGE('',*,*,#2964,.F.);
#3931=ORIENTED_EDGE('',*,*,#2969,.F.);
#3932=ORIENTED_EDGE('',*,*,#2970,.T.);
#3933=ORIENTED_EDGE('',*,*,#2971,.T.);
#3934=ORIENTED_EDGE('',*,*,#2967,.F.);
#3935=ORIENTED_EDGE('',*,*,#2972,.F.);
#3936=ORIENTED_EDGE('',*,*,#2973,.T.);
#3937=ORIENTED_EDGE('',*,*,#2974,.T.);
#3938=ORIENTED_EDGE('',*,*,#2970,.F.);
#3939=ORIENTED_EDGE('',*,*,#2975,.F.);
#3940=ORIENTED_EDGE('',*,*,#2976,.T.);
#3941=ORIENTED_EDGE('',*,*,#2977,.T.);
#3942=ORIENTED_EDGE('',*,*,#2973,.F.);
#3943=ORIENTED_EDGE('',*,*,#2978,.F.);
#3944=ORIENTED_EDGE('',*,*,#2979,.T.);
#3945=ORIENTED_EDGE('',*,*,#2980,.T.);
#3946=ORIENTED_EDGE('',*,*,#2976,.F.);
#3947=ORIENTED_EDGE('',*,*,#2981,.F.);
#3948=ORIENTED_EDGE('',*,*,#2982,.T.);
#3949=ORIENTED_EDGE('',*,*,#2983,.T.);
#3950=ORIENTED_EDGE('',*,*,#2979,.F.);
#3951=ORIENTED_EDGE('',*,*,#2984,.F.);
#3952=ORIENTED_EDGE('',*,*,#2985,.T.);
#3953=ORIENTED_EDGE('',*,*,#2986,.T.);
#3954=ORIENTED_EDGE('',*,*,#2982,.F.);
#3955=ORIENTED_EDGE('',*,*,#2987,.F.);
#3956=ORIENTED_EDGE('',*,*,#2956,.T.);
#3957=ORIENTED_EDGE('',*,*,#2988,.T.);
#3958=ORIENTED_EDGE('',*,*,#2985,.F.);
#3959=ORIENTED_EDGE('',*,*,#2988,.F.);
#3960=ORIENTED_EDGE('',*,*,#2955,.F.);
#3961=ORIENTED_EDGE('',*,*,#2959,.F.);
#3962=ORIENTED_EDGE('',*,*,#2962,.F.);
#3963=ORIENTED_EDGE('',*,*,#2965,.F.);
#3964=ORIENTED_EDGE('',*,*,#2968,.F.);
#3965=ORIENTED_EDGE('',*,*,#2971,.F.);
#3966=ORIENTED_EDGE('',*,*,#2974,.F.);
#3967=ORIENTED_EDGE('',*,*,#2977,.F.);
#3968=ORIENTED_EDGE('',*,*,#2980,.F.);
#3969=ORIENTED_EDGE('',*,*,#2983,.F.);
#3970=ORIENTED_EDGE('',*,*,#2986,.F.);
#3971=ORIENTED_EDGE('',*,*,#2989,.F.);
#3972=ORIENTED_EDGE('',*,*,#2990,.T.);
#3973=ORIENTED_EDGE('',*,*,#2991,.T.);
#3974=ORIENTED_EDGE('',*,*,#2990,.F.);
#3975=ORIENTED_EDGE('',*,*,#2991,.F.);
#3976=ORIENTED_EDGE('',*,*,#2992,.F.);
#3977=ORIENTED_EDGE('',*,*,#2993,.T.);
#3978=ORIENTED_EDGE('',*,*,#2994,.T.);
#3979=ORIENTED_EDGE('',*,*,#2995,.F.);
#3980=ORIENTED_EDGE('',*,*,#2996,.F.);
#3981=ORIENTED_EDGE('',*,*,#2997,.T.);
#3982=ORIENTED_EDGE('',*,*,#2998,.T.);
#3983=ORIENTED_EDGE('',*,*,#2993,.F.);
#3984=ORIENTED_EDGE('',*,*,#2999,.F.);
#3985=ORIENTED_EDGE('',*,*,#3000,.T.);
#3986=ORIENTED_EDGE('',*,*,#3001,.T.);
#3987=ORIENTED_EDGE('',*,*,#2997,.F.);
#3988=ORIENTED_EDGE('',*,*,#3002,.F.);
#3989=ORIENTED_EDGE('',*,*,#3003,.T.);
#3990=ORIENTED_EDGE('',*,*,#3004,.T.);
#3991=ORIENTED_EDGE('',*,*,#3000,.F.);
#3992=ORIENTED_EDGE('',*,*,#3005,.F.);
#3993=ORIENTED_EDGE('',*,*,#3006,.T.);
#3994=ORIENTED_EDGE('',*,*,#3007,.T.);
#3995=ORIENTED_EDGE('',*,*,#3003,.F.);
#3996=ORIENTED_EDGE('',*,*,#3008,.F.);
#3997=ORIENTED_EDGE('',*,*,#3009,.T.);
#3998=ORIENTED_EDGE('',*,*,#3010,.T.);
#3999=ORIENTED_EDGE('',*,*,#3006,.F.);
#4000=ORIENTED_EDGE('',*,*,#3011,.F.);
#4001=ORIENTED_EDGE('',*,*,#3012,.T.);
#4002=ORIENTED_EDGE('',*,*,#3013,.T.);
#4003=ORIENTED_EDGE('',*,*,#3009,.F.);
#4004=ORIENTED_EDGE('',*,*,#3014,.F.);
#4005=ORIENTED_EDGE('',*,*,#2995,.T.);
#4006=ORIENTED_EDGE('',*,*,#3015,.T.);
#4007=ORIENTED_EDGE('',*,*,#3012,.F.);
#4008=ORIENTED_EDGE('',*,*,#3015,.F.);
#4009=ORIENTED_EDGE('',*,*,#2994,.F.);
#4010=ORIENTED_EDGE('',*,*,#2998,.F.);
#4011=ORIENTED_EDGE('',*,*,#3001,.F.);
#4012=ORIENTED_EDGE('',*,*,#3004,.F.);
#4013=ORIENTED_EDGE('',*,*,#3007,.F.);
#4014=ORIENTED_EDGE('',*,*,#3010,.F.);
#4015=ORIENTED_EDGE('',*,*,#3013,.F.);
#4016=ORIENTED_EDGE('',*,*,#3016,.F.);
#4017=ORIENTED_EDGE('',*,*,#3017,.T.);
#4018=ORIENTED_EDGE('',*,*,#3018,.T.);
#4019=ORIENTED_EDGE('',*,*,#3019,.F.);
#4020=ORIENTED_EDGE('',*,*,#3020,.F.);
#4021=ORIENTED_EDGE('',*,*,#3021,.T.);
#4022=ORIENTED_EDGE('',*,*,#3022,.T.);
#4023=ORIENTED_EDGE('',*,*,#3017,.F.);
#4024=ORIENTED_EDGE('',*,*,#3023,.F.);
#4025=ORIENTED_EDGE('',*,*,#3024,.T.);
#4026=ORIENTED_EDGE('',*,*,#3025,.T.);
#4027=ORIENTED_EDGE('',*,*,#3021,.F.);
#4028=ORIENTED_EDGE('',*,*,#3026,.F.);
#4029=ORIENTED_EDGE('',*,*,#3027,.T.);
#4030=ORIENTED_EDGE('',*,*,#3028,.T.);
#4031=ORIENTED_EDGE('',*,*,#3024,.F.);
#4032=ORIENTED_EDGE('',*,*,#3029,.F.);
#4033=ORIENTED_EDGE('',*,*,#3030,.T.);
#4034=ORIENTED_EDGE('',*,*,#3031,.T.);
#4035=ORIENTED_EDGE('',*,*,#3027,.F.);
#4036=ORIENTED_EDGE('',*,*,#3032,.F.);
#4037=ORIENTED_EDGE('',*,*,#3033,.T.);
#4038=ORIENTED_EDGE('',*,*,#3034,.T.);
#4039=ORIENTED_EDGE('',*,*,#3030,.F.);
#4040=ORIENTED_EDGE('',*,*,#3035,.F.);
#4041=ORIENTED_EDGE('',*,*,#3036,.T.);
#4042=ORIENTED_EDGE('',*,*,#3037,.T.);
#4043=ORIENTED_EDGE('',*,*,#3033,.F.);
#4044=ORIENTED_EDGE('',*,*,#3038,.F.);
#4045=ORIENTED_EDGE('',*,*,#3039,.T.);
#4046=ORIENTED_EDGE('',*,*,#3040,.T.);
#4047=ORIENTED_EDGE('',*,*,#3036,.F.);
#4048=ORIENTED_EDGE('',*,*,#3041,.F.);
#4049=ORIENTED_EDGE('',*,*,#3042,.T.);
#4050=ORIENTED_EDGE('',*,*,#3043,.T.);
#4051=ORIENTED_EDGE('',*,*,#3039,.F.);
#4052=ORIENTED_EDGE('',*,*,#3044,.F.);
#4053=ORIENTED_EDGE('',*,*,#3045,.T.);
#4054=ORIENTED_EDGE('',*,*,#3046,.T.);
#4055=ORIENTED_EDGE('',*,*,#3042,.F.);
#4056=ORIENTED_EDGE('',*,*,#3047,.F.);
#4057=ORIENTED_EDGE('',*,*,#3048,.T.);
#4058=ORIENTED_EDGE('',*,*,#3049,.T.);
#4059=ORIENTED_EDGE('',*,*,#3045,.F.);
#4060=ORIENTED_EDGE('',*,*,#3050,.F.);
#4061=ORIENTED_EDGE('',*,*,#3051,.T.);
#4062=ORIENTED_EDGE('',*,*,#3052,.T.);
#4063=ORIENTED_EDGE('',*,*,#3048,.F.);
#4064=ORIENTED_EDGE('',*,*,#3053,.F.);
#4065=ORIENTED_EDGE('',*,*,#3054,.T.);
#4066=ORIENTED_EDGE('',*,*,#3055,.T.);
#4067=ORIENTED_EDGE('',*,*,#3051,.F.);
#4068=ORIENTED_EDGE('',*,*,#3056,.F.);
#4069=ORIENTED_EDGE('',*,*,#3057,.T.);
#4070=ORIENTED_EDGE('',*,*,#3058,.T.);
#4071=ORIENTED_EDGE('',*,*,#3054,.F.);
#4072=ORIENTED_EDGE('',*,*,#3059,.F.);
#4073=ORIENTED_EDGE('',*,*,#3060,.T.);
#4074=ORIENTED_EDGE('',*,*,#3061,.T.);
#4075=ORIENTED_EDGE('',*,*,#3057,.F.);
#4076=ORIENTED_EDGE('',*,*,#3062,.F.);
#4077=ORIENTED_EDGE('',*,*,#3019,.T.);
#4078=ORIENTED_EDGE('',*,*,#3063,.T.);
#4079=ORIENTED_EDGE('',*,*,#3060,.F.);
#4080=ORIENTED_EDGE('',*,*,#3063,.F.);
#4081=ORIENTED_EDGE('',*,*,#3018,.F.);
#4082=ORIENTED_EDGE('',*,*,#3022,.F.);
#4083=ORIENTED_EDGE('',*,*,#3025,.F.);
#4084=ORIENTED_EDGE('',*,*,#3028,.F.);
#4085=ORIENTED_EDGE('',*,*,#3031,.F.);
#4086=ORIENTED_EDGE('',*,*,#3034,.F.);
#4087=ORIENTED_EDGE('',*,*,#3037,.F.);
#4088=ORIENTED_EDGE('',*,*,#3040,.F.);
#4089=ORIENTED_EDGE('',*,*,#3043,.F.);
#4090=ORIENTED_EDGE('',*,*,#3046,.F.);
#4091=ORIENTED_EDGE('',*,*,#3049,.F.);
#4092=ORIENTED_EDGE('',*,*,#3052,.F.);
#4093=ORIENTED_EDGE('',*,*,#3055,.F.);
#4094=ORIENTED_EDGE('',*,*,#3058,.F.);
#4095=ORIENTED_EDGE('',*,*,#3061,.F.);
#4096=ORIENTED_EDGE('',*,*,#3064,.F.);
#4097=ORIENTED_EDGE('',*,*,#3065,.T.);
#4098=ORIENTED_EDGE('',*,*,#3066,.T.);
#4099=ORIENTED_EDGE('',*,*,#3067,.T.);
#4100=ORIENTED_EDGE('',*,*,#3064,.T.);
#4101=ORIENTED_EDGE('',*,*,#3068,.T.);
#4102=ORIENTED_EDGE('',*,*,#3069,.T.);
#4103=ORIENTED_EDGE('',*,*,#3070,.F.);
#4104=ORIENTED_EDGE('',*,*,#3071,.T.);
#4105=ORIENTED_EDGE('',*,*,#3072,.F.);
#4106=ORIENTED_EDGE('',*,*,#3073,.F.);
#4107=ORIENTED_EDGE('',*,*,#3074,.F.);
#4108=ORIENTED_EDGE('',*,*,#3075,.T.);
#4109=ORIENTED_EDGE('',*,*,#3076,.F.);
#4110=ORIENTED_EDGE('',*,*,#3077,.T.);
#4111=ORIENTED_EDGE('',*,*,#3078,.F.);
#4112=ORIENTED_EDGE('',*,*,#3079,.T.);
#4113=ORIENTED_EDGE('',*,*,#3080,.T.);
#4114=ORIENTED_EDGE('',*,*,#3081,.T.);
#4115=ORIENTED_EDGE('',*,*,#3082,.F.);
#4116=ORIENTED_EDGE('',*,*,#3083,.T.);
#4117=ORIENTED_EDGE('',*,*,#3084,.T.);
#4118=ORIENTED_EDGE('',*,*,#3085,.T.);
#4119=ORIENTED_EDGE('',*,*,#3086,.F.);
#4120=ORIENTED_EDGE('',*,*,#3087,.T.);
#4121=ORIENTED_EDGE('',*,*,#3088,.F.);
#4122=ORIENTED_EDGE('',*,*,#3089,.T.);
#4123=ORIENTED_EDGE('',*,*,#3090,.F.);
#4124=ORIENTED_EDGE('',*,*,#3091,.F.);
#4125=ORIENTED_EDGE('',*,*,#3092,.F.);
#4126=ORIENTED_EDGE('',*,*,#3093,.T.);
#4127=ORIENTED_EDGE('',*,*,#3094,.F.);
#4128=ORIENTED_EDGE('',*,*,#3095,.T.);
#4129=ORIENTED_EDGE('',*,*,#3096,.T.);
#4130=ORIENTED_EDGE('',*,*,#3097,.T.);
#4131=ORIENTED_EDGE('',*,*,#3098,.F.);
#4132=ORIENTED_EDGE('',*,*,#3099,.T.);
#4133=ORIENTED_EDGE('',*,*,#3100,.T.);
#4134=ORIENTED_EDGE('',*,*,#3101,.T.);
#4135=ORIENTED_EDGE('',*,*,#3102,.T.);
#4136=ORIENTED_EDGE('',*,*,#3103,.T.);
#4137=ORIENTED_EDGE('',*,*,#3104,.T.);
#4138=ORIENTED_EDGE('',*,*,#3105,.T.);
#4139=ORIENTED_EDGE('',*,*,#3106,.T.);
#4140=ORIENTED_EDGE('',*,*,#3107,.T.);
#4141=ORIENTED_EDGE('',*,*,#3108,.T.);
#4142=ORIENTED_EDGE('',*,*,#3109,.T.);
#4143=ORIENTED_EDGE('',*,*,#3110,.T.);
#4144=ORIENTED_EDGE('',*,*,#3111,.T.);
#4145=ORIENTED_EDGE('',*,*,#3112,.T.);
#4146=ORIENTED_EDGE('',*,*,#3113,.T.);
#4147=ORIENTED_EDGE('',*,*,#3114,.T.);
#4148=ORIENTED_EDGE('',*,*,#3115,.T.);
#4149=ORIENTED_EDGE('',*,*,#3116,.T.);
#4150=ORIENTED_EDGE('',*,*,#3117,.T.);
#4151=ORIENTED_EDGE('',*,*,#3118,.T.);
#4152=ORIENTED_EDGE('',*,*,#3119,.T.);
#4153=ORIENTED_EDGE('',*,*,#3120,.T.);
#4154=ORIENTED_EDGE('',*,*,#3121,.T.);
#4155=ORIENTED_EDGE('',*,*,#3122,.T.);
#4156=ORIENTED_EDGE('',*,*,#3123,.T.);
#4157=ORIENTED_EDGE('',*,*,#3124,.T.);
#4158=ORIENTED_EDGE('',*,*,#3125,.T.);
#4159=ORIENTED_EDGE('',*,*,#3126,.T.);
#4160=ORIENTED_EDGE('',*,*,#3127,.T.);
#4161=ORIENTED_EDGE('',*,*,#3128,.T.);
#4162=ORIENTED_EDGE('',*,*,#3067,.F.);
#4163=ORIENTED_EDGE('',*,*,#3129,.F.);
#4164=ORIENTED_EDGE('',*,*,#3130,.F.);
#4165=ORIENTED_EDGE('',*,*,#3068,.F.);
#4166=ORIENTED_EDGE('',*,*,#3069,.F.);
#4167=ORIENTED_EDGE('',*,*,#3130,.T.);
#4168=ORIENTED_EDGE('',*,*,#3131,.T.);
#4169=ORIENTED_EDGE('',*,*,#3132,.T.);
#4170=ORIENTED_EDGE('',*,*,#3095,.F.);
#4171=ORIENTED_EDGE('',*,*,#3133,.T.);
#4172=ORIENTED_EDGE('',*,*,#3134,.T.);
#4173=ORIENTED_EDGE('',*,*,#3135,.T.);
#4174=ORIENTED_EDGE('',*,*,#3135,.F.);
#4175=ORIENTED_EDGE('',*,*,#3136,.F.);
#4176=ORIENTED_EDGE('',*,*,#3137,.F.);
#4177=ORIENTED_EDGE('',*,*,#3096,.F.);
#4178=ORIENTED_EDGE('',*,*,#3097,.F.);
#4179=ORIENTED_EDGE('',*,*,#3137,.T.);
#4180=ORIENTED_EDGE('',*,*,#3138,.T.);
#4181=ORIENTED_EDGE('',*,*,#3139,.T.);
#4182=ORIENTED_EDGE('',*,*,#3085,.F.);
#4183=ORIENTED_EDGE('',*,*,#3140,.T.);
#4184=ORIENTED_EDGE('',*,*,#3141,.T.);
#4185=ORIENTED_EDGE('',*,*,#3142,.T.);
#4186=ORIENTED_EDGE('',*,*,#3142,.F.);
#4187=ORIENTED_EDGE('',*,*,#3143,.T.);
#4188=ORIENTED_EDGE('',*,*,#3144,.F.);
#4189=ORIENTED_EDGE('',*,*,#3082,.T.);
#4190=ORIENTED_EDGE('',*,*,#3145,.F.);
#4191=ORIENTED_EDGE('',*,*,#3146,.T.);
#4192=ORIENTED_EDGE('',*,*,#3147,.F.);
#4193=ORIENTED_EDGE('',*,*,#3078,.T.);
#4194=ORIENTED_EDGE('',*,*,#3148,.F.);
#4195=ORIENTED_EDGE('',*,*,#3149,.F.);
#4196=ORIENTED_EDGE('',*,*,#3150,.F.);
#4197=ORIENTED_EDGE('',*,*,#3086,.T.);
#4198=ORIENTED_EDGE('',*,*,#3083,.F.);
#4199=ORIENTED_EDGE('',*,*,#3144,.T.);
#4200=ORIENTED_EDGE('',*,*,#3151,.T.);
#4201=ORIENTED_EDGE('',*,*,#3152,.T.);
#4202=ORIENTED_EDGE('',*,*,#3140,.F.);
#4203=ORIENTED_EDGE('',*,*,#3084,.F.);
#4204=ORIENTED_EDGE('',*,*,#3152,.F.);
#4205=ORIENTED_EDGE('',*,*,#3153,.F.);
#4206=ORIENTED_EDGE('',*,*,#3079,.F.);
#4207=ORIENTED_EDGE('',*,*,#3147,.T.);
#4208=ORIENTED_EDGE('',*,*,#3154,.T.);
#4209=ORIENTED_EDGE('',*,*,#3155,.T.);
#4210=ORIENTED_EDGE('',*,*,#3155,.F.);
#4211=ORIENTED_EDGE('',*,*,#3156,.F.);
#4212=ORIENTED_EDGE('',*,*,#3157,.F.);
#4213=ORIENTED_EDGE('',*,*,#3080,.F.);
#4214=ORIENTED_EDGE('',*,*,#3081,.F.);
#4215=ORIENTED_EDGE('',*,*,#3157,.T.);
#4216=ORIENTED_EDGE('',*,*,#3158,.T.);
#4217=ORIENTED_EDGE('',*,*,#3145,.T.);
#4218=ORIENTED_EDGE('',*,*,#3156,.T.);
#4219=ORIENTED_EDGE('',*,*,#3154,.F.);
#4220=ORIENTED_EDGE('',*,*,#3146,.F.);
#4221=ORIENTED_EDGE('',*,*,#3158,.F.);
#4222=ORIENTED_EDGE('',*,*,#3129,.T.);
#4223=ORIENTED_EDGE('',*,*,#3066,.F.);
#4224=ORIENTED_EDGE('',*,*,#3159,.F.);
#4225=ORIENTED_EDGE('',*,*,#3131,.F.);
#4226=ORIENTED_EDGE('',*,*,#3153,.T.);
#4227=ORIENTED_EDGE('',*,*,#3151,.F.);
#4228=ORIENTED_EDGE('',*,*,#3143,.F.);
#4229=ORIENTED_EDGE('',*,*,#3141,.F.);
#4230=ORIENTED_EDGE('',*,*,#3136,.T.);
#4231=ORIENTED_EDGE('',*,*,#3134,.F.);
#4232=ORIENTED_EDGE('',*,*,#3160,.F.);
#4233=ORIENTED_EDGE('',*,*,#3138,.F.);
#4234=ORIENTED_EDGE('',*,*,#3161,.F.);
#4235=ORIENTED_EDGE('',*,*,#3162,.T.);
#4236=ORIENTED_EDGE('',*,*,#3163,.T.);
#4237=ORIENTED_EDGE('',*,*,#3164,.T.);
#4238=ORIENTED_EDGE('',*,*,#3164,.F.);
#4239=ORIENTED_EDGE('',*,*,#3165,.T.);
#4240=ORIENTED_EDGE('',*,*,#3166,.F.);
#4241=ORIENTED_EDGE('',*,*,#3167,.T.);
#4242=ORIENTED_EDGE('',*,*,#3168,.T.);
#4243=ORIENTED_EDGE('',*,*,#3169,.T.);
#4244=ORIENTED_EDGE('',*,*,#3170,.T.);
#4245=ORIENTED_EDGE('',*,*,#3171,.T.);
#4246=ORIENTED_EDGE('',*,*,#3169,.F.);
#4247=ORIENTED_EDGE('',*,*,#3172,.F.);
#4248=ORIENTED_EDGE('',*,*,#3173,.F.);
#4249=ORIENTED_EDGE('',*,*,#3174,.T.);
#4250=ORIENTED_EDGE('',*,*,#3175,.T.);
#4251=ORIENTED_EDGE('',*,*,#3176,.T.);
#4252=ORIENTED_EDGE('',*,*,#3177,.T.);
#4253=ORIENTED_EDGE('',*,*,#3173,.T.);
#4254=ORIENTED_EDGE('',*,*,#3176,.F.);
#4255=ORIENTED_EDGE('',*,*,#3178,.T.);
#4256=ORIENTED_EDGE('',*,*,#3179,.F.);
#4257=ORIENTED_EDGE('',*,*,#3180,.T.);
#4258=ORIENTED_EDGE('',*,*,#3181,.F.);
#4259=ORIENTED_EDGE('',*,*,#3182,.T.);
#4260=ORIENTED_EDGE('',*,*,#3183,.T.);
#4261=ORIENTED_EDGE('',*,*,#3184,.T.);
#4262=ORIENTED_EDGE('',*,*,#3185,.T.);
#4263=ORIENTED_EDGE('',*,*,#3181,.T.);
#4264=ORIENTED_EDGE('',*,*,#3184,.F.);
#4265=ORIENTED_EDGE('',*,*,#3186,.T.);
#4266=ORIENTED_EDGE('',*,*,#3187,.F.);
#4267=ORIENTED_EDGE('',*,*,#3188,.T.);
#4268=ORIENTED_EDGE('',*,*,#3189,.T.);
#4269=ORIENTED_EDGE('',*,*,#3190,.T.);
#4270=ORIENTED_EDGE('',*,*,#3191,.T.);
#4271=ORIENTED_EDGE('',*,*,#3187,.T.);
#4272=ORIENTED_EDGE('',*,*,#3162,.F.);
#4273=ORIENTED_EDGE('',*,*,#3192,.T.);
#4274=ORIENTED_EDGE('',*,*,#3171,.F.);
#4275=ORIENTED_EDGE('',*,*,#3193,.T.);
#4276=ORIENTED_EDGE('',*,*,#3190,.F.);
#4277=ORIENTED_EDGE('',*,*,#3194,.T.);
#4278=ORIENTED_EDGE('',*,*,#3195,.T.);
#4279=ORIENTED_EDGE('',*,*,#3196,.T.);
#4280=ORIENTED_EDGE('',*,*,#3197,.F.);
#4281=ORIENTED_EDGE('',*,*,#3198,.T.);
#4282=ORIENTED_EDGE('',*,*,#3196,.F.);
#4283=ORIENTED_EDGE('',*,*,#3199,.F.);
#4284=ORIENTED_EDGE('',*,*,#3200,.F.);
#4285=ORIENTED_EDGE('',*,*,#3201,.T.);
#4286=ORIENTED_EDGE('',*,*,#3202,.F.);
#4287=ORIENTED_EDGE('',*,*,#3200,.T.);
#4288=ORIENTED_EDGE('',*,*,#3203,.F.);
#4289=ORIENTED_EDGE('',*,*,#3204,.T.);
#4290=ORIENTED_EDGE('',*,*,#3197,.T.);
#4291=ORIENTED_EDGE('',*,*,#3201,.F.);
#4292=ORIENTED_EDGE('',*,*,#3202,.T.);
#4293=ORIENTED_EDGE('',*,*,#3205,.F.);
#4294=ORIENTED_EDGE('',*,*,#3206,.T.);
#4295=ORIENTED_EDGE('',*,*,#3207,.F.);
#4296=ORIENTED_EDGE('',*,*,#3208,.T.);
#4297=ORIENTED_EDGE('',*,*,#3209,.F.);
#4298=ORIENTED_EDGE('',*,*,#3210,.T.);
#4299=ORIENTED_EDGE('',*,*,#3211,.F.);
#4300=ORIENTED_EDGE('',*,*,#3212,.T.);
#4301=ORIENTED_EDGE('',*,*,#3213,.F.);
#4302=ORIENTED_EDGE('',*,*,#3214,.T.);
#4303=ORIENTED_EDGE('',*,*,#3215,.F.);
#4304=ORIENTED_EDGE('',*,*,#3216,.F.);
#4305=ORIENTED_EDGE('',*,*,#3204,.F.);
#4306=ORIENTED_EDGE('',*,*,#3217,.T.);
#4307=ORIENTED_EDGE('',*,*,#3218,.F.);
#4308=ORIENTED_EDGE('',*,*,#3219,.T.);
#4309=ORIENTED_EDGE('',*,*,#3220,.F.);
#4310=ORIENTED_EDGE('',*,*,#3221,.T.);
#4311=ORIENTED_EDGE('',*,*,#3222,.F.);
#4312=ORIENTED_EDGE('',*,*,#3223,.T.);
#4313=ORIENTED_EDGE('',*,*,#3224,.T.);
#4314=ORIENTED_EDGE('',*,*,#3225,.T.);
#4315=ORIENTED_EDGE('',*,*,#3226,.F.);
#4316=ORIENTED_EDGE('',*,*,#3205,.T.);
#4317=ORIENTED_EDGE('',*,*,#3227,.T.);
#4318=ORIENTED_EDGE('',*,*,#3228,.T.);
#4319=ORIENTED_EDGE('',*,*,#3206,.F.);
#4320=ORIENTED_EDGE('',*,*,#3226,.T.);
#4321=ORIENTED_EDGE('',*,*,#3228,.F.);
#4322=ORIENTED_EDGE('',*,*,#3229,.F.);
#4323=ORIENTED_EDGE('',*,*,#3230,.F.);
#4324=ORIENTED_EDGE('',*,*,#3207,.T.);
#4325=ORIENTED_EDGE('',*,*,#3208,.F.);
#4326=ORIENTED_EDGE('',*,*,#3230,.T.);
#4327=ORIENTED_EDGE('',*,*,#3231,.T.);
#4328=ORIENTED_EDGE('',*,*,#3232,.T.);
#4329=ORIENTED_EDGE('',*,*,#3198,.F.);
#4330=ORIENTED_EDGE('',*,*,#3216,.T.);
#4331=ORIENTED_EDGE('',*,*,#3233,.F.);
#4332=ORIENTED_EDGE('',*,*,#3234,.T.);
#4333=ORIENTED_EDGE('',*,*,#3235,.T.);
#4334=ORIENTED_EDGE('',*,*,#3236,.T.);
#4335=ORIENTED_EDGE('',*,*,#3210,.F.);
#4336=ORIENTED_EDGE('',*,*,#3237,.T.);
#4337=ORIENTED_EDGE('',*,*,#3238,.T.);
#4338=ORIENTED_EDGE('',*,*,#3239,.T.);
#4339=ORIENTED_EDGE('',*,*,#3239,.F.);
#4340=ORIENTED_EDGE('',*,*,#3240,.T.);
#4341=ORIENTED_EDGE('',*,*,#3241,.T.);
#4342=ORIENTED_EDGE('',*,*,#3242,.T.);
#4343=ORIENTED_EDGE('',*,*,#3243,.F.);
#4344=ORIENTED_EDGE('',*,*,#3211,.T.);
#4345=ORIENTED_EDGE('',*,*,#3212,.F.);
#4346=ORIENTED_EDGE('',*,*,#3243,.T.);
#4347=ORIENTED_EDGE('',*,*,#3244,.F.);
#4348=ORIENTED_EDGE('',*,*,#3245,.T.);
#4349=ORIENTED_EDGE('',*,*,#3246,.T.);
#4350=ORIENTED_EDGE('',*,*,#3247,.T.);
#4351=ORIENTED_EDGE('',*,*,#3248,.F.);
#4352=ORIENTED_EDGE('',*,*,#3249,.T.);
#4353=ORIENTED_EDGE('',*,*,#3245,.F.);
#4354=ORIENTED_EDGE('',*,*,#3250,.T.);
#4355=ORIENTED_EDGE('',*,*,#3251,.F.);
#4356=ORIENTED_EDGE('',*,*,#3252,.T.);
#4357=ORIENTED_EDGE('',*,*,#3253,.T.);
#4358=ORIENTED_EDGE('',*,*,#3254,.T.);
#4359=ORIENTED_EDGE('',*,*,#3255,.T.);
#4360=ORIENTED_EDGE('',*,*,#3256,.T.);
#4361=ORIENTED_EDGE('',*,*,#3214,.F.);
#4362=ORIENTED_EDGE('',*,*,#3257,.T.);
#4363=ORIENTED_EDGE('',*,*,#3258,.T.);
#4364=ORIENTED_EDGE('',*,*,#3259,.F.);
#4365=ORIENTED_EDGE('',*,*,#3260,.F.);
#4366=ORIENTED_EDGE('',*,*,#3251,.T.);
#4367=ORIENTED_EDGE('',*,*,#3261,.T.);
#4368=ORIENTED_EDGE('',*,*,#3179,.T.);
#4369=ORIENTED_EDGE('',*,*,#3262,.T.);
#4370=ORIENTED_EDGE('',*,*,#3263,.T.);
#4371=ORIENTED_EDGE('',*,*,#3264,.F.);
#4372=ORIENTED_EDGE('',*,*,#3265,.F.);
#4373=ORIENTED_EDGE('',*,*,#3266,.F.);
#4374=ORIENTED_EDGE('',*,*,#3267,.F.);
#4375=ORIENTED_EDGE('',*,*,#3268,.F.);
#4376=ORIENTED_EDGE('',*,*,#3269,.F.);
#4377=ORIENTED_EDGE('',*,*,#3270,.F.);
#4378=ORIENTED_EDGE('',*,*,#3271,.F.);
#4379=ORIENTED_EDGE('',*,*,#2779,.T.);
#4380=ORIENTED_EDGE('',*,*,#2834,.T.);
#4381=ORIENTED_EDGE('',*,*,#2831,.T.);
#4382=ORIENTED_EDGE('',*,*,#2828,.T.);
#4383=ORIENTED_EDGE('',*,*,#2825,.T.);
#4384=ORIENTED_EDGE('',*,*,#2822,.T.);
#4385=ORIENTED_EDGE('',*,*,#2819,.T.);
#4386=ORIENTED_EDGE('',*,*,#2816,.T.);
#4387=ORIENTED_EDGE('',*,*,#2813,.T.);
#4388=ORIENTED_EDGE('',*,*,#2810,.T.);
#4389=ORIENTED_EDGE('',*,*,#2807,.T.);
#4390=ORIENTED_EDGE('',*,*,#2804,.T.);
#4391=ORIENTED_EDGE('',*,*,#2801,.T.);
#4392=ORIENTED_EDGE('',*,*,#2798,.T.);
#4393=ORIENTED_EDGE('',*,*,#2795,.T.);
#4394=ORIENTED_EDGE('',*,*,#2792,.T.);
#4395=ORIENTED_EDGE('',*,*,#2789,.T.);
#4396=ORIENTED_EDGE('',*,*,#2786,.T.);
#4397=ORIENTED_EDGE('',*,*,#2783,.T.);
#4398=ORIENTED_EDGE('',*,*,#2836,.T.);
#4399=ORIENTED_EDGE('',*,*,#2894,.T.);
#4400=ORIENTED_EDGE('',*,*,#2891,.T.);
#4401=ORIENTED_EDGE('',*,*,#2888,.T.);
#4402=ORIENTED_EDGE('',*,*,#2885,.T.);
#4403=ORIENTED_EDGE('',*,*,#2882,.T.);
#4404=ORIENTED_EDGE('',*,*,#2879,.T.);
#4405=ORIENTED_EDGE('',*,*,#2876,.T.);
#4406=ORIENTED_EDGE('',*,*,#2873,.T.);
#4407=ORIENTED_EDGE('',*,*,#2870,.T.);
#4408=ORIENTED_EDGE('',*,*,#2867,.T.);
#4409=ORIENTED_EDGE('',*,*,#2864,.T.);
#4410=ORIENTED_EDGE('',*,*,#2861,.T.);
#4411=ORIENTED_EDGE('',*,*,#2858,.T.);
#4412=ORIENTED_EDGE('',*,*,#2855,.T.);
#4413=ORIENTED_EDGE('',*,*,#2852,.T.);
#4414=ORIENTED_EDGE('',*,*,#2849,.T.);
#4415=ORIENTED_EDGE('',*,*,#2846,.T.);
#4416=ORIENTED_EDGE('',*,*,#2843,.T.);
#4417=ORIENTED_EDGE('',*,*,#2840,.T.);
#4418=ORIENTED_EDGE('',*,*,#2896,.T.);
#4419=ORIENTED_EDGE('',*,*,#2951,.T.);
#4420=ORIENTED_EDGE('',*,*,#2948,.T.);
#4421=ORIENTED_EDGE('',*,*,#2945,.T.);
#4422=ORIENTED_EDGE('',*,*,#2942,.T.);
#4423=ORIENTED_EDGE('',*,*,#2939,.T.);
#4424=ORIENTED_EDGE('',*,*,#2936,.T.);
#4425=ORIENTED_EDGE('',*,*,#2933,.T.);
#4426=ORIENTED_EDGE('',*,*,#2930,.T.);
#4427=ORIENTED_EDGE('',*,*,#2927,.T.);
#4428=ORIENTED_EDGE('',*,*,#2924,.T.);
#4429=ORIENTED_EDGE('',*,*,#2921,.T.);
#4430=ORIENTED_EDGE('',*,*,#2918,.T.);
#4431=ORIENTED_EDGE('',*,*,#2915,.T.);
#4432=ORIENTED_EDGE('',*,*,#2912,.T.);
#4433=ORIENTED_EDGE('',*,*,#2909,.T.);
#4434=ORIENTED_EDGE('',*,*,#2906,.T.);
#4435=ORIENTED_EDGE('',*,*,#2903,.T.);
#4436=ORIENTED_EDGE('',*,*,#2900,.T.);
#4437=ORIENTED_EDGE('',*,*,#2953,.T.);
#4438=ORIENTED_EDGE('',*,*,#2987,.T.);
#4439=ORIENTED_EDGE('',*,*,#2984,.T.);
#4440=ORIENTED_EDGE('',*,*,#2981,.T.);
#4441=ORIENTED_EDGE('',*,*,#2978,.T.);
#4442=ORIENTED_EDGE('',*,*,#2975,.T.);
#4443=ORIENTED_EDGE('',*,*,#2972,.T.);
#4444=ORIENTED_EDGE('',*,*,#2969,.T.);
#4445=ORIENTED_EDGE('',*,*,#2966,.T.);
#4446=ORIENTED_EDGE('',*,*,#2963,.T.);
#4447=ORIENTED_EDGE('',*,*,#2960,.T.);
#4448=ORIENTED_EDGE('',*,*,#2957,.T.);
#4449=ORIENTED_EDGE('',*,*,#2989,.T.);
#4450=ORIENTED_EDGE('',*,*,#2992,.T.);
#4451=ORIENTED_EDGE('',*,*,#3014,.T.);
#4452=ORIENTED_EDGE('',*,*,#3011,.T.);
#4453=ORIENTED_EDGE('',*,*,#3008,.T.);
#4454=ORIENTED_EDGE('',*,*,#3005,.T.);
#4455=ORIENTED_EDGE('',*,*,#3002,.T.);
#4456=ORIENTED_EDGE('',*,*,#2999,.T.);
#4457=ORIENTED_EDGE('',*,*,#2996,.T.);
#4458=ORIENTED_EDGE('',*,*,#3016,.T.);
#4459=ORIENTED_EDGE('',*,*,#3062,.T.);
#4460=ORIENTED_EDGE('',*,*,#3059,.T.);
#4461=ORIENTED_EDGE('',*,*,#3056,.T.);
#4462=ORIENTED_EDGE('',*,*,#3053,.T.);
#4463=ORIENTED_EDGE('',*,*,#3050,.T.);
#4464=ORIENTED_EDGE('',*,*,#3047,.T.);
#4465=ORIENTED_EDGE('',*,*,#3044,.T.);
#4466=ORIENTED_EDGE('',*,*,#3041,.T.);
#4467=ORIENTED_EDGE('',*,*,#3038,.T.);
#4468=ORIENTED_EDGE('',*,*,#3035,.T.);
#4469=ORIENTED_EDGE('',*,*,#3032,.T.);
#4470=ORIENTED_EDGE('',*,*,#3029,.T.);
#4471=ORIENTED_EDGE('',*,*,#3026,.T.);
#4472=ORIENTED_EDGE('',*,*,#3023,.T.);
#4473=ORIENTED_EDGE('',*,*,#3020,.T.);
#4474=ORIENTED_EDGE('',*,*,#3272,.F.);
#4475=ORIENTED_EDGE('',*,*,#3273,.F.);
#4476=ORIENTED_EDGE('',*,*,#3274,.F.);
#4477=ORIENTED_EDGE('',*,*,#3275,.F.);
#4478=ORIENTED_EDGE('',*,*,#3276,.F.);
#4479=ORIENTED_EDGE('',*,*,#3277,.F.);
#4480=ORIENTED_EDGE('',*,*,#3278,.F.);
#4481=ORIENTED_EDGE('',*,*,#3279,.F.);
#4482=ORIENTED_EDGE('',*,*,#3280,.F.);
#4483=ORIENTED_EDGE('',*,*,#3281,.F.);
#4484=ORIENTED_EDGE('',*,*,#3282,.F.);
#4485=ORIENTED_EDGE('',*,*,#3283,.F.);
#4486=ORIENTED_EDGE('',*,*,#3284,.F.);
#4487=ORIENTED_EDGE('',*,*,#3285,.F.);
#4488=ORIENTED_EDGE('',*,*,#3286,.F.);
#4489=ORIENTED_EDGE('',*,*,#3287,.F.);
#4490=ORIENTED_EDGE('',*,*,#3288,.F.);
#4491=ORIENTED_EDGE('',*,*,#3289,.F.);
#4492=ORIENTED_EDGE('',*,*,#3261,.F.);
#4493=ORIENTED_EDGE('',*,*,#3290,.F.);
#4494=ORIENTED_EDGE('',*,*,#3291,.F.);
#4495=ORIENTED_EDGE('',*,*,#3219,.F.);
#4496=ORIENTED_EDGE('',*,*,#3292,.F.);
#4497=ORIENTED_EDGE('',*,*,#3234,.F.);
#4498=ORIENTED_EDGE('',*,*,#3293,.F.);
#4499=ORIENTED_EDGE('',*,*,#3255,.F.);
#4500=ORIENTED_EDGE('',*,*,#3250,.F.);
#4501=ORIENTED_EDGE('',*,*,#3244,.T.);
#4502=ORIENTED_EDGE('',*,*,#3242,.F.);
#4503=ORIENTED_EDGE('',*,*,#3294,.F.);
#4504=ORIENTED_EDGE('',*,*,#3295,.F.);
#4505=ORIENTED_EDGE('',*,*,#3223,.F.);
#4506=ORIENTED_EDGE('',*,*,#3296,.F.);
#4507=ORIENTED_EDGE('',*,*,#3165,.F.);
#4508=ORIENTED_EDGE('',*,*,#3163,.F.);
#4509=ORIENTED_EDGE('',*,*,#3194,.F.);
#4510=ORIENTED_EDGE('',*,*,#3189,.F.);
#4511=ORIENTED_EDGE('',*,*,#3186,.F.);
#4512=ORIENTED_EDGE('',*,*,#3183,.F.);
#4513=ORIENTED_EDGE('',*,*,#3180,.F.);
#4514=ORIENTED_EDGE('',*,*,#3297,.T.);
#4515=ORIENTED_EDGE('',*,*,#3298,.T.);
#4516=ORIENTED_EDGE('',*,*,#3299,.T.);
#4517=ORIENTED_EDGE('',*,*,#3300,.T.);
#4518=ORIENTED_EDGE('',*,*,#3301,.T.);
#4519=ORIENTED_EDGE('',*,*,#3302,.T.);
#4520=ORIENTED_EDGE('',*,*,#3296,.T.);
#4521=ORIENTED_EDGE('',*,*,#3222,.T.);
#4522=ORIENTED_EDGE('',*,*,#3303,.T.);
#4523=ORIENTED_EDGE('',*,*,#3166,.T.);
#4524=ORIENTED_EDGE('',*,*,#3291,.T.);
#4525=ORIENTED_EDGE('',*,*,#3304,.T.);
#4526=ORIENTED_EDGE('',*,*,#3305,.T.);
#4527=ORIENTED_EDGE('',*,*,#3220,.T.);
#4528=ORIENTED_EDGE('',*,*,#3263,.F.);
#4529=ORIENTED_EDGE('',*,*,#3306,.T.);
#4530=ORIENTED_EDGE('',*,*,#3304,.F.);
#4531=ORIENTED_EDGE('',*,*,#3290,.T.);
#4532=ORIENTED_EDGE('',*,*,#3256,.F.);
#4533=ORIENTED_EDGE('',*,*,#3293,.T.);
#4534=ORIENTED_EDGE('',*,*,#3233,.T.);
#4535=ORIENTED_EDGE('',*,*,#3215,.T.);
#4536=ORIENTED_EDGE('',*,*,#3307,.F.);
#4537=ORIENTED_EDGE('',*,*,#3308,.T.);
#4538=ORIENTED_EDGE('',*,*,#3302,.F.);
#4539=ORIENTED_EDGE('',*,*,#3308,.F.);
#4540=ORIENTED_EDGE('',*,*,#3309,.F.);
#4541=ORIENTED_EDGE('',*,*,#3310,.T.);
#4542=ORIENTED_EDGE('',*,*,#3301,.F.);
#4543=ORIENTED_EDGE('',*,*,#3310,.F.);
#4544=ORIENTED_EDGE('',*,*,#3099,.F.);
#4545=ORIENTED_EDGE('',*,*,#3311,.T.);
#4546=ORIENTED_EDGE('',*,*,#3312,.T.);
#4547=ORIENTED_EDGE('',*,*,#3313,.F.);
#4548=ORIENTED_EDGE('',*,*,#3126,.F.);
#4549=ORIENTED_EDGE('',*,*,#3314,.T.);
#4550=ORIENTED_EDGE('',*,*,#3315,.T.);
#4551=ORIENTED_EDGE('',*,*,#3311,.F.);
#4552=ORIENTED_EDGE('',*,*,#3125,.F.);
#4553=ORIENTED_EDGE('',*,*,#3316,.T.);
#4554=ORIENTED_EDGE('',*,*,#3317,.T.);
#4555=ORIENTED_EDGE('',*,*,#3314,.F.);
#4556=ORIENTED_EDGE('',*,*,#3124,.F.);
#4557=ORIENTED_EDGE('',*,*,#3318,.T.);
#4558=ORIENTED_EDGE('',*,*,#3319,.T.);
#4559=ORIENTED_EDGE('',*,*,#3316,.F.);
#4560=ORIENTED_EDGE('',*,*,#3123,.F.);
#4561=ORIENTED_EDGE('',*,*,#3320,.T.);
#4562=ORIENTED_EDGE('',*,*,#3321,.T.);
#4563=ORIENTED_EDGE('',*,*,#3318,.F.);
#4564=ORIENTED_EDGE('',*,*,#3122,.F.);
#4565=ORIENTED_EDGE('',*,*,#3322,.T.);
#4566=ORIENTED_EDGE('',*,*,#3323,.T.);
#4567=ORIENTED_EDGE('',*,*,#3320,.F.);
#4568=ORIENTED_EDGE('',*,*,#3121,.F.);
#4569=ORIENTED_EDGE('',*,*,#3324,.T.);
#4570=ORIENTED_EDGE('',*,*,#3325,.T.);
#4571=ORIENTED_EDGE('',*,*,#3322,.F.);
#4572=ORIENTED_EDGE('',*,*,#3120,.F.);
#4573=ORIENTED_EDGE('',*,*,#3326,.T.);
#4574=ORIENTED_EDGE('',*,*,#3327,.T.);
#4575=ORIENTED_EDGE('',*,*,#3324,.F.);
#4576=ORIENTED_EDGE('',*,*,#3119,.F.);
#4577=ORIENTED_EDGE('',*,*,#3328,.T.);
#4578=ORIENTED_EDGE('',*,*,#3329,.T.);
#4579=ORIENTED_EDGE('',*,*,#3326,.F.);
#4580=ORIENTED_EDGE('',*,*,#3118,.F.);
#4581=ORIENTED_EDGE('',*,*,#3330,.T.);
#4582=ORIENTED_EDGE('',*,*,#3331,.T.);
#4583=ORIENTED_EDGE('',*,*,#3328,.F.);
#4584=ORIENTED_EDGE('',*,*,#3117,.F.);
#4585=ORIENTED_EDGE('',*,*,#3332,.T.);
#4586=ORIENTED_EDGE('',*,*,#3333,.T.);
#4587=ORIENTED_EDGE('',*,*,#3330,.F.);
#4588=ORIENTED_EDGE('',*,*,#3116,.F.);
#4589=ORIENTED_EDGE('',*,*,#3334,.T.);
#4590=ORIENTED_EDGE('',*,*,#3335,.T.);
#4591=ORIENTED_EDGE('',*,*,#3332,.F.);
#4592=ORIENTED_EDGE('',*,*,#3115,.F.);
#4593=ORIENTED_EDGE('',*,*,#3336,.T.);
#4594=ORIENTED_EDGE('',*,*,#3337,.T.);
#4595=ORIENTED_EDGE('',*,*,#3334,.F.);
#4596=ORIENTED_EDGE('',*,*,#3114,.F.);
#4597=ORIENTED_EDGE('',*,*,#3338,.T.);
#4598=ORIENTED_EDGE('',*,*,#3339,.T.);
#4599=ORIENTED_EDGE('',*,*,#3336,.F.);
#4600=ORIENTED_EDGE('',*,*,#3113,.F.);
#4601=ORIENTED_EDGE('',*,*,#3340,.T.);
#4602=ORIENTED_EDGE('',*,*,#3341,.T.);
#4603=ORIENTED_EDGE('',*,*,#3338,.F.);
#4604=ORIENTED_EDGE('',*,*,#3112,.F.);
#4605=ORIENTED_EDGE('',*,*,#3342,.T.);
#4606=ORIENTED_EDGE('',*,*,#3343,.T.);
#4607=ORIENTED_EDGE('',*,*,#3340,.F.);
#4608=ORIENTED_EDGE('',*,*,#3111,.F.);
#4609=ORIENTED_EDGE('',*,*,#3344,.T.);
#4610=ORIENTED_EDGE('',*,*,#3345,.T.);
#4611=ORIENTED_EDGE('',*,*,#3342,.F.);
#4612=ORIENTED_EDGE('',*,*,#3110,.F.);
#4613=ORIENTED_EDGE('',*,*,#3346,.T.);
#4614=ORIENTED_EDGE('',*,*,#3347,.T.);
#4615=ORIENTED_EDGE('',*,*,#3344,.F.);
#4616=ORIENTED_EDGE('',*,*,#3109,.F.);
#4617=ORIENTED_EDGE('',*,*,#3348,.T.);
#4618=ORIENTED_EDGE('',*,*,#3349,.T.);
#4619=ORIENTED_EDGE('',*,*,#3346,.F.);
#4620=ORIENTED_EDGE('',*,*,#3108,.F.);
#4621=ORIENTED_EDGE('',*,*,#3350,.T.);
#4622=ORIENTED_EDGE('',*,*,#3351,.T.);
#4623=ORIENTED_EDGE('',*,*,#3348,.F.);
#4624=ORIENTED_EDGE('',*,*,#3107,.F.);
#4625=ORIENTED_EDGE('',*,*,#3352,.T.);
#4626=ORIENTED_EDGE('',*,*,#3353,.T.);
#4627=ORIENTED_EDGE('',*,*,#3350,.F.);
#4628=ORIENTED_EDGE('',*,*,#3106,.F.);
#4629=ORIENTED_EDGE('',*,*,#3354,.T.);
#4630=ORIENTED_EDGE('',*,*,#3355,.T.);
#4631=ORIENTED_EDGE('',*,*,#3352,.F.);
#4632=ORIENTED_EDGE('',*,*,#3105,.F.);
#4633=ORIENTED_EDGE('',*,*,#3356,.T.);
#4634=ORIENTED_EDGE('',*,*,#3357,.T.);
#4635=ORIENTED_EDGE('',*,*,#3354,.F.);
#4636=ORIENTED_EDGE('',*,*,#3104,.F.);
#4637=ORIENTED_EDGE('',*,*,#3358,.T.);
#4638=ORIENTED_EDGE('',*,*,#3359,.T.);
#4639=ORIENTED_EDGE('',*,*,#3356,.F.);
#4640=ORIENTED_EDGE('',*,*,#3103,.F.);
#4641=ORIENTED_EDGE('',*,*,#3360,.T.);
#4642=ORIENTED_EDGE('',*,*,#3361,.T.);
#4643=ORIENTED_EDGE('',*,*,#3358,.F.);
#4644=ORIENTED_EDGE('',*,*,#3102,.F.);
#4645=ORIENTED_EDGE('',*,*,#3362,.T.);
#4646=ORIENTED_EDGE('',*,*,#3363,.T.);
#4647=ORIENTED_EDGE('',*,*,#3360,.F.);
#4648=ORIENTED_EDGE('',*,*,#3101,.F.);
#4649=ORIENTED_EDGE('',*,*,#3364,.T.);
#4650=ORIENTED_EDGE('',*,*,#3365,.T.);
#4651=ORIENTED_EDGE('',*,*,#3362,.F.);
#4652=ORIENTED_EDGE('',*,*,#3100,.F.);
#4653=ORIENTED_EDGE('',*,*,#3313,.T.);
#4654=ORIENTED_EDGE('',*,*,#3366,.T.);
#4655=ORIENTED_EDGE('',*,*,#3364,.F.);
#4656=ORIENTED_EDGE('',*,*,#3366,.F.);
#4657=ORIENTED_EDGE('',*,*,#3312,.F.);
#4658=ORIENTED_EDGE('',*,*,#3315,.F.);
#4659=ORIENTED_EDGE('',*,*,#3317,.F.);
#4660=ORIENTED_EDGE('',*,*,#3319,.F.);
#4661=ORIENTED_EDGE('',*,*,#3321,.F.);
#4662=ORIENTED_EDGE('',*,*,#3323,.F.);
#4663=ORIENTED_EDGE('',*,*,#3325,.F.);
#4664=ORIENTED_EDGE('',*,*,#3327,.F.);
#4665=ORIENTED_EDGE('',*,*,#3329,.F.);
#4666=ORIENTED_EDGE('',*,*,#3331,.F.);
#4667=ORIENTED_EDGE('',*,*,#3333,.F.);
#4668=ORIENTED_EDGE('',*,*,#3335,.F.);
#4669=ORIENTED_EDGE('',*,*,#3337,.F.);
#4670=ORIENTED_EDGE('',*,*,#3339,.F.);
#4671=ORIENTED_EDGE('',*,*,#3341,.F.);
#4672=ORIENTED_EDGE('',*,*,#3343,.F.);
#4673=ORIENTED_EDGE('',*,*,#3345,.F.);
#4674=ORIENTED_EDGE('',*,*,#3347,.F.);
#4675=ORIENTED_EDGE('',*,*,#3349,.F.);
#4676=ORIENTED_EDGE('',*,*,#3351,.F.);
#4677=ORIENTED_EDGE('',*,*,#3353,.F.);
#4678=ORIENTED_EDGE('',*,*,#3355,.F.);
#4679=ORIENTED_EDGE('',*,*,#3357,.F.);
#4680=ORIENTED_EDGE('',*,*,#3359,.F.);
#4681=ORIENTED_EDGE('',*,*,#3361,.F.);
#4682=ORIENTED_EDGE('',*,*,#3363,.F.);
#4683=ORIENTED_EDGE('',*,*,#3365,.F.);
#4684=ORIENTED_EDGE('',*,*,#3307,.T.);
#4685=ORIENTED_EDGE('',*,*,#3309,.T.);
#4686=ORIENTED_EDGE('',*,*,#3177,.F.);
#4687=ORIENTED_EDGE('',*,*,#3182,.F.);
#4688=ORIENTED_EDGE('',*,*,#3185,.F.);
#4689=ORIENTED_EDGE('',*,*,#3188,.F.);
#4690=ORIENTED_EDGE('',*,*,#3191,.F.);
#4691=ORIENTED_EDGE('',*,*,#3193,.F.);
#4692=ORIENTED_EDGE('',*,*,#3170,.F.);
#4693=ORIENTED_EDGE('',*,*,#3174,.F.);
#4694=ORIENTED_EDGE('',*,*,#3367,.F.);
#4695=ORIENTED_EDGE('',*,*,#3368,.T.);
#4696=ORIENTED_EDGE('',*,*,#3368,.F.);
#4697=ORIENTED_EDGE('',*,*,#3300,.F.);
#4698=ORIENTED_EDGE('',*,*,#3369,.T.);
#4699=ORIENTED_EDGE('',*,*,#3367,.T.);
#4700=ORIENTED_EDGE('',*,*,#3369,.F.);
#4701=ORIENTED_EDGE('',*,*,#3370,.F.);
#4702=ORIENTED_EDGE('',*,*,#3371,.T.);
#4703=ORIENTED_EDGE('',*,*,#3371,.F.);
#4704=ORIENTED_EDGE('',*,*,#3299,.F.);
#4705=ORIENTED_EDGE('',*,*,#3372,.T.);
#4706=ORIENTED_EDGE('',*,*,#3370,.T.);
#4707=ORIENTED_EDGE('',*,*,#3372,.F.);
#4708=ORIENTED_EDGE('',*,*,#3373,.F.);
#4709=ORIENTED_EDGE('',*,*,#3374,.T.);
#4710=ORIENTED_EDGE('',*,*,#3374,.F.);
#4711=ORIENTED_EDGE('',*,*,#3298,.F.);
#4712=ORIENTED_EDGE('',*,*,#3375,.T.);
#4713=ORIENTED_EDGE('',*,*,#3373,.T.);
#4714=ORIENTED_EDGE('',*,*,#3375,.F.);
#4715=ORIENTED_EDGE('',*,*,#3376,.F.);
#4716=ORIENTED_EDGE('',*,*,#3377,.T.);
#4717=ORIENTED_EDGE('',*,*,#3377,.F.);
#4718=ORIENTED_EDGE('',*,*,#3297,.F.);
#4719=ORIENTED_EDGE('',*,*,#3378,.T.);
#4720=ORIENTED_EDGE('',*,*,#3376,.T.);
#4721=ORIENTED_EDGE('',*,*,#3378,.F.);
#4722=ORIENTED_EDGE('',*,*,#3379,.F.);
#4723=ORIENTED_EDGE('',*,*,#3380,.F.);
#4724=ORIENTED_EDGE('',*,*,#3381,.F.);
#4725=ORIENTED_EDGE('',*,*,#3382,.F.);
#4726=ORIENTED_EDGE('',*,*,#3382,.T.);
#4727=ORIENTED_EDGE('',*,*,#3383,.T.);
#4728=ORIENTED_EDGE('',*,*,#3272,.T.);
#4729=ORIENTED_EDGE('',*,*,#3383,.F.);
#4730=ORIENTED_EDGE('',*,*,#3380,.T.);
#4731=ORIENTED_EDGE('',*,*,#3384,.T.);
#4732=ORIENTED_EDGE('',*,*,#3273,.T.);
#4733=ORIENTED_EDGE('',*,*,#3384,.F.);
#4734=ORIENTED_EDGE('',*,*,#3379,.T.);
#4735=ORIENTED_EDGE('',*,*,#3385,.T.);
#4736=ORIENTED_EDGE('',*,*,#3274,.T.);
#4737=ORIENTED_EDGE('',*,*,#3385,.F.);
#4738=ORIENTED_EDGE('',*,*,#3381,.T.);
#4739=ORIENTED_EDGE('',*,*,#3386,.T.);
#4740=ORIENTED_EDGE('',*,*,#3275,.T.);
#4741=ORIENTED_EDGE('',*,*,#3386,.F.);
#4742=ORIENTED_EDGE('',*,*,#3387,.F.);
#4743=ORIENTED_EDGE('',*,*,#3388,.T.);
#4744=ORIENTED_EDGE('',*,*,#3277,.T.);
#4745=ORIENTED_EDGE('',*,*,#3389,.F.);
#4746=ORIENTED_EDGE('',*,*,#3390,.F.);
#4747=ORIENTED_EDGE('',*,*,#3391,.T.);
#4748=ORIENTED_EDGE('',*,*,#3278,.T.);
#4749=ORIENTED_EDGE('',*,*,#3388,.F.);
#4750=ORIENTED_EDGE('',*,*,#3392,.F.);
#4751=ORIENTED_EDGE('',*,*,#3393,.T.);
#4752=ORIENTED_EDGE('',*,*,#3279,.T.);
#4753=ORIENTED_EDGE('',*,*,#3391,.F.);
#4754=ORIENTED_EDGE('',*,*,#3394,.F.);
#4755=ORIENTED_EDGE('',*,*,#3395,.T.);
#4756=ORIENTED_EDGE('',*,*,#3280,.T.);
#4757=ORIENTED_EDGE('',*,*,#3393,.F.);
#4758=ORIENTED_EDGE('',*,*,#3396,.F.);
#4759=ORIENTED_EDGE('',*,*,#3397,.T.);
#4760=ORIENTED_EDGE('',*,*,#3281,.T.);
#4761=ORIENTED_EDGE('',*,*,#3395,.F.);
#4762=ORIENTED_EDGE('',*,*,#3398,.F.);
#4763=ORIENTED_EDGE('',*,*,#3399,.T.);
#4764=ORIENTED_EDGE('',*,*,#3282,.T.);
#4765=ORIENTED_EDGE('',*,*,#3397,.F.);
#4766=ORIENTED_EDGE('',*,*,#3400,.F.);
#4767=ORIENTED_EDGE('',*,*,#3401,.T.);
#4768=ORIENTED_EDGE('',*,*,#3283,.T.);
#4769=ORIENTED_EDGE('',*,*,#3399,.F.);
#4770=ORIENTED_EDGE('',*,*,#3402,.F.);
#4771=ORIENTED_EDGE('',*,*,#3403,.T.);
#4772=ORIENTED_EDGE('',*,*,#3284,.T.);
#4773=ORIENTED_EDGE('',*,*,#3401,.F.);
#4774=ORIENTED_EDGE('',*,*,#3404,.F.);
#4775=ORIENTED_EDGE('',*,*,#3405,.T.);
#4776=ORIENTED_EDGE('',*,*,#3285,.T.);
#4777=ORIENTED_EDGE('',*,*,#3403,.F.);
#4778=ORIENTED_EDGE('',*,*,#3406,.F.);
#4779=ORIENTED_EDGE('',*,*,#3389,.T.);
#4780=ORIENTED_EDGE('',*,*,#3276,.T.);
#4781=ORIENTED_EDGE('',*,*,#3405,.F.);
#4782=ORIENTED_EDGE('',*,*,#3407,.F.);
#4783=ORIENTED_EDGE('',*,*,#3408,.T.);
#4784=ORIENTED_EDGE('',*,*,#3265,.T.);
#4785=ORIENTED_EDGE('',*,*,#3409,.F.);
#4786=ORIENTED_EDGE('',*,*,#3410,.F.);
#4787=ORIENTED_EDGE('',*,*,#3411,.T.);
#4788=ORIENTED_EDGE('',*,*,#3266,.T.);
#4789=ORIENTED_EDGE('',*,*,#3408,.F.);
#4790=ORIENTED_EDGE('',*,*,#3412,.F.);
#4791=ORIENTED_EDGE('',*,*,#3413,.T.);
#4792=ORIENTED_EDGE('',*,*,#3267,.T.);
#4793=ORIENTED_EDGE('',*,*,#3411,.F.);
#4794=ORIENTED_EDGE('',*,*,#3414,.F.);
#4795=ORIENTED_EDGE('',*,*,#3415,.T.);
#4796=ORIENTED_EDGE('',*,*,#3268,.T.);
#4797=ORIENTED_EDGE('',*,*,#3413,.F.);
#4798=ORIENTED_EDGE('',*,*,#3416,.F.);
#4799=ORIENTED_EDGE('',*,*,#3417,.T.);
#4800=ORIENTED_EDGE('',*,*,#3269,.T.);
#4801=ORIENTED_EDGE('',*,*,#3415,.F.);
#4802=ORIENTED_EDGE('',*,*,#3418,.F.);
#4803=ORIENTED_EDGE('',*,*,#3419,.T.);
#4804=ORIENTED_EDGE('',*,*,#3270,.T.);
#4805=ORIENTED_EDGE('',*,*,#3417,.F.);
#4806=ORIENTED_EDGE('',*,*,#3420,.F.);
#4807=ORIENTED_EDGE('',*,*,#3421,.T.);
#4808=ORIENTED_EDGE('',*,*,#3271,.T.);
#4809=ORIENTED_EDGE('',*,*,#3419,.F.);
#4810=ORIENTED_EDGE('',*,*,#3422,.F.);
#4811=ORIENTED_EDGE('',*,*,#3409,.T.);
#4812=ORIENTED_EDGE('',*,*,#3264,.T.);
#4813=ORIENTED_EDGE('',*,*,#3421,.F.);
#4814=ORIENTED_EDGE('',*,*,#3295,.T.);
#4815=ORIENTED_EDGE('',*,*,#3423,.F.);
#4816=ORIENTED_EDGE('',*,*,#3424,.T.);
#4817=ORIENTED_EDGE('',*,*,#3224,.F.);
#4818=ORIENTED_EDGE('',*,*,#3241,.F.);
#4819=ORIENTED_EDGE('',*,*,#3425,.T.);
#4820=ORIENTED_EDGE('',*,*,#3423,.T.);
#4821=ORIENTED_EDGE('',*,*,#3294,.T.);
#4822=ORIENTED_EDGE('',*,*,#3249,.F.);
#4823=ORIENTED_EDGE('',*,*,#3426,.T.);
#4824=ORIENTED_EDGE('',*,*,#3427,.T.);
#4825=ORIENTED_EDGE('',*,*,#3428,.T.);
#4826=ORIENTED_EDGE('',*,*,#3257,.F.);
#4827=ORIENTED_EDGE('',*,*,#3213,.T.);
#4828=ORIENTED_EDGE('',*,*,#3288,.T.);
#4829=ORIENTED_EDGE('',*,*,#3429,.T.);
#4830=ORIENTED_EDGE('',*,*,#3430,.T.);
#4831=ORIENTED_EDGE('',*,*,#3431,.T.);
#4832=ORIENTED_EDGE('',*,*,#3287,.T.);
#4833=ORIENTED_EDGE('',*,*,#3432,.T.);
#4834=ORIENTED_EDGE('',*,*,#3433,.T.);
#4835=ORIENTED_EDGE('',*,*,#3429,.F.);
#4836=ORIENTED_EDGE('',*,*,#3434,.F.);
#4837=ORIENTED_EDGE('',*,*,#3435,.F.);
#4838=ORIENTED_EDGE('',*,*,#3436,.F.);
#4839=ORIENTED_EDGE('',*,*,#3437,.F.);
#4840=ORIENTED_EDGE('',*,*,#3438,.F.);
#4841=ORIENTED_EDGE('',*,*,#3439,.F.);
#4842=ORIENTED_EDGE('',*,*,#3440,.F.);
#4843=ORIENTED_EDGE('',*,*,#3441,.F.);
#4844=ORIENTED_EDGE('',*,*,#3442,.F.);
#4845=ORIENTED_EDGE('',*,*,#3443,.F.);
#4846=ORIENTED_EDGE('',*,*,#3444,.F.);
#4847=ORIENTED_EDGE('',*,*,#3445,.F.);
#4848=ORIENTED_EDGE('',*,*,#3407,.T.);
#4849=ORIENTED_EDGE('',*,*,#3422,.T.);
#4850=ORIENTED_EDGE('',*,*,#3420,.T.);
#4851=ORIENTED_EDGE('',*,*,#3418,.T.);
#4852=ORIENTED_EDGE('',*,*,#3416,.T.);
#4853=ORIENTED_EDGE('',*,*,#3414,.T.);
#4854=ORIENTED_EDGE('',*,*,#3412,.T.);
#4855=ORIENTED_EDGE('',*,*,#3410,.T.);
#4856=ORIENTED_EDGE('',*,*,#3387,.T.);
#4857=ORIENTED_EDGE('',*,*,#3406,.T.);
#4858=ORIENTED_EDGE('',*,*,#3404,.T.);
#4859=ORIENTED_EDGE('',*,*,#3402,.T.);
#4860=ORIENTED_EDGE('',*,*,#3400,.T.);
#4861=ORIENTED_EDGE('',*,*,#3398,.T.);
#4862=ORIENTED_EDGE('',*,*,#3396,.T.);
#4863=ORIENTED_EDGE('',*,*,#3394,.T.);
#4864=ORIENTED_EDGE('',*,*,#3392,.T.);
#4865=ORIENTED_EDGE('',*,*,#3390,.T.);
#4866=ORIENTED_EDGE('',*,*,#3446,.F.);
#4867=ORIENTED_EDGE('',*,*,#3447,.T.);
#4868=ORIENTED_EDGE('',*,*,#3448,.T.);
#4869=ORIENTED_EDGE('',*,*,#3449,.F.);
#4870=ORIENTED_EDGE('',*,*,#3450,.F.);
#4871=ORIENTED_EDGE('',*,*,#3449,.T.);
#4872=ORIENTED_EDGE('',*,*,#3451,.T.);
#4873=ORIENTED_EDGE('',*,*,#3452,.F.);
#4874=ORIENTED_EDGE('',*,*,#3453,.F.);
#4875=ORIENTED_EDGE('',*,*,#3452,.T.);
#4876=ORIENTED_EDGE('',*,*,#3454,.T.);
#4877=ORIENTED_EDGE('',*,*,#3455,.F.);
#4878=ORIENTED_EDGE('',*,*,#3456,.F.);
#4879=ORIENTED_EDGE('',*,*,#3455,.T.);
#4880=ORIENTED_EDGE('',*,*,#3457,.T.);
#4881=ORIENTED_EDGE('',*,*,#3458,.F.);
#4882=ORIENTED_EDGE('',*,*,#3459,.F.);
#4883=ORIENTED_EDGE('',*,*,#3458,.T.);
#4884=ORIENTED_EDGE('',*,*,#3460,.T.);
#4885=ORIENTED_EDGE('',*,*,#3461,.F.);
#4886=ORIENTED_EDGE('',*,*,#3462,.F.);
#4887=ORIENTED_EDGE('',*,*,#3463,.T.);
#4888=ORIENTED_EDGE('',*,*,#3464,.T.);
#4889=ORIENTED_EDGE('',*,*,#3447,.F.);
#4890=ORIENTED_EDGE('',*,*,#3465,.F.);
#4891=ORIENTED_EDGE('',*,*,#3466,.T.);
#4892=ORIENTED_EDGE('',*,*,#3467,.T.);
#4893=ORIENTED_EDGE('',*,*,#3463,.F.);
#4894=ORIENTED_EDGE('',*,*,#3468,.F.);
#4895=ORIENTED_EDGE('',*,*,#3461,.T.);
#4896=ORIENTED_EDGE('',*,*,#3469,.T.);
#4897=ORIENTED_EDGE('',*,*,#3466,.F.);
#4898=ORIENTED_EDGE('',*,*,#3469,.F.);
#4899=ORIENTED_EDGE('',*,*,#3460,.F.);
#4900=ORIENTED_EDGE('',*,*,#3457,.F.);
#4901=ORIENTED_EDGE('',*,*,#3454,.F.);
#4902=ORIENTED_EDGE('',*,*,#3451,.F.);
#4903=ORIENTED_EDGE('',*,*,#3448,.F.);
#4904=ORIENTED_EDGE('',*,*,#3464,.F.);
#4905=ORIENTED_EDGE('',*,*,#3467,.F.);
#4906=ORIENTED_EDGE('',*,*,#3470,.F.);
#4907=ORIENTED_EDGE('',*,*,#3471,.F.);
#4908=ORIENTED_EDGE('',*,*,#3472,.F.);
#4909=ORIENTED_EDGE('',*,*,#3473,.F.);
#4910=ORIENTED_EDGE('',*,*,#3474,.F.);
#4911=ORIENTED_EDGE('',*,*,#3475,.F.);
#4912=ORIENTED_EDGE('',*,*,#3476,.F.);
#4913=ORIENTED_EDGE('',*,*,#3477,.F.);
#4914=ORIENTED_EDGE('',*,*,#3474,.T.);
#4915=ORIENTED_EDGE('',*,*,#3478,.T.);
#4916=ORIENTED_EDGE('',*,*,#3253,.F.);
#4917=ORIENTED_EDGE('',*,*,#3479,.F.);
#4918=ORIENTED_EDGE('',*,*,#3473,.T.);
#4919=ORIENTED_EDGE('',*,*,#3480,.T.);
#4920=ORIENTED_EDGE('',*,*,#3246,.F.);
#4921=ORIENTED_EDGE('',*,*,#3254,.F.);
#4922=ORIENTED_EDGE('',*,*,#3478,.F.);
#4923=ORIENTED_EDGE('',*,*,#3472,.T.);
#4924=ORIENTED_EDGE('',*,*,#3481,.F.);
#4925=ORIENTED_EDGE('',*,*,#3247,.F.);
#4926=ORIENTED_EDGE('',*,*,#3480,.F.);
#4927=ORIENTED_EDGE('',*,*,#3471,.T.);
#4928=ORIENTED_EDGE('',*,*,#3482,.T.);
#4929=ORIENTED_EDGE('',*,*,#3426,.F.);
#4930=ORIENTED_EDGE('',*,*,#3248,.T.);
#4931=ORIENTED_EDGE('',*,*,#3481,.T.);
#4932=ORIENTED_EDGE('',*,*,#3470,.T.);
#4933=ORIENTED_EDGE('',*,*,#3483,.T.);
#4934=ORIENTED_EDGE('',*,*,#3427,.F.);
#4935=ORIENTED_EDGE('',*,*,#3482,.F.);
#4936=ORIENTED_EDGE('',*,*,#3477,.T.);
#4937=ORIENTED_EDGE('',*,*,#3484,.F.);
#4938=ORIENTED_EDGE('',*,*,#3258,.F.);
#4939=ORIENTED_EDGE('',*,*,#3428,.F.);
#4940=ORIENTED_EDGE('',*,*,#3483,.F.);
#4941=ORIENTED_EDGE('',*,*,#3476,.T.);
#4942=ORIENTED_EDGE('',*,*,#3485,.T.);
#4943=ORIENTED_EDGE('',*,*,#3259,.T.);
#4944=ORIENTED_EDGE('',*,*,#3484,.T.);
#4945=ORIENTED_EDGE('',*,*,#3475,.T.);
#4946=ORIENTED_EDGE('',*,*,#3479,.T.);
#4947=ORIENTED_EDGE('',*,*,#3252,.F.);
#4948=ORIENTED_EDGE('',*,*,#3260,.T.);
#4949=ORIENTED_EDGE('',*,*,#3485,.F.);
#4950=ORIENTED_EDGE('',*,*,#3486,.F.);
#4951=ORIENTED_EDGE('',*,*,#3487,.T.);
#4952=ORIENTED_EDGE('',*,*,#3127,.F.);
#4953=ORIENTED_EDGE('',*,*,#3487,.F.);
#4954=ORIENTED_EDGE('',*,*,#3488,.F.);
#4955=ORIENTED_EDGE('',*,*,#3489,.T.);
#4956=ORIENTED_EDGE('',*,*,#3128,.F.);
#4957=ORIENTED_EDGE('',*,*,#3489,.F.);
#4958=ORIENTED_EDGE('',*,*,#3161,.T.);
#4959=ORIENTED_EDGE('',*,*,#3167,.F.);
#4960=ORIENTED_EDGE('',*,*,#3303,.F.);
#4961=ORIENTED_EDGE('',*,*,#3221,.F.);
#4962=ORIENTED_EDGE('',*,*,#3305,.F.);
#4963=ORIENTED_EDGE('',*,*,#3306,.F.);
#4964=ORIENTED_EDGE('',*,*,#3262,.F.);
#4965=ORIENTED_EDGE('',*,*,#3178,.F.);
#4966=ORIENTED_EDGE('',*,*,#3175,.F.);
#4967=ORIENTED_EDGE('',*,*,#3172,.T.);
#4968=ORIENTED_EDGE('',*,*,#3168,.F.);
#4969=ORIENTED_EDGE('',*,*,#3192,.F.);
#4970=ORIENTED_EDGE('',*,*,#3232,.F.);
#4971=ORIENTED_EDGE('',*,*,#3490,.F.);
#4972=ORIENTED_EDGE('',*,*,#3237,.F.);
#4973=ORIENTED_EDGE('',*,*,#3209,.T.);
#4974=ORIENTED_EDGE('',*,*,#3199,.T.);
#4975=ORIENTED_EDGE('',*,*,#3195,.F.);
#4976=ORIENTED_EDGE('',*,*,#3236,.F.);
#4977=ORIENTED_EDGE('',*,*,#3491,.F.);
#4978=ORIENTED_EDGE('',*,*,#3217,.F.);
#4979=ORIENTED_EDGE('',*,*,#3203,.T.);
#4980=ORIENTED_EDGE('',*,*,#3486,.T.);
#4981=ORIENTED_EDGE('',*,*,#3292,.T.);
#4982=ORIENTED_EDGE('',*,*,#3218,.T.);
#4983=ORIENTED_EDGE('',*,*,#3491,.T.);
#4984=ORIENTED_EDGE('',*,*,#3235,.F.);
#4985=ORIENTED_EDGE('',*,*,#3227,.F.);
#4986=ORIENTED_EDGE('',*,*,#3225,.F.);
#4987=ORIENTED_EDGE('',*,*,#3424,.F.);
#4988=ORIENTED_EDGE('',*,*,#3425,.F.);
#4989=ORIENTED_EDGE('',*,*,#3240,.F.);
#4990=ORIENTED_EDGE('',*,*,#3238,.F.);
#4991=ORIENTED_EDGE('',*,*,#3490,.T.);
#4992=ORIENTED_EDGE('',*,*,#3231,.F.);
#4993=ORIENTED_EDGE('',*,*,#3229,.T.);
#4994=ORIENTED_EDGE('',*,*,#3488,.T.);
#4995=ORIENTED_EDGE('',*,*,#3286,.T.);
#4996=ORIENTED_EDGE('',*,*,#3492,.T.);
#4997=ORIENTED_EDGE('',*,*,#3493,.T.);
#4998=ORIENTED_EDGE('',*,*,#3432,.F.);
#4999=ORIENTED_EDGE('',*,*,#3289,.T.);
#5000=ORIENTED_EDGE('',*,*,#3431,.F.);
#5001=ORIENTED_EDGE('',*,*,#3494,.T.);
#5002=ORIENTED_EDGE('',*,*,#3492,.F.);
#5003=ORIENTED_EDGE('',*,*,#3494,.F.);
#5004=ORIENTED_EDGE('',*,*,#3430,.F.);
#5005=ORIENTED_EDGE('',*,*,#3433,.F.);
#5006=ORIENTED_EDGE('',*,*,#3493,.F.);
#5007=ORIENTED_EDGE('',*,*,#3495,.T.);
#5008=ORIENTED_EDGE('',*,*,#3496,.T.);
#5009=ORIENTED_EDGE('',*,*,#3497,.T.);
#5010=ORIENTED_EDGE('',*,*,#3498,.T.);
#5011=ORIENTED_EDGE('',*,*,#3499,.T.);
#5012=ORIENTED_EDGE('',*,*,#3496,.F.);
#5013=ORIENTED_EDGE('',*,*,#3500,.T.);
#5014=ORIENTED_EDGE('',*,*,#3501,.F.);
#5015=ORIENTED_EDGE('',*,*,#3502,.T.);
#5016=ORIENTED_EDGE('',*,*,#3495,.F.);
#5017=ORIENTED_EDGE('',*,*,#3503,.T.);
#5018=ORIENTED_EDGE('',*,*,#3504,.F.);
#5019=ORIENTED_EDGE('',*,*,#3505,.F.);
#5020=ORIENTED_EDGE('',*,*,#3506,.F.);
#5021=ORIENTED_EDGE('',*,*,#3507,.F.);
#5022=ORIENTED_EDGE('',*,*,#3508,.F.);
#5023=ORIENTED_EDGE('',*,*,#3500,.F.);
#5024=ORIENTED_EDGE('',*,*,#3509,.F.);
#5025=ORIENTED_EDGE('',*,*,#3510,.F.);
#5026=ORIENTED_EDGE('',*,*,#3511,.F.);
#5027=ORIENTED_EDGE('',*,*,#3512,.F.);
#5028=ORIENTED_EDGE('',*,*,#3513,.F.);
#5029=ORIENTED_EDGE('',*,*,#3514,.F.);
#5030=ORIENTED_EDGE('',*,*,#3515,.F.);
#5031=ORIENTED_EDGE('',*,*,#3516,.F.);
#5032=ORIENTED_EDGE('',*,*,#3517,.F.);
#5033=ORIENTED_EDGE('',*,*,#3518,.F.);
#5034=ORIENTED_EDGE('',*,*,#3519,.F.);
#5035=ORIENTED_EDGE('',*,*,#3520,.F.);
#5036=ORIENTED_EDGE('',*,*,#3521,.F.);
#5037=ORIENTED_EDGE('',*,*,#3522,.F.);
#5038=ORIENTED_EDGE('',*,*,#3499,.F.);
#5039=ORIENTED_EDGE('',*,*,#3523,.F.);
#5040=ORIENTED_EDGE('',*,*,#3524,.F.);
#5041=ORIENTED_EDGE('',*,*,#3525,.F.);
#5042=ORIENTED_EDGE('',*,*,#3526,.F.);
#5043=ORIENTED_EDGE('',*,*,#3503,.F.);
#5044=ORIENTED_EDGE('',*,*,#3527,.T.);
#5045=ORIENTED_EDGE('',*,*,#3528,.T.);
#5046=ORIENTED_EDGE('',*,*,#3504,.T.);
#5047=ORIENTED_EDGE('',*,*,#3526,.T.);
#5048=ORIENTED_EDGE('',*,*,#3529,.T.);
#5049=ORIENTED_EDGE('',*,*,#3529,.F.);
#5050=ORIENTED_EDGE('',*,*,#3525,.T.);
#5051=ORIENTED_EDGE('',*,*,#3530,.T.);
#5052=ORIENTED_EDGE('',*,*,#3531,.F.);
#5053=ORIENTED_EDGE('',*,*,#3532,.T.);
#5054=ORIENTED_EDGE('',*,*,#3533,.T.);
#5055=ORIENTED_EDGE('',*,*,#3509,.T.);
#5056=ORIENTED_EDGE('',*,*,#3534,.T.);
#5057=ORIENTED_EDGE('',*,*,#3535,.T.);
#5058=ORIENTED_EDGE('',*,*,#3533,.F.);
#5059=ORIENTED_EDGE('',*,*,#3536,.T.);
#5060=ORIENTED_EDGE('',*,*,#3537,.T.);
#5061=ORIENTED_EDGE('',*,*,#3510,.T.);
#5062=ORIENTED_EDGE('',*,*,#3538,.T.);
#5063=ORIENTED_EDGE('',*,*,#3511,.T.);
#5064=ORIENTED_EDGE('',*,*,#3537,.F.);
#5065=ORIENTED_EDGE('',*,*,#3539,.T.);
#5066=ORIENTED_EDGE('',*,*,#3538,.F.);
#5067=ORIENTED_EDGE('',*,*,#3540,.T.);
#5068=ORIENTED_EDGE('',*,*,#3541,.T.);
#5069=ORIENTED_EDGE('',*,*,#3512,.T.);
#5070=ORIENTED_EDGE('',*,*,#3542,.T.);
#5071=ORIENTED_EDGE('',*,*,#3513,.T.);
#5072=ORIENTED_EDGE('',*,*,#3541,.F.);
#5073=ORIENTED_EDGE('',*,*,#3543,.T.);
#5074=ORIENTED_EDGE('',*,*,#3544,.T.);
#5075=ORIENTED_EDGE('',*,*,#3522,.T.);
#5076=ORIENTED_EDGE('',*,*,#3545,.T.);
#5077=ORIENTED_EDGE('',*,*,#3546,.T.);
#5078=ORIENTED_EDGE('',*,*,#3547,.T.);
#5079=ORIENTED_EDGE('',*,*,#3514,.T.);
#5080=ORIENTED_EDGE('',*,*,#3548,.T.);
#5081=ORIENTED_EDGE('',*,*,#3549,.T.);
#5082=ORIENTED_EDGE('',*,*,#3547,.F.);
#5083=ORIENTED_EDGE('',*,*,#3550,.T.);
#5084=ORIENTED_EDGE('',*,*,#3551,.T.);
#5085=ORIENTED_EDGE('',*,*,#3515,.T.);
#5086=ORIENTED_EDGE('',*,*,#3552,.T.);
#5087=ORIENTED_EDGE('',*,*,#3516,.T.);
#5088=ORIENTED_EDGE('',*,*,#3551,.F.);
#5089=ORIENTED_EDGE('',*,*,#3553,.T.);
#5090=ORIENTED_EDGE('',*,*,#3552,.F.);
#5091=ORIENTED_EDGE('',*,*,#3554,.T.);
#5092=ORIENTED_EDGE('',*,*,#3555,.T.);
#5093=ORIENTED_EDGE('',*,*,#3517,.T.);
#5094=ORIENTED_EDGE('',*,*,#3556,.T.);
#5095=ORIENTED_EDGE('',*,*,#3518,.T.);
#5096=ORIENTED_EDGE('',*,*,#3555,.F.);
#5097=ORIENTED_EDGE('',*,*,#3149,.T.);
#5098=ORIENTED_EDGE('',*,*,#3556,.F.);
#5099=ORIENTED_EDGE('',*,*,#3557,.T.);
#5100=ORIENTED_EDGE('',*,*,#3558,.T.);
#5101=ORIENTED_EDGE('',*,*,#3519,.T.);
#5102=ORIENTED_EDGE('',*,*,#3559,.T.);
#5103=ORIENTED_EDGE('',*,*,#3520,.T.);
#5104=ORIENTED_EDGE('',*,*,#3558,.F.);
#5105=ORIENTED_EDGE('',*,*,#3560,.T.);
#5106=ORIENTED_EDGE('',*,*,#3559,.F.);
#5107=ORIENTED_EDGE('',*,*,#3561,.T.);
#5108=ORIENTED_EDGE('',*,*,#3545,.F.);
#5109=ORIENTED_EDGE('',*,*,#3521,.T.);
#5110=ORIENTED_EDGE('',*,*,#3544,.F.);
#5111=ORIENTED_EDGE('',*,*,#3562,.T.);
#5112=ORIENTED_EDGE('',*,*,#3534,.F.);
#5113=ORIENTED_EDGE('',*,*,#3542,.F.);
#5114=ORIENTED_EDGE('',*,*,#3563,.T.);
#5115=ORIENTED_EDGE('',*,*,#3548,.F.);
#5116=ORIENTED_EDGE('',*,*,#3561,.F.);
#5117=ORIENTED_EDGE('',*,*,#3564,.T.);
#5118=ORIENTED_EDGE('',*,*,#3075,.F.);
#5119=ORIENTED_EDGE('',*,*,#3565,.T.);
#5120=ORIENTED_EDGE('',*,*,#3560,.F.);
#5121=ORIENTED_EDGE('',*,*,#3566,.F.);
#5122=ORIENTED_EDGE('',*,*,#3076,.T.);
#5123=ORIENTED_EDGE('',*,*,#3564,.F.);
#5124=ORIENTED_EDGE('',*,*,#3557,.F.);
#5125=ORIENTED_EDGE('',*,*,#3148,.T.);
#5126=ORIENTED_EDGE('',*,*,#3077,.F.);
#5127=ORIENTED_EDGE('',*,*,#3566,.T.);
#5128=ORIENTED_EDGE('',*,*,#3554,.F.);
#5129=ORIENTED_EDGE('',*,*,#3567,.T.);
#5130=ORIENTED_EDGE('',*,*,#3087,.F.);
#5131=ORIENTED_EDGE('',*,*,#3150,.T.);
#5132=ORIENTED_EDGE('',*,*,#3553,.F.);
#5133=ORIENTED_EDGE('',*,*,#3568,.F.);
#5134=ORIENTED_EDGE('',*,*,#3088,.T.);
#5135=ORIENTED_EDGE('',*,*,#3567,.F.);
#5136=ORIENTED_EDGE('',*,*,#3550,.F.);
#5137=ORIENTED_EDGE('',*,*,#3569,.T.);
#5138=ORIENTED_EDGE('',*,*,#3089,.F.);
#5139=ORIENTED_EDGE('',*,*,#3568,.T.);
#5140=ORIENTED_EDGE('',*,*,#3549,.F.);
#5141=ORIENTED_EDGE('',*,*,#3570,.F.);
#5142=ORIENTED_EDGE('',*,*,#3090,.T.);
#5143=ORIENTED_EDGE('',*,*,#3569,.F.);
#5144=ORIENTED_EDGE('',*,*,#3528,.F.);
#5145=ORIENTED_EDGE('',*,*,#3571,.T.);
#5146=ORIENTED_EDGE('',*,*,#3572,.T.);
#5147=ORIENTED_EDGE('',*,*,#3505,.T.);
#5148=ORIENTED_EDGE('',*,*,#3572,.F.);
#5149=ORIENTED_EDGE('',*,*,#3573,.T.);
#5150=ORIENTED_EDGE('',*,*,#3574,.T.);
#5151=ORIENTED_EDGE('',*,*,#3506,.T.);
#5152=ORIENTED_EDGE('',*,*,#3575,.T.);
#5153=ORIENTED_EDGE('',*,*,#3507,.T.);
#5154=ORIENTED_EDGE('',*,*,#3574,.F.);
#5155=ORIENTED_EDGE('',*,*,#3576,.T.);
#5156=ORIENTED_EDGE('',*,*,#3575,.F.);
#5157=ORIENTED_EDGE('',*,*,#3577,.T.);
#5158=ORIENTED_EDGE('',*,*,#3501,.T.);
#5159=ORIENTED_EDGE('',*,*,#3508,.T.);
#5160=ORIENTED_EDGE('',*,*,#3577,.F.);
#5161=ORIENTED_EDGE('',*,*,#3578,.T.);
#5162=ORIENTED_EDGE('',*,*,#3579,.F.);
#5163=ORIENTED_EDGE('',*,*,#3580,.T.);
#5164=ORIENTED_EDGE('',*,*,#3576,.F.);
#5165=ORIENTED_EDGE('',*,*,#3581,.F.);
#5166=ORIENTED_EDGE('',*,*,#3582,.F.);
#5167=ORIENTED_EDGE('',*,*,#3578,.F.);
#5168=ORIENTED_EDGE('',*,*,#3573,.F.);
#5169=ORIENTED_EDGE('',*,*,#3583,.T.);
#5170=ORIENTED_EDGE('',*,*,#3584,.T.);
#5171=ORIENTED_EDGE('',*,*,#3581,.T.);
#5172=ORIENTED_EDGE('',*,*,#3527,.F.);
#5173=ORIENTED_EDGE('',*,*,#3532,.F.);
#5174=ORIENTED_EDGE('',*,*,#3585,.F.);
#5175=ORIENTED_EDGE('',*,*,#3586,.F.);
#5176=ORIENTED_EDGE('',*,*,#3587,.F.);
#5177=ORIENTED_EDGE('',*,*,#3588,.F.);
#5178=ORIENTED_EDGE('',*,*,#3583,.F.);
#5179=ORIENTED_EDGE('',*,*,#3571,.F.);
#5180=ORIENTED_EDGE('',*,*,#3589,.T.);
#5181=ORIENTED_EDGE('',*,*,#3531,.T.);
#5182=ORIENTED_EDGE('',*,*,#3590,.T.);
#5183=ORIENTED_EDGE('',*,*,#3442,.T.);
#5184=ORIENTED_EDGE('',*,*,#3591,.T.);
#5185=ORIENTED_EDGE('',*,*,#3444,.T.);
#5186=ORIENTED_EDGE('',*,*,#3592,.T.);
#5187=ORIENTED_EDGE('',*,*,#3593,.T.);
#5188=ORIENTED_EDGE('',*,*,#3592,.F.);
#5189=ORIENTED_EDGE('',*,*,#3443,.T.);
#5190=ORIENTED_EDGE('',*,*,#3590,.F.);
#5191=ORIENTED_EDGE('',*,*,#3594,.T.);
#5192=ORIENTED_EDGE('',*,*,#3595,.T.);
#5193=ORIENTED_EDGE('',*,*,#3440,.T.);
#5194=ORIENTED_EDGE('',*,*,#3596,.T.);
#5195=ORIENTED_EDGE('',*,*,#3586,.T.);
#5196=ORIENTED_EDGE('',*,*,#3595,.F.);
#5197=ORIENTED_EDGE('',*,*,#3585,.T.);
#5198=ORIENTED_EDGE('',*,*,#3589,.F.);
#5199=ORIENTED_EDGE('',*,*,#3441,.T.);
#5200=ORIENTED_EDGE('',*,*,#3597,.T.);
#5201=ORIENTED_EDGE('',*,*,#3438,.T.);
#5202=ORIENTED_EDGE('',*,*,#3598,.T.);
#5203=ORIENTED_EDGE('',*,*,#3599,.T.);
#5204=ORIENTED_EDGE('',*,*,#3600,.T.);
#5205=ORIENTED_EDGE('',*,*,#3601,.T.);
#5206=ORIENTED_EDGE('',*,*,#3598,.F.);
#5207=ORIENTED_EDGE('',*,*,#3437,.T.);
#5208=ORIENTED_EDGE('',*,*,#3602,.T.);
#5209=ORIENTED_EDGE('',*,*,#3603,.T.);
#5210=ORIENTED_EDGE('',*,*,#3600,.F.);
#5211=ORIENTED_EDGE('',*,*,#3436,.T.);
#5212=ORIENTED_EDGE('',*,*,#3597,.F.);
#5213=ORIENTED_EDGE('',*,*,#3587,.T.);
#5214=ORIENTED_EDGE('',*,*,#3596,.F.);
#5215=ORIENTED_EDGE('',*,*,#3439,.T.);
#5216=ORIENTED_EDGE('',*,*,#3604,.T.);
#5217=ORIENTED_EDGE('',*,*,#3434,.T.);
#5218=ORIENTED_EDGE('',*,*,#3605,.T.);
#5219=ORIENTED_EDGE('',*,*,#3606,.T.);
#5220=ORIENTED_EDGE('',*,*,#3604,.F.);
#5221=ORIENTED_EDGE('',*,*,#3607,.T.);
#5222=ORIENTED_EDGE('',*,*,#3602,.F.);
#5223=ORIENTED_EDGE('',*,*,#3435,.T.);
#5224=ORIENTED_EDGE('',*,*,#3591,.F.);
#5225=ORIENTED_EDGE('',*,*,#3608,.T.);
#5226=ORIENTED_EDGE('',*,*,#3605,.F.);
#5227=ORIENTED_EDGE('',*,*,#3445,.T.);
#5228=ORIENTED_EDGE('',*,*,#3599,.F.);
#5229=ORIENTED_EDGE('',*,*,#3609,.T.);
#5230=ORIENTED_EDGE('',*,*,#3584,.F.);
#5231=ORIENTED_EDGE('',*,*,#3588,.T.);
#5232=ORIENTED_EDGE('',*,*,#3601,.F.);
#5233=ORIENTED_EDGE('',*,*,#3610,.F.);
#5234=ORIENTED_EDGE('',*,*,#3582,.T.);
#5235=ORIENTED_EDGE('',*,*,#3609,.F.);
#5236=ORIENTED_EDGE('',*,*,#3459,.T.);
#5237=ORIENTED_EDGE('',*,*,#3468,.T.);
#5238=ORIENTED_EDGE('',*,*,#3465,.T.);
#5239=ORIENTED_EDGE('',*,*,#3462,.T.);
#5240=ORIENTED_EDGE('',*,*,#3446,.T.);
#5241=ORIENTED_EDGE('',*,*,#3450,.T.);
#5242=ORIENTED_EDGE('',*,*,#3453,.T.);
#5243=ORIENTED_EDGE('',*,*,#3456,.T.);
#5244=ORIENTED_EDGE('',*,*,#3603,.F.);
#5245=ORIENTED_EDGE('',*,*,#3611,.T.);
#5246=ORIENTED_EDGE('',*,*,#3579,.T.);
#5247=ORIENTED_EDGE('',*,*,#3610,.T.);
#5248=ORIENTED_EDGE('',*,*,#3497,.F.);
#5249=ORIENTED_EDGE('',*,*,#3502,.F.);
#5250=ORIENTED_EDGE('',*,*,#3580,.F.);
#5251=ORIENTED_EDGE('',*,*,#3611,.F.);
#5252=ORIENTED_EDGE('',*,*,#3607,.F.);
#5253=ORIENTED_EDGE('',*,*,#3606,.F.);
#5254=ORIENTED_EDGE('',*,*,#3608,.F.);
#5255=ORIENTED_EDGE('',*,*,#3612,.F.);
#5256=ORIENTED_EDGE('',*,*,#3546,.F.);
#5257=ORIENTED_EDGE('',*,*,#3565,.F.);
#5258=ORIENTED_EDGE('',*,*,#3074,.T.);
#5259=ORIENTED_EDGE('',*,*,#3613,.F.);
#5260=ORIENTED_EDGE('',*,*,#3562,.F.);
#5261=ORIENTED_EDGE('',*,*,#3613,.T.);
#5262=ORIENTED_EDGE('',*,*,#3073,.T.);
#5263=ORIENTED_EDGE('',*,*,#3614,.T.);
#5264=ORIENTED_EDGE('',*,*,#3535,.F.);
#5265=ORIENTED_EDGE('',*,*,#3614,.F.);
#5266=ORIENTED_EDGE('',*,*,#3072,.T.);
#5267=ORIENTED_EDGE('',*,*,#3615,.F.);
#5268=ORIENTED_EDGE('',*,*,#3536,.F.);
#5269=ORIENTED_EDGE('',*,*,#3615,.T.);
#5270=ORIENTED_EDGE('',*,*,#3071,.F.);
#5271=ORIENTED_EDGE('',*,*,#3616,.T.);
#5272=ORIENTED_EDGE('',*,*,#3540,.F.);
#5273=ORIENTED_EDGE('',*,*,#3617,.T.);
#5274=ORIENTED_EDGE('',*,*,#3093,.F.);
#5275=ORIENTED_EDGE('',*,*,#3618,.T.);
#5276=ORIENTED_EDGE('',*,*,#3065,.F.);
#5277=ORIENTED_EDGE('',*,*,#3098,.T.);
#5278=ORIENTED_EDGE('',*,*,#3139,.F.);
#5279=ORIENTED_EDGE('',*,*,#3160,.T.);
#5280=ORIENTED_EDGE('',*,*,#3133,.F.);
#5281=ORIENTED_EDGE('',*,*,#3094,.T.);
#5282=ORIENTED_EDGE('',*,*,#3617,.F.);
#5283=ORIENTED_EDGE('',*,*,#3539,.F.);
#5284=ORIENTED_EDGE('',*,*,#3616,.F.);
#5285=ORIENTED_EDGE('',*,*,#3070,.T.);
#5286=ORIENTED_EDGE('',*,*,#3132,.F.);
#5287=ORIENTED_EDGE('',*,*,#3159,.T.);
#5288=ORIENTED_EDGE('',*,*,#3563,.F.);
#5289=ORIENTED_EDGE('',*,*,#3619,.T.);
#5290=ORIENTED_EDGE('',*,*,#3091,.T.);
#5291=ORIENTED_EDGE('',*,*,#3570,.T.);
#5292=ORIENTED_EDGE('',*,*,#3543,.F.);
#5293=ORIENTED_EDGE('',*,*,#3618,.F.);
#5294=ORIENTED_EDGE('',*,*,#3092,.T.);
#5295=ORIENTED_EDGE('',*,*,#3619,.F.);
#5296=ORIENTED_EDGE('',*,*,#3594,.F.);
#5297=ORIENTED_EDGE('',*,*,#3530,.F.);
#5298=ORIENTED_EDGE('',*,*,#3524,.T.);
#5299=ORIENTED_EDGE('',*,*,#3620,.F.);
#5300=ORIENTED_EDGE('',*,*,#3498,.F.);
#5301=ORIENTED_EDGE('',*,*,#3612,.T.);
#5302=ORIENTED_EDGE('',*,*,#3593,.F.);
#5303=ORIENTED_EDGE('',*,*,#3620,.T.);
#5304=ORIENTED_EDGE('',*,*,#3523,.T.);
#5305=PLANE('',#5764);
#5306=PLANE('',#5771);
#5307=PLANE('',#5775);
#5308=PLANE('',#5779);
#5309=PLANE('',#5783);
#5310=PLANE('',#5787);
#5311=PLANE('',#5791);
#5312=PLANE('',#5795);
#5313=PLANE('',#5799);
#5314=PLANE('',#5803);
#5315=PLANE('',#5807);
#5316=PLANE('',#5811);
#5317=PLANE('',#5812);
#5318=PLANE('',#5816);
#5319=PLANE('',#5820);
#5320=PLANE('',#5821);
#5321=PLANE('',#5825);
#5322=PLANE('',#5829);
#5323=PLANE('',#5830);
#5324=PLANE('',#5834);
#5325=PLANE('',#5838);
#5326=PLANE('',#5839);
#5327=PLANE('',#5840);
#5328=PLANE('',#5841);
#5329=PLANE('',#5848);
#5330=PLANE('',#5852);
#5331=PLANE('',#5856);
#5332=PLANE('',#5860);
#5333=PLANE('',#5864);
#5334=PLANE('',#5868);
#5335=PLANE('',#5872);
#5336=PLANE('',#5876);
#5337=PLANE('',#5880);
#5338=PLANE('',#5881);
#5339=PLANE('',#5885);
#5340=PLANE('',#5889);
#5341=PLANE('',#5893);
#5342=PLANE('',#5897);
#5343=PLANE('',#5901);
#5344=PLANE('',#5905);
#5345=PLANE('',#5909);
#5346=PLANE('',#5910);
#5347=PLANE('',#5914);
#5348=PLANE('',#5918);
#5349=PLANE('',#5922);
#5350=PLANE('',#5926);
#5351=PLANE('',#5930);
#5352=PLANE('',#5943);
#5353=PLANE('',#5953);
#5354=PLANE('',#5957);
#5355=PLANE('',#6009);
#5356=PLANE('',#6020);
#5357=PLANE('',#6021);
#5358=PLANE('',#6022);
#5359=PLANE('',#6023);
#5360=PLANE('',#6027);
#5361=PLANE('',#6031);
#5362=PLANE('',#6035);
#5363=PLANE('',#6039);
#5364=PLANE('',#6043);
#5365=PLANE('',#6053);
#5366=PLANE('',#6062);
#5367=PLANE('',#6069);
#5368=PLANE('',#6077);
#5369=PLANE('',#6085);
#5370=PLANE('',#6116);
#5371=PLANE('',#6126);
#5372=PLANE('',#6129);
#5373=PLANE('',#6132);
#5374=PLANE('',#6135);
#5375=PLANE('',#6138);
#5376=PLANE('',#6141);
#5377=PLANE('',#6144);
#5378=PLANE('',#6147);
#5379=PLANE('',#6150);
#5380=PLANE('',#6167);
#5381=PLANE('',#6180);
#5382=PLANE('',#6182);
#5383=PLANE('',#6184);
#5384=PLANE('',#6186);
#5385=PLANE('',#6202);
#5386=PLANE('',#6205);
#5387=PLANE('',#6208);
#5388=PLANE('',#6211);
#5389=PLANE('',#6216);
#5390=PLANE('',#6217);
#5391=PLANE('',#6220);
#5392=PLANE('',#6223);
#5393=PLANE('',#6224);
#5394=PLANE('',#6225);
#5395=PLANE('',#6229);
#5396=PLANE('',#6233);
#5397=PLANE('',#6237);
#5398=PLANE('',#6241);
#5399=PLANE('',#6246);
#5400=PLANE('',#6248);
#5401=PLANE('',#6250);
#5402=PLANE('',#6252);
#5403=PLANE('',#6258);
#5404=PLANE('',#6259);
#5405=PLANE('',#6260);
#5406=PLANE('',#6263);
#5407=PLANE('',#6264);
#5408=PLANE('',#6267);
#5409=PLANE('',#6271);
#5410=PLANE('',#6272);
#5411=PLANE('',#6282);
#5412=PLANE('',#6288);
#5413=PLANE('',#6291);
#5414=PLANE('',#6294);
#5415=PLANE('',#6295);
#5416=PLANE('',#6296);
#5417=PLANE('',#6299);
#5418=PLANE('',#6302);
#5419=PLANE('',#6305);
#5420=PLANE('',#6313);
#5421=PLANE('',#6316);
#5422=PLANE('',#6318);
#5423=PLANE('',#6319);
#5424=PLANE('',#6322);
#5425=PLANE('',#6327);
#5426=PLANE('',#6330);
#5427=PLANE('',#6331);
#5428=PLANE('',#6332);
#5429=PLANE('',#6333);
#5430=PLANE('',#6334);
#5431=PLANE('',#6336);
#5432=PLANE('',#6338);
#5433=PLANE('',#6339);
#5434=PLANE('',#6341);
#5435=PLANE('',#6344);
#5436=PLANE('',#6346);
#5437=PLANE('',#6347);
#5438=ADVANCED_FACE('',(#565),#5305,.F.);
#5439=ADVANCED_FACE('',(#566),#420,.F.);
#5440=ADVANCED_FACE('',(#567),#421,.F.);
#5441=ADVANCED_FACE('',(#568),#5306,.F.);
#5442=ADVANCED_FACE('',(#569),#422,.F.);
#5443=ADVANCED_FACE('',(#570),#5307,.F.);
#5444=ADVANCED_FACE('',(#571),#423,.F.);
#5445=ADVANCED_FACE('',(#572),#5308,.F.);
#5446=ADVANCED_FACE('',(#573),#424,.T.);
#5447=ADVANCED_FACE('',(#574),#5309,.F.);
#5448=ADVANCED_FACE('',(#575),#425,.F.);
#5449=ADVANCED_FACE('',(#576),#5310,.F.);
#5450=ADVANCED_FACE('',(#577),#426,.F.);
#5451=ADVANCED_FACE('',(#578),#5311,.F.);
#5452=ADVANCED_FACE('',(#579),#427,.T.);
#5453=ADVANCED_FACE('',(#580),#5312,.F.);
#5454=ADVANCED_FACE('',(#581),#428,.F.);
#5455=ADVANCED_FACE('',(#582),#5313,.F.);
#5456=ADVANCED_FACE('',(#583),#429,.F.);
#5457=ADVANCED_FACE('',(#584),#5314,.T.);
#5458=ADVANCED_FACE('',(#585),#430,.F.);
#5459=ADVANCED_FACE('',(#586),#5315,.F.);
#5460=ADVANCED_FACE('',(#587),#431,.F.);
#5461=ADVANCED_FACE('',(#588),#5316,.F.);
#5462=ADVANCED_FACE('',(#589),#5317,.F.);
#5463=ADVANCED_FACE('',(#590),#432,.F.);
#5464=ADVANCED_FACE('',(#591),#5318,.F.);
#5465=ADVANCED_FACE('',(#592),#433,.F.);
#5466=ADVANCED_FACE('',(#593),#5319,.F.);
#5467=ADVANCED_FACE('',(#594),#5320,.F.);
#5468=ADVANCED_FACE('',(#595),#434,.F.);
#5469=ADVANCED_FACE('',(#596),#5321,.F.);
#5470=ADVANCED_FACE('',(#597),#435,.F.);
#5471=ADVANCED_FACE('',(#598),#5322,.F.);
#5472=ADVANCED_FACE('',(#599),#5323,.F.);
#5473=ADVANCED_FACE('',(#600),#436,.F.);
#5474=ADVANCED_FACE('',(#601),#5324,.F.);
#5475=ADVANCED_FACE('',(#602),#437,.F.);
#5476=ADVANCED_FACE('',(#603),#5325,.F.);
#5477=ADVANCED_FACE('',(#604),#5326,.F.);
#5478=ADVANCED_FACE('',(#605),#5327,.T.);
#5479=ADVANCED_FACE('',(#606),#5328,.F.);
#5480=ADVANCED_FACE('',(#607),#438,.F.);
#5481=ADVANCED_FACE('',(#608),#439,.F.);
#5482=ADVANCED_FACE('',(#609),#5329,.F.);
#5483=ADVANCED_FACE('',(#610),#440,.F.);
#5484=ADVANCED_FACE('',(#611),#5330,.F.);
#5485=ADVANCED_FACE('',(#612),#441,.F.);
#5486=ADVANCED_FACE('',(#613),#5331,.F.);
#5487=ADVANCED_FACE('',(#614),#442,.T.);
#5488=ADVANCED_FACE('',(#615),#5332,.F.);
#5489=ADVANCED_FACE('',(#616),#443,.F.);
#5490=ADVANCED_FACE('',(#617),#5333,.F.);
#5491=ADVANCED_FACE('',(#618),#444,.F.);
#5492=ADVANCED_FACE('',(#619),#5334,.F.);
#5493=ADVANCED_FACE('',(#620),#445,.T.);
#5494=ADVANCED_FACE('',(#621),#5335,.F.);
#5495=ADVANCED_FACE('',(#622),#446,.F.);
#5496=ADVANCED_FACE('',(#623),#5336,.F.);
#5497=ADVANCED_FACE('',(#624),#447,.F.);
#5498=ADVANCED_FACE('',(#625),#5337,.T.);
#5499=ADVANCED_FACE('',(#626),#5338,.F.);
#5500=ADVANCED_FACE('',(#627),#448,.F.);
#5501=ADVANCED_FACE('',(#628),#5339,.F.);
#5502=ADVANCED_FACE('',(#629),#449,.F.);
#5503=ADVANCED_FACE('',(#630),#5340,.F.);
#5504=ADVANCED_FACE('',(#631),#450,.F.);
#5505=ADVANCED_FACE('',(#632),#5341,.F.);
#5506=ADVANCED_FACE('',(#633),#451,.F.);
#5507=ADVANCED_FACE('',(#634),#5342,.F.);
#5508=ADVANCED_FACE('',(#635),#452,.T.);
#5509=ADVANCED_FACE('',(#636),#5343,.F.);
#5510=ADVANCED_FACE('',(#637),#453,.F.);
#5511=ADVANCED_FACE('',(#638),#5344,.T.);
#5512=ADVANCED_FACE('',(#639),#454,.F.);
#5513=ADVANCED_FACE('',(#640),#5345,.T.);
#5514=ADVANCED_FACE('',(#641),#5346,.F.);
#5515=ADVANCED_FACE('',(#642),#455,.F.);
#5516=ADVANCED_FACE('',(#643),#5347,.F.);
#5517=ADVANCED_FACE('',(#644),#456,.F.);
#5518=ADVANCED_FACE('',(#645),#5348,.F.);
#5519=ADVANCED_FACE('',(#646),#457,.F.);
#5520=ADVANCED_FACE('',(#647),#5349,.F.);
#5521=ADVANCED_FACE('',(#648),#458,.F.);
#5522=ADVANCED_FACE('',(#649),#5350,.T.);
#5523=ADVANCED_FACE('',(#650),#135,.F.);
#5524=ADVANCED_FACE('',(#651),#459,.F.);
#5525=ADVANCED_FACE('',(#652),#5351,.F.);
#5526=ADVANCED_FACE('',(#653),#460,.F.);
#5527=ADVANCED_FACE('',(#654),#136,.F.);
#5528=ADVANCED_FACE('',(#655),#461,.T.);
#5529=ADVANCED_FACE('',(#656),#137,.F.);
#5530=ADVANCED_FACE('',(#657),#462,.F.);
#5531=ADVANCED_FACE('',(#658),#138,.F.);
#5532=ADVANCED_FACE('',(#659),#463,.F.);
#5533=ADVANCED_FACE('',(#660),#5352,.F.);
#5534=ADVANCED_FACE('',(#661),#464,.F.);
#5535=ADVANCED_FACE('',(#662),#139,.F.);
#5536=ADVANCED_FACE('',(#663),#465,.T.);
#5537=ADVANCED_FACE('',(#664),#140,.F.);
#5538=ADVANCED_FACE('',(#665),#466,.F.);
#5539=ADVANCED_FACE('',(#666),#5353,.T.);
#5540=ADVANCED_FACE('',(#667),#467,.F.);
#5541=ADVANCED_FACE('',(#668,#57,#58,#59),#5354,.T.);
#5542=ADVANCED_FACE('',(#669),#468,.T.);
#5543=ADVANCED_FACE('',(#670),#469,.F.);
#5544=ADVANCED_FACE('',(#671),#470,.F.);
#5545=ADVANCED_FACE('',(#672),#471,.T.);
#5546=ADVANCED_FACE('',(#673),#472,.F.);
#5547=ADVANCED_FACE('',(#674),#473,.F.);
#5548=ADVANCED_FACE('',(#675),#5355,.T.);
#5549=ADVANCED_FACE('',(#676),#474,.F.);
#5550=ADVANCED_FACE('',(#677),#475,.T.);
#5551=ADVANCED_FACE('',(#678),#476,.F.);
#5552=ADVANCED_FACE('',(#679),#477,.T.);
#5553=ADVANCED_FACE('',(#680),#478,.F.);
#5554=ADVANCED_FACE('',(#681),#5356,.T.);
#5555=ADVANCED_FACE('',(#682),#5357,.T.);
#5556=ADVANCED_FACE('',(#683),#5358,.T.);
#5557=ADVANCED_FACE('',(#684),#5359,.T.);
#5558=ADVANCED_FACE('',(#685),#479,.F.);
#5559=ADVANCED_FACE('',(#686),#5360,.F.);
#5560=ADVANCED_FACE('',(#687),#480,.F.);
#5561=ADVANCED_FACE('',(#688),#5361,.F.);
#5562=ADVANCED_FACE('',(#689),#481,.F.);
#5563=ADVANCED_FACE('',(#690),#5362,.F.);
#5564=ADVANCED_FACE('',(#691),#482,.F.);
#5565=ADVANCED_FACE('',(#692),#5363,.F.);
#5566=ADVANCED_FACE('',(#693),#483,.F.);
#5567=ADVANCED_FACE('',(#694),#5364,.F.);
#5568=ADVANCED_FACE('',(#695),#484,.F.);
#5569=ADVANCED_FACE('',(#696),#485,.T.);
#5570=ADVANCED_FACE('',(#697),#486,.F.);
#5571=ADVANCED_FACE('',(#698),#5365,.F.);
#5572=ADVANCED_FACE('',(#699),#5366,.F.);
#5573=ADVANCED_FACE('',(#700),#487,.F.);
#5574=ADVANCED_FACE('',(#701),#488,.T.);
#5575=ADVANCED_FACE('',(#702),#489,.F.);
#5576=ADVANCED_FACE('',(#703),#5367,.F.);
#5577=ADVANCED_FACE('',(#704),#490,.F.);
#5578=ADVANCED_FACE('',(#705),#491,.T.);
#5579=ADVANCED_FACE('',(#706),#492,.F.);
#5580=ADVANCED_FACE('',(#707),#5368,.F.);
#5581=ADVANCED_FACE('',(#708),#493,.F.);
#5582=ADVANCED_FACE('',(#709),#494,.T.);
#5583=ADVANCED_FACE('',(#710,#60,#61,#62,#63,#64,#65,#66,#67,#68,#69,#70,
#71,#72,#73,#74,#75,#76,#77,#78,#79),#5369,.T.);
#5584=ADVANCED_FACE('',(#711),#495,.T.);
#5585=ADVANCED_FACE('',(#712),#496,.T.);
#5586=ADVANCED_FACE('',(#713),#5370,.F.);
#5587=ADVANCED_FACE('',(#714),#497,.T.);
#5588=ADVANCED_FACE('',(#715),#498,.F.);
#5589=ADVANCED_FACE('',(#716),#499,.F.);
#5590=ADVANCED_FACE('',(#717),#500,.T.);
#5591=ADVANCED_FACE('',(#718),#501,.F.);
#5592=ADVANCED_FACE('',(#719),#5371,.F.);
#5593=ADVANCED_FACE('',(#720),#502,.F.);
#5594=ADVANCED_FACE('',(#721),#5372,.F.);
#5595=ADVANCED_FACE('',(#722),#503,.F.);
#5596=ADVANCED_FACE('',(#723),#5373,.F.);
#5597=ADVANCED_FACE('',(#724),#504,.F.);
#5598=ADVANCED_FACE('',(#725),#5374,.F.);
#5599=ADVANCED_FACE('',(#726),#505,.T.);
#5600=ADVANCED_FACE('',(#727),#5375,.F.);
#5601=ADVANCED_FACE('',(#728),#506,.T.);
#5602=ADVANCED_FACE('',(#729),#5376,.F.);
#5603=ADVANCED_FACE('',(#730),#507,.F.);
#5604=ADVANCED_FACE('',(#731),#5377,.F.);
#5605=ADVANCED_FACE('',(#732),#508,.F.);
#5606=ADVANCED_FACE('',(#733),#5378,.F.);
#5607=ADVANCED_FACE('',(#734),#509,.F.);
#5608=ADVANCED_FACE('',(#735),#5379,.F.);
#5609=ADVANCED_FACE('',(#736),#510,.F.);
#5610=ADVANCED_FACE('',(#737),#511,.T.);
#5611=ADVANCED_FACE('',(#738),#512,.F.);
#5612=ADVANCED_FACE('',(#739),#513,.T.);
#5613=ADVANCED_FACE('',(#740),#514,.F.);
#5614=ADVANCED_FACE('',(#741),#141,.F.);
#5615=ADVANCED_FACE('',(#742),#515,.F.);
#5616=ADVANCED_FACE('',(#743),#516,.T.);
#5617=ADVANCED_FACE('',(#744),#517,.F.);
#5618=ADVANCED_FACE('',(#745,#80,#81,#82),#5380,.T.);
#5619=ADVANCED_FACE('',(#746),#15,.F.);
#5620=ADVANCED_FACE('',(#747),#518,.F.);
#5621=ADVANCED_FACE('',(#748),#16,.F.);
#5622=ADVANCED_FACE('',(#749),#519,.F.);
#5623=ADVANCED_FACE('',(#750),#17,.F.);
#5624=ADVANCED_FACE('',(#751),#520,.F.);
#5625=ADVANCED_FACE('',(#752),#18,.F.);
#5626=ADVANCED_FACE('',(#753),#521,.F.);
#5627=ADVANCED_FACE('',(#754),#5381,.T.);
#5628=ADVANCED_FACE('',(#755),#5382,.T.);
#5629=ADVANCED_FACE('',(#756),#5383,.T.);
#5630=ADVANCED_FACE('',(#757),#5384,.T.);
#5631=ADVANCED_FACE('',(#758),#522,.T.);
#5632=ADVANCED_FACE('',(#759),#523,.T.);
#5633=ADVANCED_FACE('',(#760),#524,.T.);
#5634=ADVANCED_FACE('',(#761),#525,.T.);
#5635=ADVANCED_FACE('',(#762),#142,.F.);
#5636=ADVANCED_FACE('',(#763),#526,.F.);
#5637=ADVANCED_FACE('',(#764),#143,.F.);
#5638=ADVANCED_FACE('',(#765),#527,.F.);
#5639=ADVANCED_FACE('',(#766),#144,.F.);
#5640=ADVANCED_FACE('',(#767),#528,.T.);
#5641=ADVANCED_FACE('',(#768),#145,.F.);
#5642=ADVANCED_FACE('',(#769),#529,.T.);
#5643=ADVANCED_FACE('',(#770),#146,.F.);
#5644=ADVANCED_FACE('',(#771),#530,.T.);
#5645=ADVANCED_FACE('',(#772),#5385,.F.);
#5646=ADVANCED_FACE('',(#773),#531,.F.);
#5647=ADVANCED_FACE('',(#774),#5386,.F.);
#5648=ADVANCED_FACE('',(#775),#532,.F.);
#5649=ADVANCED_FACE('',(#776),#5387,.F.);
#5650=ADVANCED_FACE('',(#777),#533,.F.);
#5651=ADVANCED_FACE('',(#778),#5388,.F.);
#5652=ADVANCED_FACE('',(#779),#534,.F.);
#5653=ADVANCED_FACE('',(#780),#535,.F.);
#5654=ADVANCED_FACE('',(#781),#5389,.F.);
#5655=ADVANCED_FACE('',(#782),#5390,.F.);
#5656=ADVANCED_FACE('',(#783),#5391,.F.);
#5657=ADVANCED_FACE('',(#784),#536,.F.);
#5658=ADVANCED_FACE('',(#785,#83),#5392,.T.);
#5659=ADVANCED_FACE('',(#786),#5393,.T.);
#5660=ADVANCED_FACE('',(#787),#5394,.F.);
#5661=ADVANCED_FACE('',(#788),#537,.F.);
#5662=ADVANCED_FACE('',(#789),#5395,.F.);
#5663=ADVANCED_FACE('',(#790),#538,.F.);
#5664=ADVANCED_FACE('',(#791),#5396,.F.);
#5665=ADVANCED_FACE('',(#792),#539,.F.);
#5666=ADVANCED_FACE('',(#793),#5397,.F.);
#5667=ADVANCED_FACE('',(#794),#540,.F.);
#5668=ADVANCED_FACE('',(#795,#84),#5398,.T.);
#5669=ADVANCED_FACE('',(#796),#5399,.F.);
#5670=ADVANCED_FACE('',(#797),#541,.F.);
#5671=ADVANCED_FACE('',(#798),#5400,.F.);
#5672=ADVANCED_FACE('',(#799),#542,.F.);
#5673=ADVANCED_FACE('',(#800),#5401,.F.);
#5674=ADVANCED_FACE('',(#801),#543,.F.);
#5675=ADVANCED_FACE('',(#802),#5402,.F.);
#5676=ADVANCED_FACE('',(#803),#544,.F.);
#5677=ADVANCED_FACE('',(#804),#545,.F.);
#5678=ADVANCED_FACE('',(#805),#546,.F.);
#5679=ADVANCED_FACE('',(#806),#5403,.F.);
#5680=ADVANCED_FACE('',(#807),#5404,.F.);
#5681=ADVANCED_FACE('',(#808,#85),#5405,.F.);
#5682=ADVANCED_FACE('',(#809),#547,.F.);
#5683=ADVANCED_FACE('',(#810,#86),#5406,.F.);
#5684=ADVANCED_FACE('',(#811),#5407,.F.);
#5685=ADVANCED_FACE('',(#812),#548,.F.);
#5686=ADVANCED_FACE('',(#813),#5408,.F.);
#5687=ADVANCED_FACE('',(#814),#549,.T.);
#5688=ADVANCED_FACE('',(#815),#5409,.T.);
#5689=ADVANCED_FACE('',(#816,#87),#5410,.T.);
#5690=ADVANCED_FACE('',(#817),#5411,.F.);
#5691=ADVANCED_FACE('',(#818),#550,.T.);
#5692=ADVANCED_FACE('',(#819),#551,.T.);
#5693=ADVANCED_FACE('',(#820),#5412,.T.);
#5694=ADVANCED_FACE('',(#821),#19,.F.);
#5695=ADVANCED_FACE('',(#822),#5413,.T.);
#5696=ADVANCED_FACE('',(#823),#20,.F.);
#5697=ADVANCED_FACE('',(#824),#5414,.T.);
#5698=ADVANCED_FACE('',(#825),#5415,.T.);
#5699=ADVANCED_FACE('',(#826),#5416,.T.);
#5700=ADVANCED_FACE('',(#827),#21,.F.);
#5701=ADVANCED_FACE('',(#828),#5417,.T.);
#5702=ADVANCED_FACE('',(#829),#22,.F.);
#5703=ADVANCED_FACE('',(#830),#5418,.T.);
#5704=ADVANCED_FACE('',(#831),#23,.F.);
#5705=ADVANCED_FACE('',(#832),#5419,.T.);
#5706=ADVANCED_FACE('',(#833),#24,.F.);
#5707=ADVANCED_FACE('',(#834),#25,.T.);
#5708=ADVANCED_FACE('',(#835),#26,.T.);
#5709=ADVANCED_FACE('',(#836),#552,.F.);
#5710=ADVANCED_FACE('',(#837),#5420,.T.);
#5711=ADVANCED_FACE('',(#838),#553,.F.);
#5712=ADVANCED_FACE('',(#839),#554,.F.);
#5713=ADVANCED_FACE('',(#840),#5421,.T.);
#5714=ADVANCED_FACE('',(#841),#555,.F.);
#5715=ADVANCED_FACE('',(#842),#5422,.T.);
#5716=ADVANCED_FACE('',(#843),#5423,.T.);
#5717=ADVANCED_FACE('',(#844),#27,.T.);
#5718=ADVANCED_FACE('',(#845),#5424,.T.);
#5719=ADVANCED_FACE('',(#846),#28,.T.);
#5720=ADVANCED_FACE('',(#847),#556,.T.);
#5721=ADVANCED_FACE('',(#848),#5425,.T.);
#5722=ADVANCED_FACE('',(#849),#557,.T.);
#5723=ADVANCED_FACE('',(#850),#5426,.T.);
#5724=ADVANCED_FACE('',(#851),#147,.T.);
#5725=ADVANCED_FACE('',(#852),#148,.T.);
#5726=ADVANCED_FACE('',(#853),#5427,.T.);
#5727=ADVANCED_FACE('',(#854),#5428,.T.);
#5728=ADVANCED_FACE('',(#855),#149,.T.);
#5729=ADVANCED_FACE('',(#856),#150,.T.);
#5730=ADVANCED_FACE('',(#857),#5429,.T.);
#5731=ADVANCED_FACE('',(#858),#151,.T.);
#5732=ADVANCED_FACE('',(#859),#152,.T.);
#5733=ADVANCED_FACE('',(#860),#5430,.T.);
#5734=ADVANCED_FACE('',(#861),#153,.T.);
#5735=ADVANCED_FACE('',(#862),#154,.T.);
#5736=ADVANCED_FACE('',(#863),#558,.T.);
#5737=ADVANCED_FACE('',(#864,#88),#5431,.T.);
#5738=ADVANCED_FACE('',(#865),#559,.T.);
#5739=ADVANCED_FACE('',(#866),#5432,.T.);
#5740=ADVANCED_FACE('',(#867),#5433,.T.);
#5741=ADVANCED_FACE('',(#868),#560,.T.);
#5742=ADVANCED_FACE('',(#869),#5434,.T.);
#5743=ADVANCED_FACE('',(#870),#561,.F.);
#5744=ADVANCED_FACE('',(#871),#562,.F.);
#5745=ADVANCED_FACE('',(#872),#5435,.T.);
#5746=ADVANCED_FACE('',(#873),#563,.T.);
#5747=ADVANCED_FACE('',(#874),#5436,.T.);
#5748=ADVANCED_FACE('',(#875),#5437,.T.);
#5749=ADVANCED_FACE('',(#876),#564,.T.);
#5750=CLOSED_SHELL('',(#5438,#5439,#5440,#5441,#5442,#5443,#5444,#5445,
#5446,#5447,#5448,#5449,#5450,#5451,#5452,#5453,#5454,#5455,#5456,#5457,
#5458,#5459,#5460,#5461,#5462,#5463,#5464,#5465,#5466,#5467,#5468,#5469,
#5470,#5471,#5472,#5473,#5474,#5475,#5476,#5477,#5478,#5479,#5480,#5481,
#5482,#5483,#5484,#5485,#5486,#5487,#5488,#5489,#5490,#5491,#5492,#5493,
#5494,#5495,#5496,#5497,#5498,#5499,#5500,#5501,#5502,#5503,#5504,#5505,
#5506,#5507,#5508,#5509,#5510,#5511,#5512,#5513,#5514,#5515,#5516,#5517,
#5518,#5519,#5520,#5521,#5522,#5523,#5524,#5525,#5526,#5527,#5528,#5529,
#5530,#5531,#5532,#5533,#5534,#5535,#5536,#5537,#5538,#5539,#5540,#5541,
#5542,#5543,#5544,#5545,#5546,#5547,#5548,#5549,#5550,#5551,#5552,#5553,
#5554,#5555,#5556,#5557,#5558,#5559,#5560,#5561,#5562,#5563,#5564,#5565,
#5566,#5567,#5568,#5569,#5570,#5571,#5572,#5573,#5574,#5575,#5576,#5577,
#5578,#5579,#5580,#5581,#5582,#5583,#5584,#5585,#5586,#5587,#5588,#5589,
#5590,#5591,#5592,#5593,#5594,#5595,#5596,#5597,#5598,#5599,#5600,#5601,
#5602,#5603,#5604,#5605,#5606,#5607,#5608,#5609,#5610,#5611,#5612,#5613,
#5614,#5615,#5616,#5617,#5618,#5619,#5620,#5621,#5622,#5623,#5624,#5625,
#5626,#5627,#5628,#5629,#5630,#5631,#5632,#5633,#5634,#5635,#5636,#5637,
#5638,#5639,#5640,#5641,#5642,#5643,#5644,#5645,#5646,#5647,#5648,#5649,
#5650,#5651,#5652,#5653,#5654,#5655,#5656,#5657,#5658,#5659,#5660,#5661,
#5662,#5663,#5664,#5665,#5666,#5667,#5668,#5669,#5670,#5671,#5672,#5673,
#5674,#5675,#5676,#5677,#5678,#5679,#5680,#5681,#5682,#5683,#5684,#5685,
#5686,#5687,#5688,#5689,#5690,#5691,#5692,#5693,#5694,#5695,#5696,#5697,
#5698,#5699,#5700,#5701,#5702,#5703,#5704,#5705,#5706,#5707,#5708,#5709,
#5710,#5711,#5712,#5713,#5714,#5715,#5716,#5717,#5718,#5719,#5720,#5721,
#5722,#5723,#5724,#5725,#5726,#5727,#5728,#5729,#5730,#5731,#5732,#5733,
#5734,#5735,#5736,#5737,#5738,#5739,#5740,#5741,#5742,#5743,#5744,#5745,
#5746,#5747,#5748,#5749));
#5751=DERIVED_UNIT_ELEMENT(#5753,1.);
#5752=DERIVED_UNIT_ELEMENT(#10596,-3.);
#5753=(
MASS_UNIT()
NAMED_UNIT(*)
SI_UNIT(.KILO.,.GRAM.)
);
#5754=DERIVED_UNIT((#5751,#5752));
#5755=MEASURE_REPRESENTATION_ITEM('density measure',
POSITIVE_RATIO_MEASURE(7850.),#5754);
#5756=PROPERTY_DEFINITION_REPRESENTATION(#5761,#5758);
#5757=PROPERTY_DEFINITION_REPRESENTATION(#5762,#5759);
#5758=REPRESENTATION('material name',(#5760),#10593);
#5759=REPRESENTATION('density',(#5755),#10593);
#5760=DESCRIPTIVE_REPRESENTATION_ITEM('Steel','Steel');
#5761=PROPERTY_DEFINITION('material property','material name',#10603);
#5762=PROPERTY_DEFINITION('material property','density of part',#10603);
#5763=AXIS2_PLACEMENT_3D('',#8024,#6349,#6350);
#5764=AXIS2_PLACEMENT_3D('',#8025,#6351,#6352);
#5765=AXIS2_PLACEMENT_3D('',#8034,#6357,#6358);
#5766=AXIS2_PLACEMENT_3D('',#8036,#6359,#6360);
#5767=AXIS2_PLACEMENT_3D('',#8039,#6362,#6363);
#5768=AXIS2_PLACEMENT_3D('',#8040,#6364,#6365);
#5769=AXIS2_PLACEMENT_3D('',#8042,#6366,#6367);
#5770=AXIS2_PLACEMENT_3D('',#8045,#6369,#6370);
#5771=AXIS2_PLACEMENT_3D('',#8046,#6371,#6372);
#5772=AXIS2_PLACEMENT_3D('',#8052,#6376,#6377);
#5773=AXIS2_PLACEMENT_3D('',#8054,#6378,#6379);
#5774=AXIS2_PLACEMENT_3D('',#8057,#6381,#6382);
#5775=AXIS2_PLACEMENT_3D('',#8058,#6383,#6384);
#5776=AXIS2_PLACEMENT_3D('',#8064,#6388,#6389);
#5777=AXIS2_PLACEMENT_3D('',#8066,#6390,#6391);
#5778=AXIS2_PLACEMENT_3D('',#8069,#6393,#6394);
#5779=AXIS2_PLACEMENT_3D('',#8070,#6395,#6396);
#5780=AXIS2_PLACEMENT_3D('',#8076,#6400,#6401);
#5781=AXIS2_PLACEMENT_3D('',#8078,#6402,#6403);
#5782=AXIS2_PLACEMENT_3D('',#8081,#6405,#6406);
#5783=AXIS2_PLACEMENT_3D('',#8082,#6407,#6408);
#5784=AXIS2_PLACEMENT_3D('',#8088,#6412,#6413);
#5785=AXIS2_PLACEMENT_3D('',#8090,#6414,#6415);
#5786=AXIS2_PLACEMENT_3D('',#8093,#6417,#6418);
#5787=AXIS2_PLACEMENT_3D('',#8094,#6419,#6420);
#5788=AXIS2_PLACEMENT_3D('',#8100,#6424,#6425);
#5789=AXIS2_PLACEMENT_3D('',#8102,#6426,#6427);
#5790=AXIS2_PLACEMENT_3D('',#8105,#6429,#6430);
#5791=AXIS2_PLACEMENT_3D('',#8106,#6431,#6432);
#5792=AXIS2_PLACEMENT_3D('',#8112,#6436,#6437);
#5793=AXIS2_PLACEMENT_3D('',#8114,#6438,#6439);
#5794=AXIS2_PLACEMENT_3D('',#8117,#6441,#6442);
#5795=AXIS2_PLACEMENT_3D('',#8118,#6443,#6444);
#5796=AXIS2_PLACEMENT_3D('',#8124,#6448,#6449);
#5797=AXIS2_PLACEMENT_3D('',#8126,#6450,#6451);
#5798=AXIS2_PLACEMENT_3D('',#8129,#6453,#6454);
#5799=AXIS2_PLACEMENT_3D('',#8130,#6455,#6456);
#5800=AXIS2_PLACEMENT_3D('',#8136,#6460,#6461);
#5801=AXIS2_PLACEMENT_3D('',#8137,#6462,#6463);
#5802=AXIS2_PLACEMENT_3D('',#8138,#6464,#6465);
#5803=AXIS2_PLACEMENT_3D('',#8139,#6466,#6467);
#5804=AXIS2_PLACEMENT_3D('',#8140,#6468,#6469);
#5805=AXIS2_PLACEMENT_3D('',#8143,#6470,#6471);
#5806=AXIS2_PLACEMENT_3D('',#8147,#6473,#6474);
#5807=AXIS2_PLACEMENT_3D('',#8149,#6476,#6477);
#5808=AXIS2_PLACEMENT_3D('',#8155,#6481,#6482);
#5809=AXIS2_PLACEMENT_3D('',#8157,#6483,#6484);
#5810=AXIS2_PLACEMENT_3D('',#8160,#6486,#6487);
#5811=AXIS2_PLACEMENT_3D('',#8161,#6488,#6489);
#5812=AXIS2_PLACEMENT_3D('',#8167,#6493,#6494);
#5813=AXIS2_PLACEMENT_3D('',#8173,#6498,#6499);
#5814=AXIS2_PLACEMENT_3D('',#8175,#6500,#6501);
#5815=AXIS2_PLACEMENT_3D('',#8178,#6503,#6504);
#5816=AXIS2_PLACEMENT_3D('',#8179,#6505,#6506);
#5817=AXIS2_PLACEMENT_3D('',#8185,#6510,#6511);
#5818=AXIS2_PLACEMENT_3D('',#8187,#6512,#6513);
#5819=AXIS2_PLACEMENT_3D('',#8190,#6515,#6516);
#5820=AXIS2_PLACEMENT_3D('',#8191,#6517,#6518);
#5821=AXIS2_PLACEMENT_3D('',#8197,#6522,#6523);
#5822=AXIS2_PLACEMENT_3D('',#8203,#6527,#6528);
#5823=AXIS2_PLACEMENT_3D('',#8205,#6529,#6530);
#5824=AXIS2_PLACEMENT_3D('',#8208,#6532,#6533);
#5825=AXIS2_PLACEMENT_3D('',#8209,#6534,#6535);
#5826=AXIS2_PLACEMENT_3D('',#8215,#6539,#6540);
#5827=AXIS2_PLACEMENT_3D('',#8217,#6541,#6542);
#5828=AXIS2_PLACEMENT_3D('',#8220,#6544,#6545);
#5829=AXIS2_PLACEMENT_3D('',#8221,#6546,#6547);
#5830=AXIS2_PLACEMENT_3D('',#8227,#6551,#6552);
#5831=AXIS2_PLACEMENT_3D('',#8233,#6556,#6557);
#5832=AXIS2_PLACEMENT_3D('',#8235,#6558,#6559);
#5833=AXIS2_PLACEMENT_3D('',#8238,#6561,#6562);
#5834=AXIS2_PLACEMENT_3D('',#8239,#6563,#6564);
#5835=AXIS2_PLACEMENT_3D('',#8245,#6568,#6569);
#5836=AXIS2_PLACEMENT_3D('',#8247,#6570,#6571);
#5837=AXIS2_PLACEMENT_3D('',#8250,#6573,#6574);
#5838=AXIS2_PLACEMENT_3D('',#8251,#6575,#6576);
#5839=AXIS2_PLACEMENT_3D('',#8257,#6580,#6581);
#5840=AXIS2_PLACEMENT_3D('',#8260,#6584,#6585);
#5841=AXIS2_PLACEMENT_3D('',#8261,#6586,#6587);
#5842=AXIS2_PLACEMENT_3D('',#8270,#6592,#6593);
#5843=AXIS2_PLACEMENT_3D('',#8272,#6594,#6595);
#5844=AXIS2_PLACEMENT_3D('',#8275,#6597,#6598);
#5845=AXIS2_PLACEMENT_3D('',#8276,#6599,#6600);
#5846=AXIS2_PLACEMENT_3D('',#8278,#6601,#6602);
#5847=AXIS2_PLACEMENT_3D('',#8281,#6604,#6605);
#5848=AXIS2_PLACEMENT_3D('',#8282,#6606,#6607);
#5849=AXIS2_PLACEMENT_3D('',#8288,#6611,#6612);
#5850=AXIS2_PLACEMENT_3D('',#8290,#6613,#6614);
#5851=AXIS2_PLACEMENT_3D('',#8293,#6616,#6617);
#5852=AXIS2_PLACEMENT_3D('',#8294,#6618,#6619);
#5853=AXIS2_PLACEMENT_3D('',#8300,#6623,#6624);
#5854=AXIS2_PLACEMENT_3D('',#8302,#6625,#6626);
#5855=AXIS2_PLACEMENT_3D('',#8305,#6628,#6629);
#5856=AXIS2_PLACEMENT_3D('',#8306,#6630,#6631);
#5857=AXIS2_PLACEMENT_3D('',#8312,#6635,#6636);
#5858=AXIS2_PLACEMENT_3D('',#8314,#6637,#6638);
#5859=AXIS2_PLACEMENT_3D('',#8317,#6640,#6641);
#5860=AXIS2_PLACEMENT_3D('',#8318,#6642,#6643);
#5861=AXIS2_PLACEMENT_3D('',#8324,#6647,#6648);
#5862=AXIS2_PLACEMENT_3D('',#8326,#6649,#6650);
#5863=AXIS2_PLACEMENT_3D('',#8329,#6652,#6653);
#5864=AXIS2_PLACEMENT_3D('',#8330,#6654,#6655);
#5865=AXIS2_PLACEMENT_3D('',#8336,#6659,#6660);
#5866=AXIS2_PLACEMENT_3D('',#8338,#6661,#6662);
#5867=AXIS2_PLACEMENT_3D('',#8341,#6664,#6665);
#5868=AXIS2_PLACEMENT_3D('',#8342,#6666,#6667);
#5869=AXIS2_PLACEMENT_3D('',#8348,#6671,#6672);
#5870=AXIS2_PLACEMENT_3D('',#8350,#6673,#6674);
#5871=AXIS2_PLACEMENT_3D('',#8353,#6676,#6677);
#5872=AXIS2_PLACEMENT_3D('',#8354,#6678,#6679);
#5873=AXIS2_PLACEMENT_3D('',#8360,#6683,#6684);
#5874=AXIS2_PLACEMENT_3D('',#8362,#6685,#6686);
#5875=AXIS2_PLACEMENT_3D('',#8365,#6688,#6689);
#5876=AXIS2_PLACEMENT_3D('',#8366,#6690,#6691);
#5877=AXIS2_PLACEMENT_3D('',#8372,#6695,#6696);
#5878=AXIS2_PLACEMENT_3D('',#8373,#6697,#6698);
#5879=AXIS2_PLACEMENT_3D('',#8374,#6699,#6700);
#5880=AXIS2_PLACEMENT_3D('',#8375,#6701,#6702);
#5881=AXIS2_PLACEMENT_3D('',#8376,#6703,#6704);
#5882=AXIS2_PLACEMENT_3D('',#8385,#6709,#6710);
#5883=AXIS2_PLACEMENT_3D('',#8387,#6711,#6712);
#5884=AXIS2_PLACEMENT_3D('',#8390,#6714,#6715);
#5885=AXIS2_PLACEMENT_3D('',#8391,#6716,#6717);
#5886=AXIS2_PLACEMENT_3D('',#8397,#6721,#6722);
#5887=AXIS2_PLACEMENT_3D('',#8399,#6723,#6724);
#5888=AXIS2_PLACEMENT_3D('',#8402,#6726,#6727);
#5889=AXIS2_PLACEMENT_3D('',#8403,#6728,#6729);
#5890=AXIS2_PLACEMENT_3D('',#8409,#6733,#6734);
#5891=AXIS2_PLACEMENT_3D('',#8411,#6735,#6736);
#5892=AXIS2_PLACEMENT_3D('',#8414,#6738,#6739);
#5893=AXIS2_PLACEMENT_3D('',#8415,#6740,#6741);
#5894=AXIS2_PLACEMENT_3D('',#8421,#6745,#6746);
#5895=AXIS2_PLACEMENT_3D('',#8423,#6747,#6748);
#5896=AXIS2_PLACEMENT_3D('',#8426,#6750,#6751);
#5897=AXIS2_PLACEMENT_3D('',#8427,#6752,#6753);
#5898=AXIS2_PLACEMENT_3D('',#8433,#6757,#6758);
#5899=AXIS2_PLACEMENT_3D('',#8435,#6759,#6760);
#5900=AXIS2_PLACEMENT_3D('',#8438,#6762,#6763);
#5901=AXIS2_PLACEMENT_3D('',#8439,#6764,#6765);
#5902=AXIS2_PLACEMENT_3D('',#8445,#6769,#6770);
#5903=AXIS2_PLACEMENT_3D('',#8446,#6771,#6772);
#5904=AXIS2_PLACEMENT_3D('',#8447,#6773,#6774);
#5905=AXIS2_PLACEMENT_3D('',#8448,#6775,#6776);
#5906=AXIS2_PLACEMENT_3D('',#8449,#6777,#6778);
#5907=AXIS2_PLACEMENT_3D('',#8451,#6779,#6780);
#5908=AXIS2_PLACEMENT_3D('',#8454,#6782,#6783);
#5909=AXIS2_PLACEMENT_3D('',#8455,#6784,#6785);
#5910=AXIS2_PLACEMENT_3D('',#8456,#6786,#6787);
#5911=AXIS2_PLACEMENT_3D('',#8465,#6792,#6793);
#5912=AXIS2_PLACEMENT_3D('',#8467,#6794,#6795);
#5913=AXIS2_PLACEMENT_3D('',#8470,#6797,#6798);
#5914=AXIS2_PLACEMENT_3D('',#8471,#6799,#6800);
#5915=AXIS2_PLACEMENT_3D('',#8477,#6804,#6805);
#5916=AXIS2_PLACEMENT_3D('',#8479,#6806,#6807);
#5917=AXIS2_PLACEMENT_3D('',#8482,#6809,#6810);
#5918=AXIS2_PLACEMENT_3D('',#8483,#6811,#6812);
#5919=AXIS2_PLACEMENT_3D('',#8489,#6816,#6817);
#5920=AXIS2_PLACEMENT_3D('',#8491,#6818,#6819);
#5921=AXIS2_PLACEMENT_3D('',#8494,#6821,#6822);
#5922=AXIS2_PLACEMENT_3D('',#8495,#6823,#6824);
#5923=AXIS2_PLACEMENT_3D('',#8501,#6828,#6829);
#5924=AXIS2_PLACEMENT_3D('',#8502,#6830,#6831);
#5925=AXIS2_PLACEMENT_3D('',#8503,#6832,#6833);
#5926=AXIS2_PLACEMENT_3D('',#8504,#6834,#6835);
#5927=AXIS2_PLACEMENT_3D('',#8539,#6838,#6839);
#5928=AXIS2_PLACEMENT_3D('',#8541,#6840,#6841);
#5929=AXIS2_PLACEMENT_3D('',#8544,#6843,#6844);
#5930=AXIS2_PLACEMENT_3D('',#8545,#6845,#6846);
#5931=AXIS2_PLACEMENT_3D('',#8551,#6850,#6851);
#5932=AXIS2_PLACEMENT_3D('',#8553,#6852,#6853);
#5933=AXIS2_PLACEMENT_3D('',#8556,#6855,#6856);
#5934=AXIS2_PLACEMENT_3D('',#8600,#6858,#6859);
#5935=AXIS2_PLACEMENT_3D('',#8602,#6860,#6861);
#5936=AXIS2_PLACEMENT_3D('',#8605,#6863,#6864);
#5937=AXIS2_PLACEMENT_3D('',#8649,#6866,#6867);
#5938=AXIS2_PLACEMENT_3D('',#8651,#6868,#6869);
#5939=AXIS2_PLACEMENT_3D('',#8654,#6871,#6872);
#5940=AXIS2_PLACEMENT_3D('',#8698,#6874,#6875);
#5941=AXIS2_PLACEMENT_3D('',#8700,#6876,#6877);
#5942=AXIS2_PLACEMENT_3D('',#8703,#6879,#6880);
#5943=AXIS2_PLACEMENT_3D('',#8704,#6881,#6882);
#5944=AXIS2_PLACEMENT_3D('',#8710,#6886,#6887);
#5945=AXIS2_PLACEMENT_3D('',#8712,#6888,#6889);
#5946=AXIS2_PLACEMENT_3D('',#8715,#6891,#6892);
#5947=AXIS2_PLACEMENT_3D('',#8759,#6894,#6895);
#5948=AXIS2_PLACEMENT_3D('',#8761,#6896,#6897);
#5949=AXIS2_PLACEMENT_3D('',#8764,#6899,#6900);
#5950=AXIS2_PLACEMENT_3D('',#8808,#6902,#6903);
#5951=AXIS2_PLACEMENT_3D('',#8809,#6904,#6905);
#5952=AXIS2_PLACEMENT_3D('',#8810,#6906,#6907);
#5953=AXIS2_PLACEMENT_3D('',#8811,#6908,#6909);
#5954=AXIS2_PLACEMENT_3D('',#8812,#6910,#6911);
#5955=AXIS2_PLACEMENT_3D('',#8815,#6912,#6913);
#5956=AXIS2_PLACEMENT_3D('',#8819,#6915,#6916);
#5957=AXIS2_PLACEMENT_3D('',#8821,#6918,#6919);
#5958=AXIS2_PLACEMENT_3D('',#8823,#6920,#6921);
#5959=AXIS2_PLACEMENT_3D('',#8825,#6922,#6923);
#5960=AXIS2_PLACEMENT_3D('',#8829,#6925,#6926);
#5961=AXIS2_PLACEMENT_3D('',#8833,#6928,#6929);
#5962=AXIS2_PLACEMENT_3D('',#8837,#6931,#6932);
#5963=AXIS2_PLACEMENT_3D('',#8841,#6934,#6935);
#5964=AXIS2_PLACEMENT_3D('',#8845,#6937,#6938);
#5965=AXIS2_PLACEMENT_3D('',#8847,#6939,#6940);
#5966=AXIS2_PLACEMENT_3D('',#8849,#6941,#6942);
#5967=AXIS2_PLACEMENT_3D('',#8853,#6944,#6945);
#5968=AXIS2_PLACEMENT_3D('',#8855,#6946,#6947);
#5969=AXIS2_PLACEMENT_3D('',#8857,#6948,#6949);
#5970=AXIS2_PLACEMENT_3D('',#8861,#6951,#6952);
#5971=AXIS2_PLACEMENT_3D('',#8865,#6954,#6955);
#5972=AXIS2_PLACEMENT_3D('',#8869,#6957,#6958);
#5973=AXIS2_PLACEMENT_3D('',#8873,#6960,#6961);
#5974=AXIS2_PLACEMENT_3D('',#8877,#6963,#6964);
#5975=AXIS2_PLACEMENT_3D('',#8879,#6965,#6966);
#5976=AXIS2_PLACEMENT_3D('',#8881,#6967,#6968);
#5977=AXIS2_PLACEMENT_3D('',#8885,#6970,#6971);
#5978=AXIS2_PLACEMENT_3D('',#8887,#6972,#6973);
#5979=AXIS2_PLACEMENT_3D('',#8889,#6974,#6975);
#5980=AXIS2_PLACEMENT_3D('',#8891,#6976,#6977);
#5981=AXIS2_PLACEMENT_3D('',#8913,#6978,#6979);
#5982=AXIS2_PLACEMENT_3D('',#8915,#6980,#6981);
#5983=AXIS2_PLACEMENT_3D('',#8917,#6982,#6983);
#5984=AXIS2_PLACEMENT_3D('',#8919,#6984,#6985);
#5985=AXIS2_PLACEMENT_3D('',#8921,#6986,#6987);
#5986=AXIS2_PLACEMENT_3D('',#8925,#6989,#6990);
#5987=AXIS2_PLACEMENT_3D('',#8929,#6992,#6993);
#5988=AXIS2_PLACEMENT_3D('',#8933,#6995,#6996);
#5989=AXIS2_PLACEMENT_3D('',#8937,#6998,#6999);
#5990=AXIS2_PLACEMENT_3D('',#8941,#7001,#7002);
#5991=AXIS2_PLACEMENT_3D('',#8945,#7004,#7005);
#5992=AXIS2_PLACEMENT_3D('',#8949,#7007,#7008);
#5993=AXIS2_PLACEMENT_3D('',#8953,#7010,#7011);
#5994=AXIS2_PLACEMENT_3D('',#8956,#7013,#7014);
#5995=AXIS2_PLACEMENT_3D('',#8958,#7015,#7016);
#5996=AXIS2_PLACEMENT_3D('',#8960,#7017,#7018);
#5997=AXIS2_PLACEMENT_3D('',#8961,#7019,#7020);
#5998=AXIS2_PLACEMENT_3D('',#8963,#7021,#7022);
#5999=AXIS2_PLACEMENT_3D('',#8965,#7024,#7025);
#6000=AXIS2_PLACEMENT_3D('',#8967,#7026,#7027);
#6001=AXIS2_PLACEMENT_3D('',#8969,#7029,#7030);
#6002=AXIS2_PLACEMENT_3D('',#8973,#7032,#7033);
#6003=AXIS2_PLACEMENT_3D('',#8975,#7035,#7036);
#6004=AXIS2_PLACEMENT_3D('',#8977,#7037,#7038);
#6005=AXIS2_PLACEMENT_3D('',#8979,#7040,#7041);
#6006=AXIS2_PLACEMENT_3D('',#8981,#7042,#7043);
#6007=AXIS2_PLACEMENT_3D('',#8983,#7045,#7046);
#6008=AXIS2_PLACEMENT_3D('',#8987,#7048,#7049);
#6009=AXIS2_PLACEMENT_3D('',#8989,#7051,#7052);
#6010=AXIS2_PLACEMENT_3D('',#9003,#7061,#7062);
#6011=AXIS2_PLACEMENT_3D('',#9005,#7063,#7064);
#6012=AXIS2_PLACEMENT_3D('',#9007,#7066,#7067);
#6013=AXIS2_PLACEMENT_3D('',#9008,#7068,#7069);
#6014=AXIS2_PLACEMENT_3D('',#9009,#7070,#7071);
#6015=AXIS2_PLACEMENT_3D('',#9011,#7072,#7073);
#6016=AXIS2_PLACEMENT_3D('',#9013,#7075,#7076);
#6017=AXIS2_PLACEMENT_3D('',#9015,#7077,#7078);
#6018=AXIS2_PLACEMENT_3D('',#9017,#7080,#7081);
#6019=AXIS2_PLACEMENT_3D('',#9018,#7082,#7083);
#6020=AXIS2_PLACEMENT_3D('',#9019,#7084,#7085);
#6021=AXIS2_PLACEMENT_3D('',#9020,#7086,#7087);
#6022=AXIS2_PLACEMENT_3D('',#9022,#7089,#7090);
#6023=AXIS2_PLACEMENT_3D('',#9023,#7091,#7092);
#6024=AXIS2_PLACEMENT_3D('',#9025,#7094,#7095);
#6025=AXIS2_PLACEMENT_3D('',#9028,#7096,#7097);
#6026=AXIS2_PLACEMENT_3D('',#9032,#7099,#7100);
#6027=AXIS2_PLACEMENT_3D('',#9034,#7102,#7103);
#6028=AXIS2_PLACEMENT_3D('',#9040,#7107,#7108);
#6029=AXIS2_PLACEMENT_3D('',#9043,#7109,#7110);
#6030=AXIS2_PLACEMENT_3D('',#9047,#7112,#7113);
#6031=AXIS2_PLACEMENT_3D('',#9049,#7115,#7116);
#6032=AXIS2_PLACEMENT_3D('',#9055,#7120,#7121);
#6033=AXIS2_PLACEMENT_3D('',#9057,#7122,#7123);
#6034=AXIS2_PLACEMENT_3D('',#9060,#7125,#7126);
#6035=AXIS2_PLACEMENT_3D('',#9061,#7127,#7128);
#6036=AXIS2_PLACEMENT_3D('',#9071,#7134,#7135);
#6037=AXIS2_PLACEMENT_3D('',#9073,#7136,#7137);
#6038=AXIS2_PLACEMENT_3D('',#9076,#7139,#7140);
#6039=AXIS2_PLACEMENT_3D('',#9077,#7141,#7142);
#6040=AXIS2_PLACEMENT_3D('',#9083,#7146,#7147);
#6041=AXIS2_PLACEMENT_3D('',#9085,#7148,#7149);
#6042=AXIS2_PLACEMENT_3D('',#9088,#7151,#7152);
#6043=AXIS2_PLACEMENT_3D('',#9089,#7153,#7154);
#6044=AXIS2_PLACEMENT_3D('',#9093,#7158,#7159);
#6045=AXIS2_PLACEMENT_3D('',#9096,#7160,#7161);
#6046=AXIS2_PLACEMENT_3D('',#9100,#7163,#7164);
#6047=AXIS2_PLACEMENT_3D('',#9102,#7166,#7167);
#6048=AXIS2_PLACEMENT_3D('',#9104,#7168,#7169);
#6049=AXIS2_PLACEMENT_3D('',#9107,#7171,#7172);
#6050=AXIS2_PLACEMENT_3D('',#9108,#7173,#7174);
#6051=AXIS2_PLACEMENT_3D('',#9110,#7175,#7176);
#6052=AXIS2_PLACEMENT_3D('',#9112,#7177,#7178);
#6053=AXIS2_PLACEMENT_3D('',#9114,#7180,#7181);
#6054=AXIS2_PLACEMENT_3D('',#9118,#7183,#7184);
#6055=AXIS2_PLACEMENT_3D('',#9120,#7185,#7186);
#6056=AXIS2_PLACEMENT_3D('',#9122,#7187,#7188);
#6057=AXIS2_PLACEMENT_3D('',#9126,#7190,#7191);
#6058=AXIS2_PLACEMENT_3D('',#9128,#7192,#7193);
#6059=AXIS2_PLACEMENT_3D('',#9130,#7194,#7195);
#6060=AXIS2_PLACEMENT_3D('',#9134,#7197,#7198);
#6061=AXIS2_PLACEMENT_3D('',#9136,#7199,#7200);
#6062=AXIS2_PLACEMENT_3D('',#9138,#7202,#7203);
#6063=AXIS2_PLACEMENT_3D('',#9158,#7214,#7215);
#6064=AXIS2_PLACEMENT_3D('',#9160,#7216,#7217);
#6065=AXIS2_PLACEMENT_3D('',#9162,#7219,#7220);
#6066=AXIS2_PLACEMENT_3D('',#9164,#7221,#7222);
#6067=AXIS2_PLACEMENT_3D('',#9166,#7224,#7225);
#6068=AXIS2_PLACEMENT_3D('',#9168,#7226,#7227);
#6069=AXIS2_PLACEMENT_3D('',#9170,#7229,#7230);
#6070=AXIS2_PLACEMENT_3D('',#9178,#7235,#7236);
#6071=AXIS2_PLACEMENT_3D('',#9182,#7238,#7239);
#6072=AXIS2_PLACEMENT_3D('',#9184,#7241,#7242);
#6073=AXIS2_PLACEMENT_3D('',#9186,#7243,#7244);
#6074=AXIS2_PLACEMENT_3D('',#9190,#7246,#7247);
#6075=AXIS2_PLACEMENT_3D('',#9192,#7249,#7250);
#6076=AXIS2_PLACEMENT_3D('',#9194,#7251,#7252);
#6077=AXIS2_PLACEMENT_3D('',#9210,#7256,#7257);
#6078=AXIS2_PLACEMENT_3D('',#9216,#7260,#7261);
#6079=AXIS2_PLACEMENT_3D('',#9219,#7263,#7264);
#6080=AXIS2_PLACEMENT_3D('',#9220,#7265,#7266);
#6081=AXIS2_PLACEMENT_3D('',#9222,#7267,#7268);
#6082=AXIS2_PLACEMENT_3D('',#9237,#7272,#7273);
#6083=AXIS2_PLACEMENT_3D('',#9239,#7274,#7275);
#6084=AXIS2_PLACEMENT_3D('',#9241,#7276,#7277);
#6085=AXIS2_PLACEMENT_3D('',#9243,#7279,#7280);
#6086=AXIS2_PLACEMENT_3D('',#9246,#7281,#7282);
#6087=AXIS2_PLACEMENT_3D('',#9250,#7284,#7285);
#6088=AXIS2_PLACEMENT_3D('',#9254,#7287,#7288);
#6089=AXIS2_PLACEMENT_3D('',#9258,#7290,#7291);
#6090=AXIS2_PLACEMENT_3D('',#9261,#7293,#7294);
#6091=AXIS2_PLACEMENT_3D('',#9263,#7295,#7296);
#6092=AXIS2_PLACEMENT_3D('',#9265,#7297,#7298);
#6093=AXIS2_PLACEMENT_3D('',#9267,#7299,#7300);
#6094=AXIS2_PLACEMENT_3D('',#9270,#7301,#7302);
#6095=AXIS2_PLACEMENT_3D('',#9295,#7303,#7304);
#6096=AXIS2_PLACEMENT_3D('',#9317,#7305,#7306);
#6097=AXIS2_PLACEMENT_3D('',#9342,#7307,#7308);
#6098=AXIS2_PLACEMENT_3D('',#9358,#7309,#7310);
#6099=AXIS2_PLACEMENT_3D('',#9376,#7312,#7313);
#6100=AXIS2_PLACEMENT_3D('',#9379,#7315,#7316);
#6101=AXIS2_PLACEMENT_3D('',#9382,#7318,#7319);
#6102=AXIS2_PLACEMENT_3D('',#9383,#7320,#7321);
#6103=AXIS2_PLACEMENT_3D('',#9384,#7322,#7323);
#6104=AXIS2_PLACEMENT_3D('',#9387,#7325,#7326);
#6105=AXIS2_PLACEMENT_3D('',#9388,#7327,#7328);
#6106=AXIS2_PLACEMENT_3D('',#9390,#7329,#7330);
#6107=AXIS2_PLACEMENT_3D('',#9392,#7331,#7332);
#6108=AXIS2_PLACEMENT_3D('',#9394,#7333,#7334);
#6109=AXIS2_PLACEMENT_3D('',#9396,#7335,#7336);
#6110=AXIS2_PLACEMENT_3D('',#9398,#7337,#7338);
#6111=AXIS2_PLACEMENT_3D('',#9400,#7339,#7340);
#6112=AXIS2_PLACEMENT_3D('',#9401,#7341,#7342);
#6113=AXIS2_PLACEMENT_3D('',#9402,#7343,#7344);
#6114=AXIS2_PLACEMENT_3D('',#9403,#7345,#7346);
#6115=AXIS2_PLACEMENT_3D('',#9406,#7348,#7349);
#6116=AXIS2_PLACEMENT_3D('',#9407,#7350,#7351);
#6117=AXIS2_PLACEMENT_3D('',#9409,#7353,#7354);
#6118=AXIS2_PLACEMENT_3D('',#9410,#7355,#7356);
#6119=AXIS2_PLACEMENT_3D('',#9412,#7357,#7358);
#6120=AXIS2_PLACEMENT_3D('',#9414,#7360,#7361);
#6121=AXIS2_PLACEMENT_3D('',#9416,#7362,#7363);
#6122=AXIS2_PLACEMENT_3D('',#9418,#7365,#7366);
#6123=AXIS2_PLACEMENT_3D('',#9422,#7368,#7369);
#6124=AXIS2_PLACEMENT_3D('',#9424,#7371,#7372);
#6125=AXIS2_PLACEMENT_3D('',#9427,#7374,#7375);
#6126=AXIS2_PLACEMENT_3D('',#9428,#7376,#7377);
#6127=AXIS2_PLACEMENT_3D('',#9432,#7380,#7381);
#6128=AXIS2_PLACEMENT_3D('',#9435,#7383,#7384);
#6129=AXIS2_PLACEMENT_3D('',#9436,#7385,#7386);
#6130=AXIS2_PLACEMENT_3D('',#9440,#7389,#7390);
#6131=AXIS2_PLACEMENT_3D('',#9443,#7392,#7393);
#6132=AXIS2_PLACEMENT_3D('',#9444,#7394,#7395);
#6133=AXIS2_PLACEMENT_3D('',#9448,#7398,#7399);
#6134=AXIS2_PLACEMENT_3D('',#9451,#7401,#7402);
#6135=AXIS2_PLACEMENT_3D('',#9452,#7403,#7404);
#6136=AXIS2_PLACEMENT_3D('',#9456,#7407,#7408);
#6137=AXIS2_PLACEMENT_3D('',#9459,#7410,#7411);
#6138=AXIS2_PLACEMENT_3D('',#9460,#7412,#7413);
#6139=AXIS2_PLACEMENT_3D('',#9464,#7416,#7417);
#6140=AXIS2_PLACEMENT_3D('',#9467,#7419,#7420);
#6141=AXIS2_PLACEMENT_3D('',#9468,#7421,#7422);
#6142=AXIS2_PLACEMENT_3D('',#9472,#7425,#7426);
#6143=AXIS2_PLACEMENT_3D('',#9475,#7428,#7429);
#6144=AXIS2_PLACEMENT_3D('',#9476,#7430,#7431);
#6145=AXIS2_PLACEMENT_3D('',#9480,#7434,#7435);
#6146=AXIS2_PLACEMENT_3D('',#9483,#7437,#7438);
#6147=AXIS2_PLACEMENT_3D('',#9484,#7439,#7440);
#6148=AXIS2_PLACEMENT_3D('',#9488,#7443,#7444);
#6149=AXIS2_PLACEMENT_3D('',#9491,#7446,#7447);
#6150=AXIS2_PLACEMENT_3D('',#9492,#7448,#7449);
#6151=AXIS2_PLACEMENT_3D('',#9496,#7452,#7453);
#6152=AXIS2_PLACEMENT_3D('',#9499,#7455,#7456);
#6153=AXIS2_PLACEMENT_3D('',#9500,#7457,#7458);
#6154=AXIS2_PLACEMENT_3D('',#9503,#7460,#7461);
#6155=AXIS2_PLACEMENT_3D('',#9504,#7462,#7463);
#6156=AXIS2_PLACEMENT_3D('',#9507,#7465,#7466);
#6157=AXIS2_PLACEMENT_3D('',#9508,#7467,#7468);
#6158=AXIS2_PLACEMENT_3D('',#9511,#7470,#7471);
#6159=AXIS2_PLACEMENT_3D('',#9512,#7472,#7473);
#6160=AXIS2_PLACEMENT_3D('',#9515,#7475,#7476);
#6161=AXIS2_PLACEMENT_3D('',#9575,#7478,#7479);
#6162=AXIS2_PLACEMENT_3D('',#9578,#7481,#7482);
#6163=AXIS2_PLACEMENT_3D('',#9579,#7483,#7484);
#6164=AXIS2_PLACEMENT_3D('',#9582,#7486,#7487);
#6165=AXIS2_PLACEMENT_3D('',#9583,#7488,#7489);
#6166=AXIS2_PLACEMENT_3D('',#9584,#7490,#7491);
#6167=AXIS2_PLACEMENT_3D('',#9585,#7492,#7493);
#6168=AXIS2_PLACEMENT_3D('',#9586,#7494,#7495);
#6169=AXIS2_PLACEMENT_3D('',#9588,#7496,#7497);
#6170=AXIS2_PLACEMENT_3D('',#9591,#7499,#7500);
#6171=AXIS2_PLACEMENT_3D('',#9593,#7502,#7503);
#6172=AXIS2_PLACEMENT_3D('',#9595,#7504,#7505);
#6173=AXIS2_PLACEMENT_3D('',#9598,#7507,#7508);
#6174=AXIS2_PLACEMENT_3D('',#9600,#7510,#7511);
#6175=AXIS2_PLACEMENT_3D('',#9602,#7512,#7513);
#6176=AXIS2_PLACEMENT_3D('',#9605,#7515,#7516);
#6177=AXIS2_PLACEMENT_3D('',#9607,#7518,#7519);
#6178=AXIS2_PLACEMENT_3D('',#9609,#7520,#7521);
#6179=AXIS2_PLACEMENT_3D('',#9612,#7523,#7524);
#6180=AXIS2_PLACEMENT_3D('',#9614,#7526,#7527);
#6181=AXIS2_PLACEMENT_3D('',#9616,#7528,#7529);
#6182=AXIS2_PLACEMENT_3D('',#9617,#7530,#7531);
#6183=AXIS2_PLACEMENT_3D('',#9619,#7532,#7533);
#6184=AXIS2_PLACEMENT_3D('',#9620,#7534,#7535);
#6185=AXIS2_PLACEMENT_3D('',#9622,#7536,#7537);
#6186=AXIS2_PLACEMENT_3D('',#9623,#7538,#7539);
#6187=AXIS2_PLACEMENT_3D('',#9625,#7540,#7541);
#6188=AXIS2_PLACEMENT_3D('',#9626,#7542,#7543);
#6189=AXIS2_PLACEMENT_3D('',#9628,#7545,#7546);
#6190=AXIS2_PLACEMENT_3D('',#9630,#7548,#7549);
#6191=AXIS2_PLACEMENT_3D('',#9632,#7551,#7552);
#6192=AXIS2_PLACEMENT_3D('',#9704,#7556,#7557);
#6193=AXIS2_PLACEMENT_3D('',#9706,#7558,#7559);
#6194=AXIS2_PLACEMENT_3D('',#9767,#7562,#7563);
#6195=AXIS2_PLACEMENT_3D('',#9769,#7564,#7565);
#6196=AXIS2_PLACEMENT_3D('',#9839,#7568,#7569);
#6197=AXIS2_PLACEMENT_3D('',#9841,#7570,#7571);
#6198=AXIS2_PLACEMENT_3D('',#9884,#7574,#7575);
#6199=AXIS2_PLACEMENT_3D('',#9886,#7576,#7577);
#6200=AXIS2_PLACEMENT_3D('',#9929,#7580,#7581);
#6201=AXIS2_PLACEMENT_3D('',#9930,#7582,#7583);
#6202=AXIS2_PLACEMENT_3D('',#9931,#7584,#7585);
#6203=AXIS2_PLACEMENT_3D('',#9937,#7589,#7590);
#6204=AXIS2_PLACEMENT_3D('',#9939,#7591,#7592);
#6205=AXIS2_PLACEMENT_3D('',#9941,#7594,#7595);
#6206=AXIS2_PLACEMENT_3D('',#9945,#7598,#7599);
#6207=AXIS2_PLACEMENT_3D('',#9947,#7600,#7601);
#6208=AXIS2_PLACEMENT_3D('',#9949,#7603,#7604);
#6209=AXIS2_PLACEMENT_3D('',#9953,#7607,#7608);
#6210=AXIS2_PLACEMENT_3D('',#9955,#7609,#7610);
#6211=AXIS2_PLACEMENT_3D('',#9957,#7612,#7613);
#6212=AXIS2_PLACEMENT_3D('',#9961,#7616,#7617);
#6213=AXIS2_PLACEMENT_3D('',#9962,#7618,#7619);
#6214=AXIS2_PLACEMENT_3D('',#9963,#7620,#7621);
#6215=AXIS2_PLACEMENT_3D('',#9966,#7623,#7624);
#6216=AXIS2_PLACEMENT_3D('',#9967,#7625,#7626);
#6217=AXIS2_PLACEMENT_3D('',#9969,#7628,#7629);
#6218=AXIS2_PLACEMENT_3D('',#9971,#7630,#7631);
#6219=AXIS2_PLACEMENT_3D('',#9974,#7633,#7634);
#6220=AXIS2_PLACEMENT_3D('',#9975,#7635,#7636);
#6221=AXIS2_PLACEMENT_3D('',#9981,#7640,#7641);
#6222=AXIS2_PLACEMENT_3D('',#9984,#7643,#7644);
#6223=AXIS2_PLACEMENT_3D('',#9985,#7645,#7646);
#6224=AXIS2_PLACEMENT_3D('',#10042,#7651,#7652);
#6225=AXIS2_PLACEMENT_3D('',#10043,#7653,#7654);
#6226=AXIS2_PLACEMENT_3D('',#10052,#7659,#7660);
#6227=AXIS2_PLACEMENT_3D('',#10054,#7661,#7662);
#6228=AXIS2_PLACEMENT_3D('',#10056,#7663,#7664);
#6229=AXIS2_PLACEMENT_3D('',#10058,#7666,#7667);
#6230=AXIS2_PLACEMENT_3D('',#10064,#7671,#7672);
#6231=AXIS2_PLACEMENT_3D('',#10066,#7673,#7674);
#6232=AXIS2_PLACEMENT_3D('',#10068,#7675,#7676);
#6233=AXIS2_PLACEMENT_3D('',#10070,#7678,#7679);
#6234=AXIS2_PLACEMENT_3D('',#10076,#7683,#7684);
#6235=AXIS2_PLACEMENT_3D('',#10078,#7685,#7686);
#6236=AXIS2_PLACEMENT_3D('',#10081,#7688,#7689);
#6237=AXIS2_PLACEMENT_3D('',#10082,#7690,#7691);
#6238=AXIS2_PLACEMENT_3D('',#10088,#7695,#7696);
#6239=AXIS2_PLACEMENT_3D('',#10089,#7697,#7698);
#6240=AXIS2_PLACEMENT_3D('',#10090,#7699,#7700);
#6241=AXIS2_PLACEMENT_3D('',#10091,#7701,#7702);
#6242=AXIS2_PLACEMENT_3D('',#10096,#7704,#7705);
#6243=AXIS2_PLACEMENT_3D('',#10100,#7707,#7708);
#6244=AXIS2_PLACEMENT_3D('',#10104,#7710,#7711);
#6245=AXIS2_PLACEMENT_3D('',#10107,#7713,#7714);
#6246=AXIS2_PLACEMENT_3D('',#10108,#7715,#7716);
#6247=AXIS2_PLACEMENT_3D('',#10111,#7719,#7720);
#6248=AXIS2_PLACEMENT_3D('',#10113,#7722,#7723);
#6249=AXIS2_PLACEMENT_3D('',#10115,#7725,#7726);
#6250=AXIS2_PLACEMENT_3D('',#10117,#7728,#7729);
#6251=AXIS2_PLACEMENT_3D('',#10119,#7731,#7732);
#6252=AXIS2_PLACEMENT_3D('',#10121,#7734,#7735);
#6253=AXIS2_PLACEMENT_3D('',#10123,#7737,#7738);
#6254=AXIS2_PLACEMENT_3D('',#10124,#7739,#7740);
#6255=AXIS2_PLACEMENT_3D('',#10126,#7741,#7742);
#6256=AXIS2_PLACEMENT_3D('',#10128,#7744,#7745);
#6257=AXIS2_PLACEMENT_3D('',#10130,#7746,#7747);
#6258=AXIS2_PLACEMENT_3D('',#10132,#7749,#7750);
#6259=AXIS2_PLACEMENT_3D('',#10133,#7751,#7752);
#6260=AXIS2_PLACEMENT_3D('',#10135,#7754,#7755);
#6261=AXIS2_PLACEMENT_3D('',#10136,#7756,#7757);
#6262=AXIS2_PLACEMENT_3D('',#10137,#7758,#7759);
#6263=AXIS2_PLACEMENT_3D('',#10138,#7760,#7761);
#6264=AXIS2_PLACEMENT_3D('',#10139,#7762,#7763);
#6265=AXIS2_PLACEMENT_3D('',#10143,#7766,#7767);
#6266=AXIS2_PLACEMENT_3D('',#10144,#7768,#7769);
#6267=AXIS2_PLACEMENT_3D('',#10145,#7770,#7771);
#6268=AXIS2_PLACEMENT_3D('',#10146,#7772,#7773);
#6269=AXIS2_PLACEMENT_3D('',#10149,#7774,#7775);
#6270=AXIS2_PLACEMENT_3D('',#10153,#7777,#7778);
#6271=AXIS2_PLACEMENT_3D('',#10160,#7780,#7781);
#6272=AXIS2_PLACEMENT_3D('',#10166,#7785,#7786);
#6273=AXIS2_PLACEMENT_3D('',#10170,#7788,#7789);
#6274=AXIS2_PLACEMENT_3D('',#10174,#7791,#7792);
#6275=AXIS2_PLACEMENT_3D('',#10177,#7794,#7795);
#6276=AXIS2_PLACEMENT_3D('',#10182,#7797,#7798);
#6277=AXIS2_PLACEMENT_3D('',#10186,#7800,#7801);
#6278=AXIS2_PLACEMENT_3D('',#10192,#7804,#7805);
#6279=AXIS2_PLACEMENT_3D('',#10196,#7807,#7808);
#6280=AXIS2_PLACEMENT_3D('',#10200,#7810,#7811);
#6281=AXIS2_PLACEMENT_3D('',#10204,#7813,#7814);
#6282=AXIS2_PLACEMENT_3D('',#10206,#7816,#7817);
#6283=AXIS2_PLACEMENT_3D('',#10208,#7818,#7819);
#6284=AXIS2_PLACEMENT_3D('',#10212,#7821,#7822);
#6285=AXIS2_PLACEMENT_3D('',#10214,#7824,#7825);
#6286=AXIS2_PLACEMENT_3D('',#10217,#7826,#7827);
#6287=AXIS2_PLACEMENT_3D('',#10225,#7829,#7830);
#6288=AXIS2_PLACEMENT_3D('',#10236,#7833,#7834);
#6289=AXIS2_PLACEMENT_3D('',#10242,#7838,#7839);
#6290=AXIS2_PLACEMENT_3D('',#10244,#7840,#7841);
#6291=AXIS2_PLACEMENT_3D('',#10246,#7843,#7844);
#6292=AXIS2_PLACEMENT_3D('',#10250,#7847,#7848);
#6293=AXIS2_PLACEMENT_3D('',#10252,#7849,#7850);
#6294=AXIS2_PLACEMENT_3D('',#10254,#7852,#7853);
#6295=AXIS2_PLACEMENT_3D('',#10258,#7856,#7857);
#6296=AXIS2_PLACEMENT_3D('',#10264,#7861,#7862);
#6297=AXIS2_PLACEMENT_3D('',#10270,#7866,#7867);
#6298=AXIS2_PLACEMENT_3D('',#10272,#7868,#7869);
#6299=AXIS2_PLACEMENT_3D('',#10274,#7871,#7872);
#6300=AXIS2_PLACEMENT_3D('',#10278,#7875,#7876);
#6301=AXIS2_PLACEMENT_3D('',#10279,#7877,#7878);
#6302=AXIS2_PLACEMENT_3D('',#10281,#7880,#7881);
#6303=AXIS2_PLACEMENT_3D('',#10283,#7883,#7884);
#6304=AXIS2_PLACEMENT_3D('',#10285,#7885,#7886);
#6305=AXIS2_PLACEMENT_3D('',#10287,#7888,#7889);
#6306=AXIS2_PLACEMENT_3D('',#10291,#7892,#7893);
#6307=AXIS2_PLACEMENT_3D('',#10292,#7894,#7895);
#6308=AXIS2_PLACEMENT_3D('',#10293,#7896,#7897);
#6309=AXIS2_PLACEMENT_3D('',#10294,#7898,#7899);
#6310=AXIS2_PLACEMENT_3D('',#10295,#7900,#7901);
#6311=AXIS2_PLACEMENT_3D('',#10296,#7902,#7903);
#6312=AXIS2_PLACEMENT_3D('',#10297,#7904,#7905);
#6313=AXIS2_PLACEMENT_3D('',#10300,#7908,#7909);
#6314=AXIS2_PLACEMENT_3D('',#10302,#7911,#7912);
#6315=AXIS2_PLACEMENT_3D('',#10303,#7913,#7914);
#6316=AXIS2_PLACEMENT_3D('',#10305,#7916,#7917);
#6317=AXIS2_PLACEMENT_3D('',#10307,#7919,#7920);
#6318=AXIS2_PLACEMENT_3D('',#10309,#7922,#7923);
#6319=AXIS2_PLACEMENT_3D('',#10311,#7925,#7926);
#6320=AXIS2_PLACEMENT_3D('',#10315,#7929,#7930);
#6321=AXIS2_PLACEMENT_3D('',#10317,#7931,#7932);
#6322=AXIS2_PLACEMENT_3D('',#10319,#7934,#7935);
#6323=AXIS2_PLACEMENT_3D('',#10323,#7938,#7939);
#6324=AXIS2_PLACEMENT_3D('',#10324,#7940,#7941);
#6325=AXIS2_PLACEMENT_3D('',#10325,#7942,#7943);
#6326=AXIS2_PLACEMENT_3D('',#10329,#7945,#7946);
#6327=AXIS2_PLACEMENT_3D('',#10331,#7948,#7949);
#6328=AXIS2_PLACEMENT_3D('',#10335,#7952,#7953);
#6329=AXIS2_PLACEMENT_3D('',#10338,#7955,#7956);
#6330=AXIS2_PLACEMENT_3D('',#10339,#7957,#7958);
#6331=AXIS2_PLACEMENT_3D('',#10413,#7965,#7966);
#6332=AXIS2_PLACEMENT_3D('',#10415,#7968,#7969);
#6333=AXIS2_PLACEMENT_3D('',#10467,#7974,#7975);
#6334=AXIS2_PLACEMENT_3D('',#10519,#7979,#7980);
#6335=AXIS2_PLACEMENT_3D('',#10565,#7984,#7985);
#6336=AXIS2_PLACEMENT_3D('',#10567,#7987,#7988);
#6337=AXIS2_PLACEMENT_3D('',#10569,#7990,#7991);
#6338=AXIS2_PLACEMENT_3D('',#10571,#7993,#7994);
#6339=AXIS2_PLACEMENT_3D('',#10573,#7996,#7997);
#6340=AXIS2_PLACEMENT_3D('',#10575,#7999,#8000);
#6341=AXIS2_PLACEMENT_3D('',#10577,#8002,#8003);
#6342=AXIS2_PLACEMENT_3D('',#10579,#8005,#8006);
#6343=AXIS2_PLACEMENT_3D('',#10581,#8008,#8009);
#6344=AXIS2_PLACEMENT_3D('',#10584,#8012,#8013);
#6345=AXIS2_PLACEMENT_3D('',#10585,#8014,#8015);
#6346=AXIS2_PLACEMENT_3D('',#10587,#8017,#8018);
#6347=AXIS2_PLACEMENT_3D('',#10588,#8019,#8020);
#6348=AXIS2_PLACEMENT_3D('',#10590,#8022,#8023);
#6349=DIRECTION('axis',(0.,0.,1.));
#6350=DIRECTION('refdir',(1.,0.,0.));
#6351=DIRECTION('center_axis',(-1.,-9.9830875020304E-16,1.31429840327583E-16));
#6352=DIRECTION('ref_axis',(1.00692311705536E-15,-0.99144486137381,0.130526192220052));
#6353=DIRECTION('',(1.00692311705536E-15,-0.99144486137381,0.130526192220052));
#6354=DIRECTION('',(0.,0.130526192220053,0.99144486137381));
#6355=DIRECTION('',(1.00692311705536E-15,-0.99144486137381,0.130526192220052));
#6356=DIRECTION('',(0.,0.130526192220053,0.99144486137381));
#6357=DIRECTION('center_axis',(0.,0.130526192220053,0.99144486137381));
#6358=DIRECTION('ref_axis',(-1.,-9.9830875020304E-16,1.31429840327583E-16));
#6359=DIRECTION('center_axis',(-1.32563943238825E-16,0.130526192220052,
0.99144486137381));
#6360=DIRECTION('ref_axis',(-1.,-9.9830875020304E-16,1.31429840327583E-16));
#6361=DIRECTION('',(0.,0.130526192220053,0.99144486137381));
#6362=DIRECTION('center_axis',(-1.32563943238824E-16,0.130526192220052,
0.99144486137381));
#6363=DIRECTION('ref_axis',(-1.,-1.01561181693968E-15,4.83801711349569E-31));
#6364=DIRECTION('center_axis',(0.,0.130526192220053,0.99144486137381));
#6365=DIRECTION('ref_axis',(-0.752566557025593,0.652882496286107,-0.0859536112671605));
#6366=DIRECTION('center_axis',(-1.32563943238825E-16,0.130526192220052,
0.99144486137381));
#6367=DIRECTION('ref_axis',(-0.752566557025593,0.652882496286107,-0.0859536112671605));
#6368=DIRECTION('',(0.,0.130526192220053,0.99144486137381));
#6369=DIRECTION('center_axis',(5.97487900799358E-16,0.130526192220052,0.99144486137381));
#6370=DIRECTION('ref_axis',(-0.752566557025593,0.652882496286107,-0.0859536112671593));
#6371=DIRECTION('center_axis',(1.,9.9830875020304E-16,-1.31429840327583E-16));
#6372=DIRECTION('ref_axis',(-1.00692311705536E-15,0.99144486137381,-0.130526192220053));
#6373=DIRECTION('',(-1.00692311705536E-15,0.99144486137381,-0.130526192220052));
#6374=DIRECTION('',(0.,0.130526192220053,0.99144486137381));
#6375=DIRECTION('',(-1.00692311705536E-15,0.99144486137381,-0.130526192220053));
#6376=DIRECTION('center_axis',(0.,0.130526192220053,0.99144486137381));
#6377=DIRECTION('ref_axis',(1.,9.9830875020304E-16,-1.31429840327583E-16));
#6378=DIRECTION('center_axis',(-1.32563943238825E-16,0.130526192220052,
0.99144486137381));
#6379=DIRECTION('ref_axis',(1.,9.9830875020304E-16,-1.31429840327583E-16));
#6380=DIRECTION('',(0.,0.130526192220053,0.99144486137381));
#6381=DIRECTION('center_axis',(-1.32563943238841E-16,0.130526192220053,
0.99144486137381));
#6382=DIRECTION('ref_axis',(1.,1.01561181693968E-15,1.56422418164011E-29));
#6383=DIRECTION('center_axis',(1.00692311705536E-15,-0.99144486137381,0.130526192220053));
#6384=DIRECTION('ref_axis',(1.,1.01561181693968E-15,0.));
#6385=DIRECTION('',(1.,1.01561181693968E-15,-9.86076131526265E-32));
#6386=DIRECTION('',(0.,0.130526192220053,0.99144486137381));
#6387=DIRECTION('',(1.,1.01561181693968E-15,0.));
#6388=DIRECTION('center_axis',(0.,0.130526192220053,0.99144486137381));
#6389=DIRECTION('ref_axis',(-3.45202136709479E-14,-0.99144486137381,0.130526192220053));
#6390=DIRECTION('center_axis',(-1.32563943238825E-16,0.130526192220052,
0.99144486137381));
#6391=DIRECTION('ref_axis',(-3.45202136709479E-14,-0.99144486137381,0.130526192220053));
#6392=DIRECTION('',(0.,0.130526192220053,0.99144486137381));
#6393=DIRECTION('center_axis',(-1.32563943238813E-16,0.130526192220052,
0.99144486137381));
#6394=DIRECTION('ref_axis',(-3.45202136709479E-14,-0.99144486137381,0.130526192220052));
#6395=DIRECTION('center_axis',(-1.,-9.9830875020304E-16,1.31429840327583E-16));
#6396=DIRECTION('ref_axis',(1.00692311705536E-15,-0.99144486137381,0.130526192220052));
#6397=DIRECTION('',(1.00692311705536E-15,-0.99144486137381,0.130526192220052));
#6398=DIRECTION('',(0.,0.130526192220053,0.99144486137381));
#6399=DIRECTION('',(1.00692311705536E-15,-0.99144486137381,0.130526192220052));
#6400=DIRECTION('center_axis',(0.,0.130526192220053,0.99144486137381));
#6401=DIRECTION('ref_axis',(-1.,-9.98308750203041E-16,1.31429840327583E-16));
#6402=DIRECTION('center_axis',(1.32563943238825E-16,-0.130526192220052,
-0.99144486137381));
#6403=DIRECTION('ref_axis',(-1.,-9.98308750203041E-16,1.31429840327583E-16));
#6404=DIRECTION('',(0.,0.130526192220053,0.99144486137381));
#6405=DIRECTION('center_axis',(-9.55095098357999E-16,-0.130526192220052,
-0.99144486137381));
#6406=DIRECTION('ref_axis',(-1.,-8.73643823806335E-16,1.07835396771793E-15));
#6407=DIRECTION('center_axis',(1.,9.9830875020304E-16,-1.31429840327583E-16));
#6408=DIRECTION('ref_axis',(-1.00692311705536E-15,0.99144486137381,-0.130526192220052));
#6409=DIRECTION('',(-1.00692311705536E-15,0.99144486137381,-0.130526192220052));
#6410=DIRECTION('',(0.,0.130526192220053,0.99144486137381));
#6411=DIRECTION('',(-1.00692311705536E-15,0.99144486137381,-0.130526192220052));
#6412=DIRECTION('center_axis',(0.,0.130526192220053,0.99144486137381));
#6413=DIRECTION('ref_axis',(1.,-3.42248884575872E-14,4.50579204509144E-15));
#6414=DIRECTION('center_axis',(-1.32563943238825E-16,0.130526192220052,
0.99144486137381));
#6415=DIRECTION('ref_axis',(1.,-3.42248884575872E-14,4.50579204509144E-15));
#6416=DIRECTION('',(0.,0.130526192220053,0.99144486137381));
#6417=DIRECTION('center_axis',(-1.32563943238824E-16,0.130526192220052,
0.99144486137381));
#6418=DIRECTION('ref_axis',(1.,-3.42075853908506E-14,4.63722188541898E-15));
#6419=DIRECTION('center_axis',(1.00692311705536E-15,-0.99144486137381,0.130526192220053));
#6420=DIRECTION('ref_axis',(1.,1.01561181693968E-15,0.));
#6421=DIRECTION('',(1.,1.01561181693968E-15,-9.86076131526265E-32));
#6422=DIRECTION('',(0.,0.130526192220053,0.99144486137381));
#6423=DIRECTION('',(1.,1.01561181693968E-15,0.));
#6424=DIRECTION('center_axis',(0.,0.130526192220053,0.99144486137381));
#6425=DIRECTION('ref_axis',(1.00692311705536E-15,-0.99144486137381,0.130526192220053));
#6426=DIRECTION('center_axis',(-1.32563943238825E-16,0.130526192220052,
0.99144486137381));
#6427=DIRECTION('ref_axis',(1.00692311705536E-15,-0.99144486137381,0.130526192220053));
#6428=DIRECTION('',(0.,0.130526192220053,0.99144486137381));
#6429=DIRECTION('center_axis',(-1.32563943238824E-16,0.130526192220052,
0.99144486137381));
#6430=DIRECTION('ref_axis',(1.00692311705536E-15,-0.99144486137381,0.130526192220052));
#6431=DIRECTION('center_axis',(-1.,-5.11124898943446E-15,6.72908695250107E-16));
#6432=DIRECTION('ref_axis',(5.15535375547964E-15,-0.99144486137381,0.130526192220052));
#6433=DIRECTION('',(5.15535375547964E-15,-0.99144486137381,0.130526192220052));
#6434=DIRECTION('',(0.,0.130526192220053,0.99144486137381));
#6435=DIRECTION('',(5.15535375547964E-15,-0.99144486137381,0.130526192220052));
#6436=DIRECTION('center_axis',(0.,0.130526192220053,0.99144486137381));
#6437=DIRECTION('ref_axis',(-1.,-9.9830875020304E-16,1.31429840327583E-16));
#6438=DIRECTION('center_axis',(1.32563943238825E-16,-0.130526192220052,
-0.99144486137381));
#6439=DIRECTION('ref_axis',(-1.,-9.9830875020304E-16,1.31429840327583E-16));
#6440=DIRECTION('',(0.,0.130526192220053,0.99144486137381));
#6441=DIRECTION('center_axis',(1.32563943238823E-16,-0.130526192220052,
-0.99144486137381));
#6442=DIRECTION('ref_axis',(-1.,-1.01561181693968E-15,9.57770729915994E-31));
#6443=DIRECTION('center_axis',(1.,9.9830875020304E-16,-1.31429840327583E-16));
#6444=DIRECTION('ref_axis',(-1.00692311705536E-15,0.99144486137381,-0.130526192220052));
#6445=DIRECTION('',(-1.00692311705536E-15,0.99144486137381,-0.130526192220052));
#6446=DIRECTION('',(0.,0.130526192220053,0.99144486137381));
#6447=DIRECTION('',(-1.00692311705536E-15,0.99144486137381,-0.130526192220052));
#6448=DIRECTION('center_axis',(0.,0.130526192220053,0.99144486137381));
#6449=DIRECTION('ref_axis',(1.,-3.42248884575872E-14,4.50579204509144E-15));
#6450=DIRECTION('center_axis',(-1.32563943238825E-16,0.130526192220052,
0.99144486137381));
#6451=DIRECTION('ref_axis',(1.,-3.42248884575872E-14,4.50579204509144E-15));
#6452=DIRECTION('',(0.,0.130526192220053,0.99144486137381));
#6453=DIRECTION('center_axis',(-1.32563943238822E-16,0.130526192220052,
0.99144486137381));
#6454=DIRECTION('ref_axis',(1.,-3.42075853908506E-14,4.63722188541898E-15));
#6455=DIRECTION('center_axis',(1.00692311705536E-15,-0.99144486137381,0.130526192220053));
#6456=DIRECTION('ref_axis',(1.,1.01561181693968E-15,-1.9552801687783E-30));
#6457=DIRECTION('',(1.,1.01561181693968E-15,-9.86076131526265E-32));
#6458=DIRECTION('',(0.,0.130526192220053,0.99144486137381));
#6459=DIRECTION('',(1.,1.01561181693968E-15,-1.9552801687783E-30));
#6460=DIRECTION('center_axis',(0.,0.130526192220053,0.99144486137381));
#6461=DIRECTION('ref_axis',(-3.45202136709479E-14,-0.99144486137381,0.130526192220053));
#6462=DIRECTION('center_axis',(-1.32563943238825E-16,0.130526192220052,
0.99144486137381));
#6463=DIRECTION('ref_axis',(-3.45202136709479E-14,-0.99144486137381,0.130526192220053));
#6464=DIRECTION('center_axis',(-1.32563943238825E-16,0.130526192220052,
0.99144486137381));
#6465=DIRECTION('ref_axis',(-3.45202136709479E-14,-0.99144486137381,0.130526192220052));
#6466=DIRECTION('center_axis',(1.32563943238823E-16,-0.130526192220052,
-0.99144486137381));
#6467=DIRECTION('ref_axis',(1.,1.01561181693968E-15,-9.77640113525081E-31));
#6468=DIRECTION('center_axis',(0.,0.130526192220053,0.99144486137381));
#6469=DIRECTION('ref_axis',(-1.,-5.38331045618941E-14,7.08726266845686E-15));
#6470=DIRECTION('center_axis',(-1.32563943238825E-16,0.130526192220052,
0.99144486137381));
#6471=DIRECTION('ref_axis',(-1.,-5.38331045618941E-14,7.08726266845686E-15));
#6472=DIRECTION('',(0.,0.130526192220053,0.99144486137381));
#6473=DIRECTION('center_axis',(-1.32563943238823E-16,0.130526192220053,
0.99144486137381));
#6474=DIRECTION('ref_axis',(-1.,-5.38504076286307E-14,6.95583282812927E-15));
#6475=DIRECTION('',(0.,0.130526192220053,0.99144486137381));
#6476=DIRECTION('center_axis',(-1.00692311705536E-15,0.99144486137381,-0.130526192220053));
#6477=DIRECTION('ref_axis',(-1.,-1.01561181693968E-15,2.9329203405752E-30));
#6478=DIRECTION('',(-1.,-1.01561181693968E-15,9.86076131526265E-32));
#6479=DIRECTION('',(0.,0.130526192220053,0.99144486137381));
#6480=DIRECTION('',(-1.,-1.01561181693968E-15,2.9329203405752E-30));
#6481=DIRECTION('center_axis',(0.,0.130526192220053,0.99144486137381));
#6482=DIRECTION('ref_axis',(-7.20611966930694E-14,0.99144486137381,-0.130526192220053));
#6483=DIRECTION('center_axis',(-1.32563943238825E-16,0.130526192220052,
0.99144486137381));
#6484=DIRECTION('ref_axis',(-7.20611966930694E-14,0.99144486137381,-0.130526192220053));
#6485=DIRECTION('',(0.,0.130526192220053,0.99144486137381));
#6486=DIRECTION('center_axis',(-1.32563943238837E-16,0.130526192220053,
0.99144486137381));
#6487=DIRECTION('ref_axis',(-7.20611966930694E-14,0.99144486137381,-0.130526192220053));
#6488=DIRECTION('center_axis',(1.,9.9830875020304E-16,-1.31429840327583E-16));
#6489=DIRECTION('ref_axis',(-1.00692311705536E-15,0.99144486137381,-0.130526192220053));
#6490=DIRECTION('',(-1.00692311705536E-15,0.99144486137381,-0.130526192220052));
#6491=DIRECTION('',(0.,0.130526192220053,0.99144486137381));
#6492=DIRECTION('',(-1.00692311705536E-15,0.99144486137381,-0.130526192220053));
#6493=DIRECTION('center_axis',(-1.00692311705536E-15,0.99144486137381,-0.130526192220053));
#6494=DIRECTION('ref_axis',(-1.,-1.19716058663049E-15,-1.37899981403919E-15));
#6495=DIRECTION('',(-1.,-1.01561181693968E-15,-1.23259516440783E-31));
#6496=DIRECTION('',(0.,0.130526192220053,0.99144486137381));
#6497=DIRECTION('',(-1.,-1.19716058663049E-15,-1.37899981403919E-15));
#6498=DIRECTION('center_axis',(0.,0.130526192220053,0.99144486137381));
#6499=DIRECTION('ref_axis',(-7.20611966930669E-14,0.99144486137381,-0.130526192220053));
#6500=DIRECTION('center_axis',(-1.32563943238825E-16,0.130526192220052,
0.99144486137381));
#6501=DIRECTION('ref_axis',(-7.20611966930669E-14,0.99144486137381,-0.130526192220053));
#6502=DIRECTION('',(0.,0.130526192220053,0.99144486137381));
#6503=DIRECTION('center_axis',(-1.52346309231332E-15,0.130526192220052,
0.99144486137381));
#6504=DIRECTION('ref_axis',(-7.20611966930669E-14,0.99144486137381,-0.130526192220052));
#6505=DIRECTION('center_axis',(1.,9.9830875020304E-16,-1.31429840327583E-16));
#6506=DIRECTION('ref_axis',(-1.00692311705536E-15,0.99144486137381,-0.130526192220052));
#6507=DIRECTION('',(-1.00692311705536E-15,0.99144486137381,-0.130526192220052));
#6508=DIRECTION('',(0.,0.130526192220053,0.99144486137381));
#6509=DIRECTION('',(-1.00692311705536E-15,0.99144486137381,-0.130526192220052));
#6510=DIRECTION('center_axis',(0.,0.130526192220053,0.99144486137381));
#6511=DIRECTION('ref_axis',(1.,9.98308750203039E-16,-1.31429840327583E-16));
#6512=DIRECTION('center_axis',(-1.32563943238825E-16,0.130526192220052,
0.99144486137381));
#6513=DIRECTION('ref_axis',(1.,9.98308750203039E-16,-1.31429840327583E-16));
#6514=DIRECTION('',(0.,0.130526192220053,0.99144486137381));
#6515=DIRECTION('center_axis',(-6.5350108520078E-16,0.130526192220052,0.99144486137381));
#6516=DIRECTION('ref_axis',(1.,1.08360775846597E-15,5.16480452496941E-16));
#6517=DIRECTION('center_axis',(1.00692311705536E-15,-0.99144486137381,0.130526192220053));
#6518=DIRECTION('ref_axis',(1.,1.08360775846597E-15,5.16480452496967E-16));
#6519=DIRECTION('',(1.,1.01561181693968E-15,0.));
#6520=DIRECTION('',(0.,0.130526192220053,0.99144486137381));
#6521=DIRECTION('',(1.,1.08360775846597E-15,5.16480452496967E-16));
#6522=DIRECTION('center_axis',(1.,9.9830875020304E-16,-1.31429840327583E-16));
#6523=DIRECTION('ref_axis',(-1.00692311705536E-15,0.99144486137381,-0.130526192220053));
#6524=DIRECTION('',(-1.00692311705536E-15,0.99144486137381,-0.130526192220052));
#6525=DIRECTION('',(0.,0.130526192220053,0.99144486137381));
#6526=DIRECTION('',(-1.00692311705536E-15,0.99144486137381,-0.130526192220053));
#6527=DIRECTION('center_axis',(0.,0.130526192220053,0.99144486137381));
#6528=DIRECTION('ref_axis',(1.,7.14447031657911E-14,-9.40587361116662E-15));
#6529=DIRECTION('center_axis',(-1.32563943238825E-16,0.130526192220052,
0.99144486137381));
#6530=DIRECTION('ref_axis',(1.,7.14447031657911E-14,-9.40587361116662E-15));
#6531=DIRECTION('',(0.,0.130526192220053,0.99144486137381));
#6532=DIRECTION('center_axis',(-1.32563943238828E-16,0.130526192220053,
0.99144486137381));
#6533=DIRECTION('ref_axis',(1.,7.14620062325277E-14,-9.27444377083901E-15));
#6534=DIRECTION('center_axis',(1.00692311705536E-15,-0.99144486137381,0.130526192220053));
#6535=DIRECTION('ref_axis',(1.,1.01561181693968E-15,5.8658406811504E-30));
#6536=DIRECTION('',(1.,1.01561181693968E-15,-9.86076131526265E-32));
#6537=DIRECTION('',(0.,0.130526192220053,0.99144486137381));
#6538=DIRECTION('',(1.,1.01561181693968E-15,5.8658406811504E-30));
#6539=DIRECTION('center_axis',(0.,0.130526192220053,0.99144486137381));
#6540=DIRECTION('ref_axis',(7.20611966930694E-14,-0.99144486137381,0.130526192220053));
#6541=DIRECTION('center_axis',(-1.32563943238825E-16,0.130526192220052,
0.99144486137381));
#6542=DIRECTION('ref_axis',(7.20611966930694E-14,-0.99144486137381,0.130526192220053));
#6543=DIRECTION('',(0.,0.130526192220053,0.99144486137381));
#6544=DIRECTION('center_axis',(-1.32563943238811E-16,0.130526192220053,
0.99144486137381));
#6545=DIRECTION('ref_axis',(7.20611966930694E-14,-0.99144486137381,0.130526192220053));
#6546=DIRECTION('center_axis',(-1.,-9.9830875020304E-16,1.31429840327583E-16));
#6547=DIRECTION('ref_axis',(1.00692311705536E-15,-0.99144486137381,0.130526192220053));
#6548=DIRECTION('',(1.00692311705536E-15,-0.99144486137381,0.130526192220052));
#6549=DIRECTION('',(0.,0.130526192220053,0.99144486137381));
#6550=DIRECTION('',(1.00692311705536E-15,-0.99144486137381,0.130526192220053));
#6551=DIRECTION('center_axis',(1.00692311705536E-15,-0.99144486137381,0.130526192220053));
#6552=DIRECTION('ref_axis',(1.,9.10721793989376E-16,-7.96718823208595E-16));
#6553=DIRECTION('',(1.,1.01561181693968E-15,-2.2186712959341E-31));
#6554=DIRECTION('',(0.,0.130526192220053,0.99144486137381));
#6555=DIRECTION('',(1.,9.10721793989376E-16,-7.96718823208595E-16));
#6556=DIRECTION('center_axis',(0.,0.130526192220053,0.99144486137381));
#6557=DIRECTION('ref_axis',(7.20611966930694E-14,-0.99144486137381,0.130526192220053));
#6558=DIRECTION('center_axis',(-1.32563943238825E-16,0.130526192220052,
0.99144486137381));
#6559=DIRECTION('ref_axis',(7.20611966930694E-14,-0.99144486137381,0.130526192220053));
#6560=DIRECTION('',(0.,0.130526192220053,0.99144486137381));
#6561=DIRECTION('center_axis',(6.71029735288658E-16,0.130526192220052,0.99144486137381));
#6562=DIRECTION('ref_axis',(7.20611966930694E-14,-0.99144486137381,0.130526192220052));
#6563=DIRECTION('center_axis',(-1.,-9.9830875020304E-16,1.31429840327583E-16));
#6564=DIRECTION('ref_axis',(1.00692311705536E-15,-0.99144486137381,0.130526192220052));
#6565=DIRECTION('',(1.00692311705536E-15,-0.99144486137381,0.130526192220052));
#6566=DIRECTION('',(0.,0.130526192220053,0.99144486137381));
#6567=DIRECTION('',(1.00692311705536E-15,-0.99144486137381,0.130526192220052));
#6568=DIRECTION('center_axis',(0.,0.130526192220053,0.99144486137381));
#6569=DIRECTION('ref_axis',(-1.,-5.38331045618941E-14,7.08726266845686E-15));
#6570=DIRECTION('center_axis',(-1.32563943238825E-16,0.130526192220052,
0.99144486137381));
#6571=DIRECTION('ref_axis',(-1.,-5.38331045618941E-14,7.08726266845686E-15));
#6572=DIRECTION('',(0.,0.130526192220053,0.99144486137381));
#6573=DIRECTION('center_axis',(2.01302651985614E-15,0.130526192220052,0.99144486137381));
#6574=DIRECTION('ref_axis',(-1.,-5.35703518754193E-14,9.08306746737736E-15));
#6575=DIRECTION('center_axis',(-1.00692311705537E-15,0.99144486137381,-0.130526192220053));
#6576=DIRECTION('ref_axis',(-1.,-7.3555606372822E-16,2.12723463924828E-15));
#6577=DIRECTION('',(-1.,-1.01561181693968E-15,4.68386162474976E-31));
#6578=DIRECTION('',(0.,0.130526192220053,0.99144486137381));
#6579=DIRECTION('',(-1.,-7.3555606372822E-16,2.12723463924828E-15));
#6580=DIRECTION('center_axis',(-1.,-9.9830875020304E-16,1.31429840327583E-16));
#6581=DIRECTION('ref_axis',(1.00692311705536E-15,-0.99144486137381,0.130526192220053));
#6582=DIRECTION('',(1.00692311705536E-15,-0.99144486137381,0.130526192220052));
#6583=DIRECTION('',(1.00692311705536E-15,-0.99144486137381,0.130526192220053));
#6584=DIRECTION('center_axis',(1.3256394323883E-16,-0.130526192220052,-0.99144486137381));
#6585=DIRECTION('ref_axis',(1.,1.01561181693968E-15,5.8658406811504E-30));
#6586=DIRECTION('center_axis',(-1.,-9.9830875020304E-16,1.31429840327583E-16));
#6587=DIRECTION('ref_axis',(1.00692311705536E-15,-0.99144486137381,0.130526192220052));
#6588=DIRECTION('',(1.00692311705536E-15,-0.99144486137381,0.130526192220052));
#6589=DIRECTION('',(0.,0.130526192220053,0.99144486137381));
#6590=DIRECTION('',(1.00692311705536E-15,-0.99144486137381,0.130526192220052));
#6591=DIRECTION('',(0.,0.130526192220053,0.99144486137381));
#6592=DIRECTION('center_axis',(0.,0.130526192220053,0.99144486137381));
#6593=DIRECTION('ref_axis',(-1.,-9.9830875020304E-16,1.31429840327583E-16));
#6594=DIRECTION('center_axis',(-1.32563943238825E-16,0.130526192220052,
0.99144486137381));
#6595=DIRECTION('ref_axis',(-1.,-9.9830875020304E-16,1.31429840327583E-16));
#6596=DIRECTION('',(0.,0.130526192220053,0.99144486137381));
#6597=DIRECTION('center_axis',(-1.32563943238824E-16,0.130526192220052,
0.99144486137381));
#6598=DIRECTION('ref_axis',(-1.,-1.01561181693968E-15,4.83801711349569E-31));
#6599=DIRECTION('center_axis',(0.,0.130526192220053,0.99144486137381));
#6600=DIRECTION('ref_axis',(-0.752566557025568,0.652882496286135,-0.0859536112671642));
#6601=DIRECTION('center_axis',(-1.32563943238825E-16,0.130526192220052,
0.99144486137381));
#6602=DIRECTION('ref_axis',(-0.752566557025568,0.652882496286135,-0.0859536112671642));
#6603=DIRECTION('',(0.,0.130526192220053,0.99144486137381));
#6604=DIRECTION('center_axis',(5.97487900799358E-16,0.130526192220052,0.99144486137381));
#6605=DIRECTION('ref_axis',(-0.752566557025568,0.652882496286135,-0.0859536112671629));
#6606=DIRECTION('center_axis',(1.,9.9830875020304E-16,-1.31429840327583E-16));
#6607=DIRECTION('ref_axis',(-1.00692311705536E-15,0.99144486137381,-0.130526192220053));
#6608=DIRECTION('',(-1.00692311705536E-15,0.99144486137381,-0.130526192220052));
#6609=DIRECTION('',(0.,0.130526192220053,0.99144486137381));
#6610=DIRECTION('',(-1.00692311705536E-15,0.99144486137381,-0.130526192220053));
#6611=DIRECTION('center_axis',(0.,0.130526192220053,0.99144486137381));
#6612=DIRECTION('ref_axis',(1.,7.14447031657911E-14,-9.40587361116662E-15));
#6613=DIRECTION('center_axis',(-1.32563943238825E-16,0.130526192220052,
0.99144486137381));
#6614=DIRECTION('ref_axis',(1.,7.14447031657911E-14,-9.40587361116662E-15));
#6615=DIRECTION('',(0.,0.130526192220053,0.99144486137381));
#6616=DIRECTION('center_axis',(-1.32563943238841E-16,0.130526192220053,
0.99144486137381));
#6617=DIRECTION('ref_axis',(1.,7.14620062325277E-14,-9.27444377083901E-15));
#6618=DIRECTION('center_axis',(1.00692311705536E-15,-0.99144486137381,0.130526192220053));
#6619=DIRECTION('ref_axis',(1.,1.01561181693968E-15,0.));
#6620=DIRECTION('',(1.,1.01561181693968E-15,-9.86076131526265E-32));
#6621=DIRECTION('',(0.,0.130526192220053,0.99144486137381));
#6622=DIRECTION('',(1.,1.01561181693968E-15,0.));
#6623=DIRECTION('center_axis',(0.,0.130526192220053,0.99144486137381));
#6624=DIRECTION('ref_axis',(7.20611966930694E-14,-0.99144486137381,0.130526192220053));
#6625=DIRECTION('center_axis',(-1.32563943238825E-16,0.130526192220052,
0.99144486137381));
#6626=DIRECTION('ref_axis',(7.20611966930694E-14,-0.99144486137381,0.130526192220053));
#6627=DIRECTION('',(0.,0.130526192220053,0.99144486137381));
#6628=DIRECTION('center_axis',(-1.32563943238795E-16,0.130526192220052,
0.99144486137381));
#6629=DIRECTION('ref_axis',(7.20611966930694E-14,-0.99144486137381,0.130526192220052));
#6630=DIRECTION('center_axis',(-1.,-9.9830875020304E-16,1.31429840327583E-16));
#6631=DIRECTION('ref_axis',(1.00692311705536E-15,-0.99144486137381,0.130526192220052));
#6632=DIRECTION('',(1.00692311705536E-15,-0.99144486137381,0.130526192220052));
#6633=DIRECTION('',(0.,0.130526192220053,0.99144486137381));
#6634=DIRECTION('',(1.00692311705536E-15,-0.99144486137381,0.130526192220052));
#6635=DIRECTION('center_axis',(0.,0.130526192220053,0.99144486137381));
#6636=DIRECTION('ref_axis',(-1.,-9.98308750203041E-16,1.31429840327583E-16));
#6637=DIRECTION('center_axis',(1.32563943238825E-16,-0.130526192220052,
-0.99144486137381));
#6638=DIRECTION('ref_axis',(-1.,-9.98308750203041E-16,1.31429840327583E-16));
#6639=DIRECTION('',(0.,0.130526192220053,0.99144486137381));
#6640=DIRECTION('center_axis',(-9.55095098357999E-16,-0.130526192220052,
-0.99144486137381));
#6641=DIRECTION('ref_axis',(-1.,-8.73643823806335E-16,1.07835396771793E-15));
#6642=DIRECTION('center_axis',(1.,9.9830875020304E-16,-1.31429840327583E-16));
#6643=DIRECTION('ref_axis',(-1.00692311705536E-15,0.99144486137381,-0.130526192220052));
#6644=DIRECTION('',(-1.00692311705536E-15,0.99144486137381,-0.130526192220052));
#6645=DIRECTION('',(0.,0.130526192220053,0.99144486137381));
#6646=DIRECTION('',(-1.00692311705536E-15,0.99144486137381,-0.130526192220052));
#6647=DIRECTION('center_axis',(0.,0.130526192220053,0.99144486137381));
#6648=DIRECTION('ref_axis',(1.,9.9830875020304E-16,-1.31429840327583E-16));
#6649=DIRECTION('center_axis',(-1.32563943238825E-16,0.130526192220052,
0.99144486137381));
#6650=DIRECTION('ref_axis',(1.,9.9830875020304E-16,-1.31429840327583E-16));
#6651=DIRECTION('',(0.,0.130526192220053,0.99144486137381));
#6652=DIRECTION('center_axis',(-1.32563943238824E-16,0.130526192220052,
0.99144486137381));
#6653=DIRECTION('ref_axis',(1.,1.01561181693968E-15,0.));
#6654=DIRECTION('center_axis',(1.00692311705536E-15,-0.99144486137381,0.130526192220053));
#6655=DIRECTION('ref_axis',(1.,1.01561181693968E-15,0.));
#6656=DIRECTION('',(1.,1.01561181693968E-15,-9.86076131526265E-32));
#6657=DIRECTION('',(0.,0.130526192220053,0.99144486137381));
#6658=DIRECTION('',(1.,1.01561181693968E-15,0.));
#6659=DIRECTION('center_axis',(0.,0.130526192220053,0.99144486137381));
#6660=DIRECTION('ref_axis',(3.65340599050624E-14,-0.99144486137381,0.130526192220053));
#6661=DIRECTION('center_axis',(-1.32563943238825E-16,0.130526192220052,
0.99144486137381));
#6662=DIRECTION('ref_axis',(3.65340599050624E-14,-0.99144486137381,0.130526192220053));
#6663=DIRECTION('',(0.,0.130526192220053,0.99144486137381));
#6664=DIRECTION('center_axis',(-1.32563943238824E-16,0.130526192220052,
0.99144486137381));
#6665=DIRECTION('ref_axis',(3.65340599050624E-14,-0.99144486137381,0.130526192220052));
#6666=DIRECTION('center_axis',(-1.,-5.11124898943446E-15,6.72908695250107E-16));
#6667=DIRECTION('ref_axis',(5.15535375547964E-15,-0.99144486137381,0.130526192220052));
#6668=DIRECTION('',(5.15535375547964E-15,-0.99144486137381,0.130526192220052));
#6669=DIRECTION('',(0.,0.130526192220053,0.99144486137381));
#6670=DIRECTION('',(5.15535375547964E-15,-0.99144486137381,0.130526192220052));
#6671=DIRECTION('center_axis',(0.,0.130526192220053,0.99144486137381));
#6672=DIRECTION('ref_axis',(-1.,-9.9830875020304E-16,1.31429840327583E-16));
#6673=DIRECTION('center_axis',(1.32563943238825E-16,-0.130526192220052,
-0.99144486137381));
#6674=DIRECTION('ref_axis',(-1.,-9.9830875020304E-16,1.31429840327583E-16));
#6675=DIRECTION('',(0.,0.130526192220053,0.99144486137381));
#6676=DIRECTION('center_axis',(1.32563943238823E-16,-0.130526192220052,
-0.99144486137381));
#6677=DIRECTION('ref_axis',(-1.,-1.01561181693968E-15,9.57770729915994E-31));
#6678=DIRECTION('center_axis',(1.,9.9830875020304E-16,-1.31429840327583E-16));
#6679=DIRECTION('ref_axis',(-1.00692311705536E-15,0.99144486137381,-0.130526192220052));
#6680=DIRECTION('',(-1.00692311705536E-15,0.99144486137381,-0.130526192220052));
#6681=DIRECTION('',(0.,0.130526192220053,0.99144486137381));
#6682=DIRECTION('',(-1.00692311705536E-15,0.99144486137381,-0.130526192220052));
#6683=DIRECTION('center_axis',(0.,0.130526192220053,0.99144486137381));
#6684=DIRECTION('ref_axis',(1.,9.9830875020304E-16,-1.31429840327583E-16));
#6685=DIRECTION('center_axis',(-1.32563943238825E-16,0.130526192220052,
0.99144486137381));
#6686=DIRECTION('ref_axis',(1.,9.9830875020304E-16,-1.31429840327583E-16));
#6687=DIRECTION('',(0.,0.130526192220053,0.99144486137381));
#6688=DIRECTION('center_axis',(-1.32563943238827E-16,0.130526192220052,
0.99144486137381));
#6689=DIRECTION('ref_axis',(1.,1.01561181693968E-15,1.95528022705013E-30));
#6690=DIRECTION('center_axis',(1.00692311705536E-15,-0.99144486137381,0.130526192220053));
#6691=DIRECTION('ref_axis',(1.,1.01561181693968E-15,0.));
#6692=DIRECTION('',(1.,1.01561181693968E-15,-9.86076131526265E-32));
#6693=DIRECTION('',(0.,0.130526192220053,0.99144486137381));
#6694=DIRECTION('',(1.,1.01561181693968E-15,0.));
#6695=DIRECTION('center_axis',(0.,0.130526192220053,0.99144486137381));
#6696=DIRECTION('ref_axis',(1.00692311705536E-15,-0.99144486137381,0.130526192220053));
#6697=DIRECTION('center_axis',(-1.32563943238825E-16,0.130526192220052,
0.99144486137381));
#6698=DIRECTION('ref_axis',(1.00692311705536E-15,-0.99144486137381,0.130526192220053));
#6699=DIRECTION('center_axis',(-1.32563943238823E-16,0.130526192220052,
0.99144486137381));
#6700=DIRECTION('ref_axis',(1.00692311705536E-15,-0.99144486137381,0.130526192220052));
#6701=DIRECTION('center_axis',(1.32563943238823E-16,-0.130526192220052,
-0.99144486137381));
#6702=DIRECTION('ref_axis',(1.,1.01561181693968E-15,-9.77640113525081E-31));
#6703=DIRECTION('center_axis',(-1.87704912463604E-14,0.99144486137381,-0.130526192220053));
#6704=DIRECTION('ref_axis',(-1.,-1.86272101584027E-14,2.31861090815965E-15));
#6705=DIRECTION('',(-1.,-1.86272101584027E-14,2.31861090815966E-15));
#6706=DIRECTION('',(0.,0.130526192220053,0.99144486137381));
#6707=DIRECTION('',(-1.,-1.86272101584027E-14,2.31861090815965E-15));
#6708=DIRECTION('',(0.,0.130526192220053,0.99144486137381));
#6709=DIRECTION('center_axis',(0.,0.130526192220053,0.99144486137381));
#6710=DIRECTION('ref_axis',(3.45202136709479E-14,0.99144486137381,-0.130526192220053));
#6711=DIRECTION('center_axis',(-1.32563943238825E-16,0.130526192220052,
0.99144486137381));
#6712=DIRECTION('ref_axis',(3.45202136709479E-14,0.99144486137381,-0.130526192220053));
#6713=DIRECTION('',(0.,0.130526192220053,0.99144486137381));
#6714=DIRECTION('center_axis',(-1.32563943238821E-16,0.130526192220052,
0.99144486137381));
#6715=DIRECTION('ref_axis',(3.45202136709479E-14,0.99144486137381,-0.130526192220052));
#6716=DIRECTION('center_axis',(1.,9.9830875020304E-16,-1.31429840327583E-16));
#6717=DIRECTION('ref_axis',(-1.00692311705536E-15,0.99144486137381,-0.130526192220052));
#6718=DIRECTION('',(-1.00692311705536E-15,0.99144486137381,-0.130526192220052));
#6719=DIRECTION('',(0.,0.130526192220053,0.99144486137381));
#6720=DIRECTION('',(-1.00692311705536E-15,0.99144486137381,-0.130526192220052));
#6721=DIRECTION('center_axis',(0.,0.130526192220053,0.99144486137381));
#6722=DIRECTION('ref_axis',(1.,9.9830875020304E-16,-1.31429840327583E-16));
#6723=DIRECTION('center_axis',(-1.32563943238825E-16,0.130526192220052,
0.99144486137381));
#6724=DIRECTION('ref_axis',(1.,9.9830875020304E-16,-1.31429840327583E-16));
#6725=DIRECTION('',(0.,0.130526192220053,0.99144486137381));
#6726=DIRECTION('center_axis',(2.06039186233916E-16,0.130526192220052,0.99144486137381));
#6727=DIRECTION('ref_axis',(1.,9.71415239775809E-16,-3.35706332760839E-16));
#6728=DIRECTION('center_axis',(-1.,-9.9830875020304E-16,1.31429840327583E-16));
#6729=DIRECTION('ref_axis',(1.00692311705536E-15,-0.99144486137381,0.130526192220052));
#6730=DIRECTION('',(1.00692311705536E-15,-0.99144486137381,0.130526192220052));
#6731=DIRECTION('',(0.,0.130526192220053,0.99144486137381));
#6732=DIRECTION('',(1.00692311705536E-15,-0.99144486137381,0.130526192220052));
#6733=DIRECTION('center_axis',(0.,0.130526192220053,0.99144486137381));
#6734=DIRECTION('ref_axis',(-1.,-9.9830875020304E-16,1.31429840327583E-16));
#6735=DIRECTION('center_axis',(-1.32563943238825E-16,0.130526192220052,
0.99144486137381));
#6736=DIRECTION('ref_axis',(-1.,-9.9830875020304E-16,1.31429840327583E-16));
#6737=DIRECTION('',(0.,0.130526192220053,0.99144486137381));
#6738=DIRECTION('center_axis',(-1.32563943238819E-16,0.130526192220052,
0.99144486137381));
#6739=DIRECTION('ref_axis',(-1.,-1.01561181693968E-15,5.86584068115061E-30));
#6740=DIRECTION('center_axis',(-1.87704912463604E-14,0.99144486137381,-0.130526192220053));
#6741=DIRECTION('ref_axis',(-1.,-1.86272101584027E-14,2.31861090815966E-15));
#6742=DIRECTION('',(-1.,-1.86272101584027E-14,2.31861090815966E-15));
#6743=DIRECTION('',(0.,0.130526192220053,0.99144486137381));
#6744=DIRECTION('',(-1.,-1.86272101584027E-14,2.31861090815966E-15));
#6745=DIRECTION('center_axis',(0.,0.130526192220053,0.99144486137381));
#6746=DIRECTION('ref_axis',(3.45202136709479E-14,0.99144486137381,-0.130526192220053));
#6747=DIRECTION('center_axis',(-1.32563943238825E-16,0.130526192220052,
0.99144486137381));
#6748=DIRECTION('ref_axis',(3.45202136709479E-14,0.99144486137381,-0.130526192220053));
#6749=DIRECTION('',(0.,0.130526192220053,0.99144486137381));
#6750=DIRECTION('center_axis',(-1.32563943238831E-16,0.130526192220052,
0.99144486137381));
#6751=DIRECTION('ref_axis',(3.45202136709479E-14,0.99144486137381,-0.130526192220052));
#6752=DIRECTION('center_axis',(1.,9.9830875020304E-16,-1.31429840327583E-16));
#6753=DIRECTION('ref_axis',(-1.00692311705536E-15,0.99144486137381,-0.130526192220052));
#6754=DIRECTION('',(-1.00692311705536E-15,0.99144486137381,-0.130526192220052));
#6755=DIRECTION('',(0.,0.130526192220053,0.99144486137381));
#6756=DIRECTION('',(-1.00692311705536E-15,0.99144486137381,-0.130526192220052));
#6757=DIRECTION('center_axis',(0.,0.130526192220053,0.99144486137381));
#6758=DIRECTION('ref_axis',(1.,9.9830875020304E-16,-1.31429840327583E-16));
#6759=DIRECTION('center_axis',(1.32563943238825E-16,-0.130526192220052,
-0.99144486137381));
#6760=DIRECTION('ref_axis',(1.,9.9830875020304E-16,-1.31429840327583E-16));
#6761=DIRECTION('',(0.,0.130526192220053,0.99144486137381));
#6762=DIRECTION('center_axis',(-2.06039186233915E-16,-0.130526192220052,
-0.99144486137381));
#6763=DIRECTION('ref_axis',(1.,9.71415239775809E-16,-3.35706332760839E-16));
#6764=DIRECTION('center_axis',(-1.,-9.9830875020304E-16,1.31429840327583E-16));
#6765=DIRECTION('ref_axis',(1.00692311705536E-15,-0.99144486137381,0.130526192220052));
#6766=DIRECTION('',(1.00692311705536E-15,-0.99144486137381,0.130526192220052));
#6767=DIRECTION('',(0.,0.130526192220053,0.99144486137381));
#6768=DIRECTION('',(1.00692311705536E-15,-0.99144486137381,0.130526192220052));
#6769=DIRECTION('center_axis',(0.,0.130526192220053,0.99144486137381));
#6770=DIRECTION('ref_axis',(-1.,-9.9830875020304E-16,1.31429840327583E-16));
#6771=DIRECTION('center_axis',(-1.32563943238825E-16,0.130526192220052,
0.99144486137381));
#6772=DIRECTION('ref_axis',(-1.,-9.9830875020304E-16,1.31429840327583E-16));
#6773=DIRECTION('center_axis',(-1.32563943238824E-16,0.130526192220052,
0.99144486137381));
#6774=DIRECTION('ref_axis',(-1.,-1.01561181693968E-15,0.));
#6775=DIRECTION('center_axis',(-2.06039186233915E-16,-0.130526192220052,
-0.99144486137381));
#6776=DIRECTION('ref_axis',(1.,9.71415239775809E-16,-3.35706332760839E-16));
#6777=DIRECTION('center_axis',(0.,0.130526192220053,0.99144486137381));
#6778=DIRECTION('ref_axis',(1.,9.9830875020304E-16,-1.31429840327583E-16));
#6779=DIRECTION('center_axis',(-1.32563943238825E-16,0.130526192220052,
0.99144486137381));
#6780=DIRECTION('ref_axis',(1.,9.9830875020304E-16,-1.31429840327583E-16));
#6781=DIRECTION('',(0.,0.130526192220053,0.99144486137381));
#6782=DIRECTION('center_axis',(-1.32563943238824E-16,0.130526192220052,
0.99144486137381));
#6783=DIRECTION('ref_axis',(1.,1.01561181693968E-15,0.));
#6784=DIRECTION('center_axis',(1.32563943238824E-16,-0.130526192220052,
-0.99144486137381));
#6785=DIRECTION('ref_axis',(1.,1.01561181693968E-15,0.));
#6786=DIRECTION('center_axis',(-1.,-9.9830875020304E-16,1.31429840327583E-16));
#6787=DIRECTION('ref_axis',(1.00692311705536E-15,-0.99144486137381,0.130526192220053));
#6788=DIRECTION('',(1.00692311705536E-15,-0.99144486137381,0.130526192220052));
#6789=DIRECTION('',(0.,0.130526192220053,0.99144486137381));
#6790=DIRECTION('',(1.00692311705536E-15,-0.99144486137381,0.130526192220053));
#6791=DIRECTION('',(0.,0.130526192220053,0.99144486137381));
#6792=DIRECTION('center_axis',(0.,0.130526192220053,0.99144486137381));
#6793=DIRECTION('ref_axis',(-1.,-5.38331045618941E-14,7.08726266845686E-15));
#6794=DIRECTION('center_axis',(-1.32563943238825E-16,0.130526192220052,
0.99144486137381));
#6795=DIRECTION('ref_axis',(-1.,-5.38331045618941E-14,7.08726266845686E-15));
#6796=DIRECTION('',(0.,0.130526192220053,0.99144486137381));
#6797=DIRECTION('center_axis',(-1.32563943238825E-16,0.130526192220053,
0.99144486137381));
#6798=DIRECTION('ref_axis',(-1.,-5.38504076286307E-14,6.95583282812926E-15));
#6799=DIRECTION('center_axis',(-1.00692311705536E-15,0.99144486137381,-0.130526192220053));
#6800=DIRECTION('ref_axis',(-1.,-1.01561181693968E-15,3.91056045410027E-30));
#6801=DIRECTION('',(-1.,-1.01561181693968E-15,9.86076131526265E-32));
#6802=DIRECTION('',(0.,0.130526192220053,0.99144486137381));
#6803=DIRECTION('',(-1.,-1.01561181693968E-15,3.91056045410027E-30));
#6804=DIRECTION('center_axis',(0.,0.130526192220053,0.99144486137381));
#6805=DIRECTION('ref_axis',(-7.20611966930694E-14,0.99144486137381,-0.130526192220053));
#6806=DIRECTION('center_axis',(-1.32563943238825E-16,0.130526192220052,
0.99144486137381));
#6807=DIRECTION('ref_axis',(-7.20611966930694E-14,0.99144486137381,-0.130526192220053));
#6808=DIRECTION('',(0.,0.130526192220053,0.99144486137381));
#6809=DIRECTION('center_axis',(-1.32563943238838E-16,0.130526192220053,
0.99144486137381));
#6810=DIRECTION('ref_axis',(-7.20611966930694E-14,0.99144486137381,-0.130526192220053));
#6811=DIRECTION('center_axis',(1.,9.9830875020304E-16,-1.31429840327583E-16));
#6812=DIRECTION('ref_axis',(-1.00692311705536E-15,0.99144486137381,-0.130526192220053));
#6813=DIRECTION('',(-1.00692311705536E-15,0.99144486137381,-0.130526192220052));
#6814=DIRECTION('',(0.,0.130526192220053,0.99144486137381));
#6815=DIRECTION('',(-1.00692311705536E-15,0.99144486137381,-0.130526192220053));
#6816=DIRECTION('center_axis',(0.,0.130526192220053,0.99144486137381));
#6817=DIRECTION('ref_axis',(1.,7.14447031657911E-14,-9.40587361116662E-15));
#6818=DIRECTION('center_axis',(-1.32563943238825E-16,0.130526192220052,
0.99144486137381));
#6819=DIRECTION('ref_axis',(1.,7.14447031657911E-14,-9.40587361116662E-15));
#6820=DIRECTION('',(0.,0.130526192220053,0.99144486137381));
#6821=DIRECTION('center_axis',(-1.32563943238839E-16,0.130526192220053,
0.99144486137381));
#6822=DIRECTION('ref_axis',(1.,7.14620062325278E-14,-9.274443770839E-15));
#6823=DIRECTION('center_axis',(1.00692311705536E-15,-0.99144486137381,0.130526192220053));
#6824=DIRECTION('ref_axis',(1.,1.01561181693968E-15,0.));
#6825=DIRECTION('',(1.,1.01561181693968E-15,-9.86076131526265E-32));
#6826=DIRECTION('',(0.,0.130526192220053,0.99144486137381));
#6827=DIRECTION('',(1.,1.01561181693968E-15,0.));
#6828=DIRECTION('center_axis',(0.,0.130526192220053,0.99144486137381));
#6829=DIRECTION('ref_axis',(7.20611966930694E-14,-0.99144486137381,0.130526192220053));
#6830=DIRECTION('center_axis',(-1.32563943238825E-16,0.130526192220052,
0.99144486137381));
#6831=DIRECTION('ref_axis',(7.20611966930694E-14,-0.99144486137381,0.130526192220053));
#6832=DIRECTION('center_axis',(-1.32563943238812E-16,0.130526192220053,
0.99144486137381));
#6833=DIRECTION('ref_axis',(7.20611966930694E-14,-0.99144486137381,0.130526192220053));
#6834=DIRECTION('center_axis',(1.32563943238825E-16,-0.130526192220053,
-0.99144486137381));
#6835=DIRECTION('ref_axis',(1.,1.01561181693968E-15,0.));
#6836=DIRECTION('',(0.,0.130526192220053,0.99144486137381));
#6837=DIRECTION('',(0.,0.130526192220053,0.99144486137381));
#6838=DIRECTION('center_axis',(0.,0.130526192220053,0.99144486137381));
#6839=DIRECTION('ref_axis',(0.611008177970689,0.784851828156355,-0.103327703412819));
#6840=DIRECTION('center_axis',(-1.32563943238825E-16,0.130526192220052,
0.99144486137381));
#6841=DIRECTION('ref_axis',(0.611008177970689,0.784851828156355,-0.103327703412819));
#6842=DIRECTION('',(0.,0.130526192220053,0.99144486137381));
#6843=DIRECTION('center_axis',(-1.8678271800484E-17,0.130526192220053,0.99144486137381));
#6844=DIRECTION('ref_axis',(0.611008177970689,0.784851828156355,-0.103327703412819));
#6845=DIRECTION('center_axis',(0.724999540989397,-0.682857002709066,0.0898998299016926));
#6846=DIRECTION('ref_axis',(0.688749348867324,0.718797069412309,-0.0946314294466299));
#6847=DIRECTION('',(0.688749348867324,0.718797069412309,-0.0946314294466314));
#6848=DIRECTION('',(0.,0.130526192220053,0.99144486137381));
#6849=DIRECTION('',(0.688749348867324,0.718797069412309,-0.0946314294466299));
#6850=DIRECTION('center_axis',(0.,0.130526192220053,0.99144486137381));
#6851=DIRECTION('ref_axis',(0.72499954098942,-0.682857002709043,0.0898998299016895));
#6852=DIRECTION('center_axis',(-1.32563943238825E-16,0.130526192220052,
0.99144486137381));
#6853=DIRECTION('ref_axis',(0.72499954098942,-0.682857002709043,0.0898998299016895));
#6854=DIRECTION('',(0.,0.130526192220053,0.99144486137381));
#6855=DIRECTION('center_axis',(4.52172418361161E-17,0.130526192220054,0.99144486137381));
#6856=DIRECTION('ref_axis',(0.72499954098942,-0.682857002709042,0.0898998299016901));
#6857=DIRECTION('',(0.,0.130526192220053,0.99144486137381));
#6858=DIRECTION('center_axis',(0.,0.130526192220053,0.99144486137381));
#6859=DIRECTION('ref_axis',(-0.500000000000039,-0.858616436401238,0.113038998321814));
#6860=DIRECTION('center_axis',(1.32563943238825E-16,-0.130526192220052,
-0.99144486137381));
#6861=DIRECTION('ref_axis',(-0.500000000000039,-0.858616436401238,0.113038998321814));
#6862=DIRECTION('',(0.,0.130526192220053,0.99144486137381));
#6863=DIRECTION('center_axis',(1.32563943238824E-16,-0.130526192220052,
-0.99144486137381));
#6864=DIRECTION('ref_axis',(-0.500000000000039,-0.858616436401239,0.113038998321812));
#6865=DIRECTION('',(0.,0.130526192220053,0.99144486137381));
#6866=DIRECTION('center_axis',(0.,0.130526192220053,0.99144486137381));
#6867=DIRECTION('ref_axis',(0.5,0.858616436401261,-0.113038998321816));
#6868=DIRECTION('center_axis',(-1.32563943238825E-16,0.130526192220052,
0.99144486137381));
#6869=DIRECTION('ref_axis',(0.5,0.858616436401261,-0.113038998321816));
#6870=DIRECTION('',(0.,0.130526192220053,0.99144486137381));
#6871=DIRECTION('center_axis',(-1.32563943238824E-16,0.130526192220052,
0.99144486137381));
#6872=DIRECTION('ref_axis',(0.5,0.858616436401261,-0.113038998321815));
#6873=DIRECTION('',(0.,0.130526192220053,0.99144486137381));
#6874=DIRECTION('center_axis',(0.,0.130526192220053,0.99144486137381));
#6875=DIRECTION('ref_axis',(-0.564114279732238,-0.818632773689468,0.107775049263117));
#6876=DIRECTION('center_axis',(-1.32563943238825E-16,0.130526192220052,
0.99144486137381));
#6877=DIRECTION('ref_axis',(-0.564114279732238,-0.818632773689468,0.107775049263117));
#6878=DIRECTION('',(0.,0.130526192220053,0.99144486137381));
#6879=DIRECTION('center_axis',(-2.7230238317169E-16,0.130526192220049,0.991444861373811));
#6880=DIRECTION('ref_axis',(-0.564114279732238,-0.818632773689468,0.107775049263114));
#6881=DIRECTION('center_axis',(-0.776393395620255,0.624856733840764,-0.08226394964444));
#6882=DIRECTION('ref_axis',(-0.630248597965319,-0.769751242492265,0.101339673595111));
#6883=DIRECTION('',(-0.630248597965319,-0.769751242492266,0.101339673595108));
#6884=DIRECTION('',(0.,0.130526192220053,0.99144486137381));
#6885=DIRECTION('',(-0.630248597965319,-0.769751242492265,0.101339673595111));
#6886=DIRECTION('center_axis',(0.,0.130526192220053,0.99144486137381));
#6887=DIRECTION('ref_axis',(-0.776393395620261,0.624856733840757,-0.0822639496444391));
#6888=DIRECTION('center_axis',(-1.32563943238825E-16,0.130526192220052,
0.99144486137381));
#6889=DIRECTION('ref_axis',(-0.776393395620261,0.624856733840757,-0.0822639496444391));
#6890=DIRECTION('',(0.,0.130526192220053,0.99144486137381));
#6891=DIRECTION('center_axis',(-7.69443389667531E-16,0.130526192220046,
0.991444861373811));
#6892=DIRECTION('ref_axis',(-0.776393395620261,0.624856733840757,-0.0822639496444352));
#6893=DIRECTION('',(0.,0.130526192220053,0.99144486137381));
#6894=DIRECTION('center_axis',(0.,0.130526192220053,0.99144486137381));
#6895=DIRECTION('ref_axis',(1.,9.9830875020304E-16,-1.31429840327583E-16));
#6896=DIRECTION('center_axis',(1.32563943238825E-16,-0.130526192220052,
-0.99144486137381));
#6897=DIRECTION('ref_axis',(1.,9.9830875020304E-16,-1.31429840327583E-16));
#6898=DIRECTION('',(0.,0.130526192220053,0.99144486137381));
#6899=DIRECTION('center_axis',(1.32563943238824E-16,-0.130526192220052,
-0.99144486137381));
#6900=DIRECTION('ref_axis',(1.,1.01561181693968E-15,0.));
#6901=DIRECTION('',(0.,0.130526192220053,0.99144486137381));
#6902=DIRECTION('center_axis',(0.,0.130526192220053,0.99144486137381));
#6903=DIRECTION('ref_axis',(-0.500000000000007,-0.858616436401257,0.113038998321816));
#6904=DIRECTION('center_axis',(-1.32563943238825E-16,0.130526192220052,
0.99144486137381));
#6905=DIRECTION('ref_axis',(-0.500000000000007,-0.858616436401257,0.113038998321816));
#6906=DIRECTION('center_axis',(-1.32563943238824E-16,0.130526192220052,
0.99144486137381));
#6907=DIRECTION('ref_axis',(-0.500000000000007,-0.858616436401257,0.113038998321815));
#6908=DIRECTION('center_axis',(7.86980768376313E-17,-0.130526192220053,
-0.99144486137381));
#6909=DIRECTION('ref_axis',(1.,1.0085809105077E-15,-5.34050364469125E-17));
#6910=DIRECTION('center_axis',(0.,0.,-1.));
#6911=DIRECTION('ref_axis',(0.632455532033692,-0.77459666924147,0.));
#6912=DIRECTION('center_axis',(0.,0.,1.));
#6913=DIRECTION('ref_axis',(0.632455532033692,-0.77459666924147,0.));
#6914=DIRECTION('',(0.,0.,1.));
#6915=DIRECTION('center_axis',(0.,0.,1.));
#6916=DIRECTION('ref_axis',(0.632455532033692,-0.77459666924147,0.));
#6917=DIRECTION('',(0.,0.,-1.));
#6918=DIRECTION('center_axis',(0.,0.,1.));
#6919=DIRECTION('ref_axis',(1.,0.,0.));
#6920=DIRECTION('center_axis',(0.,0.,-1.));
#6921=DIRECTION('ref_axis',(1.,0.,0.));
#6922=DIRECTION('center_axis',(0.,0.,1.));
#6923=DIRECTION('ref_axis',(-0.632455532033692,-0.77459666924147,0.));
#6924=DIRECTION('',(-1.,0.,0.));
#6925=DIRECTION('center_axis',(0.,0.,1.));
#6926=DIRECTION('ref_axis',(0.707106781186548,-0.707106781186548,0.));
#6927=DIRECTION('',(0.,-1.,0.));
#6928=DIRECTION('center_axis',(0.,0.,-1.));
#6929=DIRECTION('ref_axis',(-0.707106781186554,0.707106781186541,0.));
#6930=DIRECTION('',(-1.,0.,0.));
#6931=DIRECTION('center_axis',(0.,0.,1.));
#6932=DIRECTION('ref_axis',(0.707106781186554,-0.707106781186541,0.));
#6933=DIRECTION('',(0.,-1.,0.));
#6934=DIRECTION('center_axis',(0.,0.,1.));
#6935=DIRECTION('ref_axis',(0.707106781186553,0.707106781186543,0.));
#6936=DIRECTION('',(1.,0.,0.));
#6937=DIRECTION('center_axis',(0.,0.,1.));
#6938=DIRECTION('ref_axis',(-0.632455532033683,0.774596669241478,0.));
#6939=DIRECTION('center_axis',(0.,0.,-1.));
#6940=DIRECTION('ref_axis',(-1.,0.,0.));
#6941=DIRECTION('center_axis',(0.,0.,1.));
#6942=DIRECTION('ref_axis',(0.632455532033683,0.774596669241478,0.));
#6943=DIRECTION('',(1.,0.,0.));
#6944=DIRECTION('center_axis',(0.,0.,1.));
#6945=DIRECTION('ref_axis',(-0.632455532033677,0.774596669241482,0.));
#6946=DIRECTION('center_axis',(0.,0.,-1.));
#6947=DIRECTION('ref_axis',(-1.,0.,0.));
#6948=DIRECTION('center_axis',(0.,0.,1.));
#6949=DIRECTION('ref_axis',(0.632455532033677,0.774596669241483,0.));
#6950=DIRECTION('',(1.,0.,0.));
#6951=DIRECTION('center_axis',(0.,0.,1.));
#6952=DIRECTION('ref_axis',(-0.707106781186547,0.707106781186548,0.));
#6953=DIRECTION('',(-1.52799477158579E-17,1.,0.));
#6954=DIRECTION('center_axis',(0.,0.,1.));
#6955=DIRECTION('ref_axis',(-0.707106781186548,-0.707106781186547,0.));
#6956=DIRECTION('',(-1.,0.,0.));
#6957=DIRECTION('center_axis',(0.,0.,-1.));
#6958=DIRECTION('ref_axis',(0.707106781186548,0.707106781186548,0.));
#6959=DIRECTION('',(0.,1.,0.));
#6960=DIRECTION('center_axis',(0.,0.,1.));
#6961=DIRECTION('ref_axis',(-0.707106781186541,-0.707106781186554,0.));
#6962=DIRECTION('',(-1.,0.,0.));
#6963=DIRECTION('center_axis',(0.,0.,1.));
#6964=DIRECTION('ref_axis',(0.632455532033685,-0.774596669241476,0.));
#6965=DIRECTION('center_axis',(0.,0.,-1.));
#6966=DIRECTION('ref_axis',(1.,0.,0.));
#6967=DIRECTION('center_axis',(0.,0.,1.));
#6968=DIRECTION('ref_axis',(-0.632455532033685,-0.774596669241476,0.));
#6969=DIRECTION('',(-1.,0.,0.));
#6970=DIRECTION('center_axis',(0.,0.,1.));
#6971=DIRECTION('ref_axis',(0.707077457569019,0.70713610358808,0.));
#6972=DIRECTION('center_axis',(0.,0.,-1.));
#6973=DIRECTION('ref_axis',(-0.775312057175466,-0.631578351432621,0.));
#6974=DIRECTION('center_axis',(0.,0.,1.));
#6975=DIRECTION('ref_axis',(0.775312057175456,0.631578351432633,0.));
#6976=DIRECTION('center_axis',(0.,0.,-1.));
#6977=DIRECTION('ref_axis',(0.463084701799015,-0.886314029540161,0.));
#6978=DIRECTION('center_axis',(0.,0.,-1.));
#6979=DIRECTION('ref_axis',(-0.198145362126238,-0.980172645745566,0.));
#6980=DIRECTION('center_axis',(0.,0.,1.));
#6981=DIRECTION('ref_axis',(0.198145362126213,0.980172645745571,0.));
#6982=DIRECTION('center_axis',(0.,0.,-1.));
#6983=DIRECTION('ref_axis',(-0.625462826857929,-0.780253966487123,0.));
#6984=DIRECTION('center_axis',(0.,0.,1.));
#6985=DIRECTION('ref_axis',(0.625462826857932,0.78025396648712,0.));
#6986=DIRECTION('center_axis',(0.,0.,-1.));
#6987=DIRECTION('ref_axis',(2.38297218889722E-15,-1.,0.));
#6988=DIRECTION('',(-1.,-1.21876970113224E-15,0.));
#6989=DIRECTION('center_axis',(0.,0.,-1.));
#6990=DIRECTION('ref_axis',(-1.,6.66133814775096E-15,0.));
#6991=DIRECTION('',(0.,1.,0.));
#6992=DIRECTION('center_axis',(0.,0.,-1.));
#6993=DIRECTION('ref_axis',(0.,1.,0.));
#6994=DIRECTION('',(1.,0.,0.));
#6995=DIRECTION('center_axis',(0.,0.,-1.));
#6996=DIRECTION('ref_axis',(1.,-3.33066907387548E-15,0.));
#6997=DIRECTION('',(0.,-1.,0.));
#6998=DIRECTION('center_axis',(0.,0.,1.));
#6999=DIRECTION('ref_axis',(-1.,5.5511151231258E-15,0.));
#7000=DIRECTION('',(1.,-2.68534669599433E-16,0.));
#7001=DIRECTION('center_axis',(0.,0.,1.));
#7002=DIRECTION('ref_axis',(0.,-1.,0.));
#7003=DIRECTION('',(0.,1.,0.));
#7004=DIRECTION('center_axis',(0.,0.,-1.));
#7005=DIRECTION('ref_axis',(8.88178419700128E-15,1.,0.));
#7006=DIRECTION('',(1.,-1.24325086744138E-17,0.));
#7007=DIRECTION('center_axis',(0.,0.,-1.));
#7008=DIRECTION('ref_axis',(1.,-7.21644966006354E-15,0.));
#7009=DIRECTION('',(0.,-1.,0.));
#7010=DIRECTION('center_axis',(0.,0.,-1.));
#7011=DIRECTION('ref_axis',(0.,-1.,0.));
#7012=DIRECTION('',(-1.,1.21876970113224E-15,0.));
#7013=DIRECTION('center_axis',(0.,0.,-1.));
#7014=DIRECTION('ref_axis',(-0.707077457569052,-0.707136103588047,0.));
#7015=DIRECTION('center_axis',(0.,0.,-1.));
#7016=DIRECTION('ref_axis',(-1.,0.,-6.75316132180356E-18));
#7017=DIRECTION('center_axis',(0.,0.,-1.));
#7018=DIRECTION('ref_axis',(-1.,0.,-6.75316132180356E-18));
#7019=DIRECTION('center_axis',(0.,0.,1.));
#7020=DIRECTION('ref_axis',(1.,0.,0.));
#7021=DIRECTION('center_axis',(0.,0.,1.));
#7022=DIRECTION('ref_axis',(1.,0.,0.));
#7023=DIRECTION('',(0.,0.,1.));
#7024=DIRECTION('center_axis',(0.,0.,1.));
#7025=DIRECTION('ref_axis',(-0.632455532033692,-0.77459666924147,0.));
#7026=DIRECTION('center_axis',(0.,0.,1.));
#7027=DIRECTION('ref_axis',(-0.632455532033692,-0.77459666924147,0.));
#7028=DIRECTION('',(0.,0.,-1.));
#7029=DIRECTION('center_axis',(0.,0.,-1.));
#7030=DIRECTION('ref_axis',(0.632455532033685,-0.774596669241476,0.));
#7031=DIRECTION('',(0.,0.,1.));
#7032=DIRECTION('center_axis',(0.,0.,1.));
#7033=DIRECTION('ref_axis',(0.632455532033685,-0.774596669241476,0.));
#7034=DIRECTION('',(0.,0.,-1.));
#7035=DIRECTION('center_axis',(0.,0.,1.));
#7036=DIRECTION('ref_axis',(1.,0.,0.));
#7037=DIRECTION('center_axis',(0.,0.,1.));
#7038=DIRECTION('ref_axis',(1.,0.,0.));
#7039=DIRECTION('',(0.,0.,1.));
#7040=DIRECTION('center_axis',(0.,0.,1.));
#7041=DIRECTION('ref_axis',(-0.632455532033685,-0.774596669241476,0.));
#7042=DIRECTION('center_axis',(0.,0.,1.));
#7043=DIRECTION('ref_axis',(-0.632455532033685,-0.774596669241476,0.));
#7044=DIRECTION('',(0.,0.,-1.));
#7045=DIRECTION('center_axis',(0.,0.,1.));
#7046=DIRECTION('ref_axis',(0.632455532033677,0.774596669241483,0.));
#7047=DIRECTION('',(0.,0.,1.));
#7048=DIRECTION('center_axis',(0.,0.,1.));
#7049=DIRECTION('ref_axis',(0.632455532033677,0.774596669241483,0.));
#7050=DIRECTION('',(0.,0.,-1.));
#7051=DIRECTION('center_axis',(0.,-1.,0.));
#7052=DIRECTION('ref_axis',(1.,0.,0.));
#7053=DIRECTION('',(1.,0.,0.));
#7054=DIRECTION('',(0.,0.,1.));
#7055=DIRECTION('',(0.,0.,-1.));
#7056=DIRECTION('',(1.,0.,0.));
#7057=DIRECTION('',(0.,0.,1.));
#7058=DIRECTION('',(0.,0.,-1.));
#7059=DIRECTION('',(1.,0.,0.));
#7060=DIRECTION('',(0.,0.,1.));
#7061=DIRECTION('center_axis',(0.,0.,-1.));
#7062=DIRECTION('ref_axis',(-0.632455532033677,0.774596669241482,0.));
#7063=DIRECTION('center_axis',(0.,0.,1.));
#7064=DIRECTION('ref_axis',(-0.632455532033677,0.774596669241482,0.));
#7065=DIRECTION('',(0.,0.,-1.));
#7066=DIRECTION('center_axis',(0.,0.,1.));
#7067=DIRECTION('ref_axis',(-1.,0.,0.));
#7068=DIRECTION('center_axis',(0.,0.,1.));
#7069=DIRECTION('ref_axis',(-1.,0.,0.));
#7070=DIRECTION('center_axis',(0.,0.,-1.));
#7071=DIRECTION('ref_axis',(-0.632455532033683,0.774596669241478,0.));
#7072=DIRECTION('center_axis',(0.,0.,1.));
#7073=DIRECTION('ref_axis',(-0.632455532033683,0.774596669241478,0.));
#7074=DIRECTION('',(0.,0.,-1.));
#7075=DIRECTION('center_axis',(0.,0.,1.));
#7076=DIRECTION('ref_axis',(-1.,0.,0.));
#7077=DIRECTION('center_axis',(0.,0.,1.));
#7078=DIRECTION('ref_axis',(-1.,0.,0.));
#7079=DIRECTION('',(0.,0.,1.));
#7080=DIRECTION('center_axis',(0.,0.,1.));
#7081=DIRECTION('ref_axis',(0.632455532033683,0.774596669241478,0.));
#7082=DIRECTION('center_axis',(0.,0.,1.));
#7083=DIRECTION('ref_axis',(0.632455532033683,0.774596669241478,0.));
#7084=DIRECTION('center_axis',(0.,0.,1.));
#7085=DIRECTION('ref_axis',(-1.,0.,0.));
#7086=DIRECTION('center_axis',(0.,0.,1.));
#7087=DIRECTION('ref_axis',(-1.,0.,0.));
#7088=DIRECTION('',(-1.,0.,0.));
#7089=DIRECTION('center_axis',(0.,0.,1.));
#7090=DIRECTION('ref_axis',(-1.,0.,0.));
#7091=DIRECTION('center_axis',(0.,0.,1.));
#7092=DIRECTION('ref_axis',(-1.,0.,0.));
#7093=DIRECTION('',(-1.,0.,0.));
#7094=DIRECTION('center_axis',(0.,0.,1.));
#7095=DIRECTION('ref_axis',(-0.707106781186547,-0.707106781186548,0.));
#7096=DIRECTION('center_axis',(0.,0.,-1.));
#7097=DIRECTION('ref_axis',(-0.707106781186547,-0.707106781186548,0.));
#7098=DIRECTION('',(0.,0.,-1.));
#7099=DIRECTION('center_axis',(1.32563943238825E-16,-0.130526192220052,
-0.99144486137381));
#7100=DIRECTION('ref_axis',(3.93116040265536E-16,-0.99144486137381,0.130526192220052));
#7101=DIRECTION('',(0.,0.,1.));
#7102=DIRECTION('center_axis',(-1.,3.47914260369433E-34,0.));
#7103=DIRECTION('ref_axis',(-3.47914260369433E-34,-1.,5.15187249038671E-17));
#7104=DIRECTION('',(3.44937805641944E-34,0.99144486137381,-0.130526192220052));
#7105=DIRECTION('',(0.,0.,-1.));
#7106=DIRECTION('',(-3.47914260369433E-34,-1.,5.15187249038671E-17));
#7107=DIRECTION('center_axis',(0.,0.,1.));
#7108=DIRECTION('ref_axis',(-0.707106781186551,-0.707106781186544,0.));
#7109=DIRECTION('center_axis',(0.,0.,-1.));
#7110=DIRECTION('ref_axis',(-0.707106781186551,-0.707106781186544,0.));
#7111=DIRECTION('',(0.,0.,1.));
#7112=DIRECTION('center_axis',(0.,0.,1.));
#7113=DIRECTION('ref_axis',(-0.707106781186551,-0.707106781186544,0.));
#7114=DIRECTION('',(0.,0.,-1.));
#7115=DIRECTION('center_axis',(-1.,-3.55271367880052E-15,0.));
#7116=DIRECTION('ref_axis',(3.55271367880052E-15,-1.,2.39657184356433E-32));
#7117=DIRECTION('',(3.55271367880052E-15,-1.,0.));
#7118=DIRECTION('',(0.,0.,-1.));
#7119=DIRECTION('',(3.55271367880052E-15,-1.,0.));
#7120=DIRECTION('center_axis',(0.,0.,1.));
#7121=DIRECTION('ref_axis',(-0.707106781186541,0.707106781186554,0.));
#7122=DIRECTION('center_axis',(0.,0.,-1.));
#7123=DIRECTION('ref_axis',(-0.707106781186541,0.707106781186554,0.));
#7124=DIRECTION('',(0.,0.,1.));
#7125=DIRECTION('center_axis',(0.,0.,1.));
#7126=DIRECTION('ref_axis',(-0.707106781186541,0.707106781186554,0.));
#7127=DIRECTION('center_axis',(-3.31969842414849E-15,1.,0.));
#7128=DIRECTION('ref_axis',(-1.,-3.31969842414849E-15,-6.75316132180356E-18));
#7129=DIRECTION('',(-1.,-3.31969842414849E-15,-6.75316132180356E-18));
#7130=DIRECTION('',(0.,0.,1.));
#7131=DIRECTION('',(1.,3.31969842414849E-15,-3.0333875649671E-16));
#7132=DIRECTION('',(0.,0.,-1.));
#7133=DIRECTION('',(-1.,-3.31969842414849E-15,0.));
#7134=DIRECTION('center_axis',(0.,0.,1.));
#7135=DIRECTION('ref_axis',(0.707106781186552,0.707106781186543,0.));
#7136=DIRECTION('center_axis',(1.32563943238825E-16,-0.130526192220052,
-0.99144486137381));
#7137=DIRECTION('ref_axis',(-3.37097004527697E-15,0.99144486137381,-0.130526192220052));
#7138=DIRECTION('',(0.,0.,1.));
#7139=DIRECTION('center_axis',(0.,0.,1.));
#7140=DIRECTION('ref_axis',(0.707106781186552,0.707106781186543,0.));
#7141=DIRECTION('center_axis',(1.,1.34422761256293E-52,0.));
#7142=DIRECTION('ref_axis',(-1.34422761256293E-52,1.,2.6330167474888E-35));
#7143=DIRECTION('',(1.3327275589923E-52,-0.99144486137381,0.130526192220052));
#7144=DIRECTION('',(0.,0.,-1.));
#7145=DIRECTION('',(-1.34422761256293E-52,1.,0.));
#7146=DIRECTION('center_axis',(0.,0.,1.));
#7147=DIRECTION('ref_axis',(0.707106781186551,-0.707106781186544,0.));
#7148=DIRECTION('center_axis',(1.32563943238825E-16,-0.130526192220052,
-0.99144486137381));
#7149=DIRECTION('ref_axis',(4.54049026506694E-15,-0.99144486137381,0.130526192220052));
#7150=DIRECTION('',(0.,0.,1.));
#7151=DIRECTION('center_axis',(0.,0.,1.));
#7152=DIRECTION('ref_axis',(0.707106781186551,-0.707106781186544,0.));
#7153=DIRECTION('center_axis',(-4.33891073317314E-53,-1.,0.));
#7154=DIRECTION('ref_axis',(1.,-4.33891073317314E-53,6.75316132180356E-18));
#7155=DIRECTION('',(1.,-4.33891073317314E-53,6.75316132180356E-18));
#7156=DIRECTION('',(1.,-4.33891073317314E-53,0.));
#7157=DIRECTION('',(-1.,4.33891073317314E-53,-1.33707832279382E-16));
#7158=DIRECTION('center_axis',(0.,0.,-1.));
#7159=DIRECTION('ref_axis',(-6.21157749236545E-6,-0.999999999980708,0.));
#7160=DIRECTION('center_axis',(6.75316132180356E-18,2.6330167474888E-35,
-1.));
#7161=DIRECTION('ref_axis',(-6.21157749236545E-6,-0.999999999980708,0.));
#7162=DIRECTION('',(0.,0.,1.));
#7163=DIRECTION('center_axis',(6.75316132180356E-18,2.6330167474888E-35,
-1.));
#7164=DIRECTION('ref_axis',(-6.21157749236545E-6,-0.999999999980708,0.));
#7165=DIRECTION('',(0.,0.,-1.));
#7166=DIRECTION('center_axis',(0.,0.,1.));
#7167=DIRECTION('ref_axis',(-0.666662036813479,0.745360133540628,0.));
#7168=DIRECTION('center_axis',(6.75316132180356E-18,2.6330167474888E-35,
-1.));
#7169=DIRECTION('ref_axis',(-0.666662036813479,0.745360133540628,0.));
#7170=DIRECTION('',(0.,0.,-1.));
#7171=DIRECTION('center_axis',(6.75316132180356E-18,2.6330167474888E-35,
-1.));
#7172=DIRECTION('ref_axis',(-0.666662036813479,0.745360133540628,-4.50207628172357E-18));
#7173=DIRECTION('center_axis',(0.,0.,1.));
#7174=DIRECTION('ref_axis',(8.33588863713431E-6,0.999999999965256,0.));
#7175=DIRECTION('center_axis',(6.75316132180356E-18,2.6330167474888E-35,
-1.));
#7176=DIRECTION('ref_axis',(8.33588863713431E-6,0.999999999965256,0.));
#7177=DIRECTION('center_axis',(6.75316132180356E-18,2.6330167474888E-35,
-1.));
#7178=DIRECTION('ref_axis',(8.33588863713431E-6,0.999999999965256,0.));
#7179=DIRECTION('',(0.,0.,1.));
#7180=DIRECTION('center_axis',(-6.75316132180356E-18,-2.6330167474888E-35,
1.));
#7181=DIRECTION('ref_axis',(1.,-4.33891073317314E-53,6.75316132180356E-18));
#7182=DIRECTION('',(0.999999999965256,-8.33588864302587E-6,6.75316132156893E-18));
#7183=DIRECTION('center_axis',(6.75316132180356E-18,2.6330167474888E-35,
-1.));
#7184=DIRECTION('ref_axis',(8.3358886460161E-6,0.999999999965256,0.));
#7185=DIRECTION('center_axis',(6.75316132180356E-18,2.6330167474888E-35,
-1.));
#7186=DIRECTION('ref_axis',(0.666662036813474,-0.745360133540633,4.50207628172353E-18));
#7187=DIRECTION('center_axis',(6.75316132180356E-18,2.6330167474888E-35,
-1.));
#7188=DIRECTION('ref_axis',(-0.948685262307106,-0.316221873186054,0.));
#7189=DIRECTION('',(-6.21158262130699E-6,-0.999999999980708,-4.19478195054239E-23));
#7190=DIRECTION('center_axis',(6.75316132180356E-18,2.6330167474888E-35,
-1.));
#7191=DIRECTION('ref_axis',(-0.939856023647269,0.341570863531924,0.));
#7192=DIRECTION('center_axis',(-6.75316132180356E-18,-2.6330167474888E-35,
1.));
#7193=DIRECTION('ref_axis',(0.707102388920716,-0.707111173425097,0.));
#7194=DIRECTION('center_axis',(6.75316132180356E-18,2.6330167474888E-35,
-1.));
#7195=DIRECTION('ref_axis',(0.,-1.,0.));
#7196=DIRECTION('',(-1.,4.33891073317314E-53,-6.75316132180356E-18));
#7197=DIRECTION('center_axis',(6.75316132180356E-18,2.6330167474888E-35,
-1.));
#7198=DIRECTION('ref_axis',(0.,-1.,0.));
#7199=DIRECTION('center_axis',(-6.75316132180356E-18,-2.6330167474888E-35,
1.));
#7200=DIRECTION('ref_axis',(-0.707111173423286,-0.707102388922526,0.));
#7201=DIRECTION('',(-0.999999999980708,6.21157750001528E-6,-6.75316132167328E-18));
#7202=DIRECTION('center_axis',(-8.33588864302587E-6,-0.999999999965256,
0.));
#7203=DIRECTION('ref_axis',(0.999999999965256,-8.33588864302587E-6,6.75316132156893E-18));
#7204=DIRECTION('',(0.999999999965256,-8.33588864302587E-6,6.75316132156893E-18));
#7205=DIRECTION('',(0.,0.,1.));
#7206=DIRECTION('',(-0.999999999964654,8.33588864302085E-6,-1.09744055959781E-6));
#7207=DIRECTION('',(0.,0.,-1.));
#7208=DIRECTION('',(-0.999999999965256,8.33588864302587E-6,0.));
#7209=DIRECTION('',(0.,0.,1.));
#7210=DIRECTION('',(-0.999999999964654,8.33588864302085E-6,-1.09744055959781E-6));
#7211=DIRECTION('',(0.,0.,1.));
#7212=DIRECTION('',(0.999999999965256,-8.33588864302587E-6,6.75316132156893E-18));
#7213=DIRECTION('',(0.,0.,-1.));
#7214=DIRECTION('center_axis',(0.,0.,-1.));
#7215=DIRECTION('ref_axis',(8.3358886460161E-6,0.999999999965256,0.));
#7216=DIRECTION('center_axis',(6.75316132180356E-18,2.6330167474888E-35,
-1.));
#7217=DIRECTION('ref_axis',(8.3358886460161E-6,0.999999999965256,0.));
#7218=DIRECTION('',(0.,0.,1.));
#7219=DIRECTION('center_axis',(0.,0.,1.));
#7220=DIRECTION('ref_axis',(0.666662036813474,-0.745360133540633,0.));
#7221=DIRECTION('center_axis',(6.75316132180356E-18,2.6330167474888E-35,
-1.));
#7222=DIRECTION('ref_axis',(0.666662036813474,-0.745360133540633,0.));
#7223=DIRECTION('',(0.,0.,-1.));
#7224=DIRECTION('center_axis',(0.,0.,1.));
#7225=DIRECTION('ref_axis',(-0.948685262307106,-0.316221873186054,0.));
#7226=DIRECTION('center_axis',(6.75316132180356E-18,2.6330167474888E-35,
-1.));
#7227=DIRECTION('ref_axis',(-0.948685262307106,-0.316221873186054,0.));
#7228=DIRECTION('',(0.,0.,1.));
#7229=DIRECTION('center_axis',(6.21157750001528E-6,0.999999999980708,0.));
#7230=DIRECTION('ref_axis',(-0.999999999980708,6.21157750001528E-6,-6.75316132167328E-18));
#7231=DIRECTION('',(0.,0.,1.));
#7232=DIRECTION('',(0.999999999980374,-6.2115775000132E-6,8.17769691968121E-7));
#7233=DIRECTION('',(0.,0.,1.));
#7234=DIRECTION('',(-0.999999999980708,6.21157750001528E-6,-6.75316132167328E-18));
#7235=DIRECTION('center_axis',(0.,0.,1.));
#7236=DIRECTION('ref_axis',(-0.939856023647269,0.341570863531924,0.));
#7237=DIRECTION('',(0.,0.,-1.));
#7238=DIRECTION('center_axis',(6.75316132180356E-18,2.6330167474888E-35,
-1.));
#7239=DIRECTION('ref_axis',(-0.939856023647269,0.341570863531924,0.));
#7240=DIRECTION('',(0.,0.,1.));
#7241=DIRECTION('center_axis',(0.,0.,1.));
#7242=DIRECTION('ref_axis',(0.707102388920716,-0.707111173425097,0.));
#7243=DIRECTION('center_axis',(-6.75316132180356E-18,-2.6330167474888E-35,
1.));
#7244=DIRECTION('ref_axis',(0.707102388920716,-0.707111173425097,0.));
#7245=DIRECTION('',(0.,0.,-1.));
#7246=DIRECTION('center_axis',(-1.32563943238825E-16,0.130526192220052,
0.99144486137381));
#7247=DIRECTION('ref_axis',(3.3021747382305E-15,-0.99144486137381,0.130526192220052));
#7248=DIRECTION('',(0.,0.,-1.));
#7249=DIRECTION('center_axis',(0.,0.,1.));
#7250=DIRECTION('ref_axis',(0.,-1.,0.));
#7251=DIRECTION('center_axis',(1.32563943238825E-16,-0.130526192220052,
-0.99144486137381));
#7252=DIRECTION('ref_axis',(0.,-0.99144486137381,0.130526192220052));
#7253=DIRECTION('',(0.,0.,1.));
#7254=DIRECTION('',(0.,0.,1.));
#7255=DIRECTION('',(0.,0.,1.));
#7256=DIRECTION('center_axis',(4.33891073317314E-53,1.,0.));
#7257=DIRECTION('ref_axis',(-1.,4.33891073317314E-53,-6.75316132180356E-18));
#7258=DIRECTION('',(1.,-4.33891073317314E-53,1.33707832279382E-16));
#7259=DIRECTION('',(0.,0.,-1.));
#7260=DIRECTION('center_axis',(4.33891073317314E-53,1.,0.));
#7261=DIRECTION('ref_axis',(1.,0.,0.));
#7262=DIRECTION('',(-1.,4.33891073317314E-53,0.));
#7263=DIRECTION('center_axis',(4.33891073317314E-53,1.,0.));
#7264=DIRECTION('ref_axis',(0.,0.,-1.));
#7265=DIRECTION('center_axis',(0.,0.,-1.));
#7266=DIRECTION('ref_axis',(0.,-1.,0.));
#7267=DIRECTION('center_axis',(1.32563943238825E-16,-0.130526192220052,
-0.99144486137381));
#7268=DIRECTION('ref_axis',(0.,-0.99144486137381,0.130526192220052));
#7269=DIRECTION('',(0.,0.,1.));
#7270=DIRECTION('',(0.,0.,-1.));
#7271=DIRECTION('',(0.,0.,-1.));
#7272=DIRECTION('center_axis',(0.,0.,1.));
#7273=DIRECTION('ref_axis',(-0.707106781186547,-0.707106781186548,0.));
#7274=DIRECTION('center_axis',(-1.32563943238825E-16,0.130526192220052,
0.99144486137381));
#7275=DIRECTION('ref_axis',(1.1007249127435E-15,-0.99144486137381,0.130526192220052));
#7276=DIRECTION('center_axis',(0.,0.,1.));
#7277=DIRECTION('ref_axis',(-0.707106781186547,-0.707106781186548,0.));
#7278=DIRECTION('',(0.,0.,-1.));
#7279=DIRECTION('center_axis',(1.32563943238825E-16,-0.130526192220052,
-0.99144486137381));
#7280=DIRECTION('ref_axis',(1.,1.73030667366389E-17,1.31429840327582E-16));
#7281=DIRECTION('center_axis',(-1.32563943238828E-16,0.130526192220052,
0.99144486137381));
#7282=DIRECTION('ref_axis',(-4.30211422042246E-15,-0.99144486137381,0.130526192220052));
#7283=DIRECTION('',(-5.72799505516712E-17,-0.99144486137381,0.130526192220052));
#7284=DIRECTION('center_axis',(-4.66577212134909E-31,0.130526192220052,
0.99144486137381));
#7285=DIRECTION('ref_axis',(-1.,5.5036245637175E-16,-7.24565919596755E-17));
#7286=DIRECTION('',(-1.,0.,0.));
#7287=DIRECTION('center_axis',(0.,0.130526192220052,0.99144486137381));
#7288=DIRECTION('ref_axis',(-4.44089209850082E-14,0.99144486137381,-0.130526192220052));
#7289=DIRECTION('',(4.07324092811884E-16,0.99144486137381,-0.130526192220052));
#7290=DIRECTION('center_axis',(-1.32563943238826E-16,0.130526192220052,
0.99144486137381));
#7291=DIRECTION('ref_axis',(1.,4.42020271771066E-15,-4.48222895349821E-16));
#7292=DIRECTION('',(1.,1.73030667366389E-17,1.31429840327582E-16));
#7293=DIRECTION('center_axis',(0.,-0.130526192220052,-0.99144486137381));
#7294=DIRECTION('ref_axis',(1.,0.,0.));
#7295=DIRECTION('center_axis',(0.,-0.130526192220052,-0.99144486137381));
#7296=DIRECTION('ref_axis',(1.,0.,0.));
#7297=DIRECTION('center_axis',(0.,-0.130526192220052,-0.99144486137381));
#7298=DIRECTION('ref_axis',(1.,0.,0.));
#7299=DIRECTION('center_axis',(0.,-0.130526192220052,-0.99144486137381));
#7300=DIRECTION('ref_axis',(1.,0.,0.));
#7301=DIRECTION('center_axis',(-1.40200642998274E-17,-0.130526192220052,
-0.99144486137381));
#7302=DIRECTION('ref_axis',(0.505126050851301,-0.855662105189082,0.112650053239032));
#7303=DIRECTION('center_axis',(1.95096510280093E-17,0.130526192220052,0.99144486137381));
#7304=DIRECTION('ref_axis',(-0.625976970297643,0.773169890790898,-0.101789747181996));
#7305=DIRECTION('center_axis',(-6.27393390583958E-18,0.130526192220052,
0.99144486137381));
#7306=DIRECTION('ref_axis',(-0.452084582407782,0.88434410231918,-0.116426109797004));
#7307=DIRECTION('center_axis',(-6.14426135787307E-19,-0.130526192220052,
-0.99144486137381));
#7308=DIRECTION('ref_axis',(0.41144355265869,0.903637788578716,-0.118966171780739));
#7309=DIRECTION('center_axis',(-5.71002546813271E-18,-0.130526192220052,
-0.99144486137381));
#7310=DIRECTION('ref_axis',(-0.911432018217547,0.407930679377158,-0.0537050927825262));
#7311=DIRECTION('',(-0.999999536949918,-0.000954107910242973,0.000125610689351245));
#7312=DIRECTION('center_axis',(1.32563943238825E-16,-0.130526192220052,
-0.99144486137381));
#7313=DIRECTION('ref_axis',(1.00558340946812E-15,-0.99144486137381,0.130526192220052));
#7314=DIRECTION('',(0.999999999980374,6.21158261863313E-6,-8.17770365579803E-7));
#7315=DIRECTION('center_axis',(1.32563943238825E-16,-0.130526192220052,
-0.99144486137381));
#7316=DIRECTION('ref_axis',(-6.15844166774956E-6,0.991444861355009,-0.130526192217577));
#7317=DIRECTION('',(3.0496745658474E-15,-0.99144486137381,0.130526192220052));
#7318=DIRECTION('center_axis',(-1.32563943238825E-16,0.130526192220052,
0.99144486137381));
#7319=DIRECTION('ref_axis',(-3.43976535232344E-16,0.99144486137381,-0.130526192220052));
#7320=DIRECTION('center_axis',(1.32563943238825E-16,-0.130526192220052,
-0.99144486137381));
#7321=DIRECTION('ref_axis',(1.00816761782817E-15,-0.99144486137381,0.130526192220052));
#7322=DIRECTION('center_axis',(-1.32563943238825E-16,0.130526192220052,
0.99144486137381));
#7323=DIRECTION('ref_axis',(1.30711083388291E-15,-0.99144486137381,0.130526192220052));
#7324=DIRECTION('',(0.999999999980374,-6.21158262175879E-6,8.17770366258719E-7));
#7325=DIRECTION('center_axis',(1.32563943238825E-16,-0.130526192220052,
-0.99144486137381));
#7326=DIRECTION('ref_axis',(-9.80333125378119E-16,0.99144486137381,-0.130526192220052));
#7327=DIRECTION('center_axis',(-1.32563943238825E-16,0.130526192220052,
0.99144486137381));
#7328=DIRECTION('ref_axis',(1.58229206206878E-15,0.99144486137381,-0.130526192220052));
#7329=DIRECTION('center_axis',(-1.32563943238825E-16,0.130526192220052,
0.99144486137381));
#7330=DIRECTION('ref_axis',(-1.,0.,0.));
#7331=DIRECTION('center_axis',(-1.32563943238825E-16,0.130526192220052,
0.99144486137381));
#7332=DIRECTION('ref_axis',(-1.,0.,0.));
#7333=DIRECTION('center_axis',(-1.32563943238825E-16,0.130526192220052,
0.99144486137381));
#7334=DIRECTION('ref_axis',(-1.,0.,0.));
#7335=DIRECTION('center_axis',(-1.32563943238825E-16,0.130526192220052,
0.99144486137381));
#7336=DIRECTION('ref_axis',(-1.,0.,0.));
#7337=DIRECTION('center_axis',(-1.32563943238825E-16,0.130526192220052,
0.99144486137381));
#7338=DIRECTION('ref_axis',(0.,-0.99144486137381,0.130526192220052));
#7339=DIRECTION('center_axis',(-1.32563943238825E-16,0.130526192220052,
0.99144486137381));
#7340=DIRECTION('ref_axis',(0.,-0.99144486137381,0.130526192220052));
#7341=DIRECTION('center_axis',(0.,0.,-1.));
#7342=DIRECTION('ref_axis',(0.707109728362092,0.70710383399872,0.));
#7343=DIRECTION('center_axis',(0.,0.,1.));
#7344=DIRECTION('ref_axis',(0.707109728362092,0.70710383399872,0.));
#7345=DIRECTION('center_axis',(0.,0.,1.));
#7346=DIRECTION('ref_axis',(-0.707103833998721,0.70710972836209,0.));
#7347=DIRECTION('',(0.,0.,1.));
#7348=DIRECTION('center_axis',(0.,0.,1.));
#7349=DIRECTION('ref_axis',(-0.707103833998721,0.70710972836209,0.));
#7350=DIRECTION('center_axis',(1.,3.07599008745839E-15,0.));
#7351=DIRECTION('ref_axis',(-3.0759900874584E-15,1.,-9.61246902330749E-17));
#7352=DIRECTION('',(-3.0759900874584E-15,1.,-9.61246902330749E-17));
#7353=DIRECTION('center_axis',(0.,0.,1.));
#7354=DIRECTION('ref_axis',(-0.707111173423286,-0.707102388922526,0.));
#7355=DIRECTION('center_axis',(0.,0.,-1.));
#7356=DIRECTION('ref_axis',(1.,0.,0.));
#7357=DIRECTION('center_axis',(0.,0.,-1.));
#7358=DIRECTION('ref_axis',(1.,0.,0.));
#7359=DIRECTION('',(0.,0.,-1.));
#7360=DIRECTION('center_axis',(0.,0.,-1.));
#7361=DIRECTION('ref_axis',(1.,0.,0.));
#7362=DIRECTION('center_axis',(0.,0.,-1.));
#7363=DIRECTION('ref_axis',(1.,0.,0.));
#7364=DIRECTION('',(0.,0.,-1.));
#7365=DIRECTION('center_axis',(0.,0.,-1.));
#7366=DIRECTION('ref_axis',(0.707077457569019,0.70713610358808,0.));
#7367=DIRECTION('',(0.,0.,-1.));
#7368=DIRECTION('center_axis',(1.63759475708745E-18,1.63773058154672E-18,
1.));
#7369=DIRECTION('ref_axis',(0.707077457569019,0.70713610358808,-2.31600475953174E-18));
#7370=DIRECTION('',(0.,0.,-1.));
#7371=DIRECTION('center_axis',(0.,0.,-1.));
#7372=DIRECTION('ref_axis',(-0.707077457569052,-0.707136103588047,0.));
#7373=DIRECTION('',(0.,0.,-1.));
#7374=DIRECTION('center_axis',(-9.61182534909083E-18,-9.61262256767837E-18,
-1.));
#7375=DIRECTION('ref_axis',(-0.707077457569052,-0.707136103588047,1.35937374982035E-17));
#7376=DIRECTION('center_axis',(-1.21876970113224E-15,-1.,0.));
#7377=DIRECTION('ref_axis',(-1.,1.21876970113224E-15,0.));
#7378=DIRECTION('',(0.,0.,-1.));
#7379=DIRECTION('',(-1.,1.21876970113224E-15,0.));
#7380=DIRECTION('center_axis',(0.,0.,-1.));
#7381=DIRECTION('ref_axis',(0.,-1.,0.));
#7382=DIRECTION('',(0.,0.,-1.));
#7383=DIRECTION('center_axis',(0.,0.,-1.));
#7384=DIRECTION('ref_axis',(0.,-1.,0.));
#7385=DIRECTION('center_axis',(1.,0.,0.));
#7386=DIRECTION('ref_axis',(0.,-1.,0.));
#7387=DIRECTION('',(0.,0.,-1.));
#7388=DIRECTION('',(0.,-1.,0.));
#7389=DIRECTION('center_axis',(0.,0.,-1.));
#7390=DIRECTION('ref_axis',(1.,-7.21644966006354E-15,0.));
#7391=DIRECTION('',(0.,0.,-1.));
#7392=DIRECTION('center_axis',(0.,0.,-1.));
#7393=DIRECTION('ref_axis',(1.,-7.21644966006354E-15,0.));
#7394=DIRECTION('center_axis',(1.24325086744138E-17,1.,0.));
#7395=DIRECTION('ref_axis',(1.,-1.24325086744138E-17,0.));
#7396=DIRECTION('',(0.,0.,-1.));
#7397=DIRECTION('',(1.,-1.24325086744138E-17,0.));
#7398=DIRECTION('center_axis',(0.,0.,-1.));
#7399=DIRECTION('ref_axis',(8.88178419700128E-15,1.,0.));
#7400=DIRECTION('',(0.,0.,-1.));
#7401=DIRECTION('center_axis',(0.,0.,-1.));
#7402=DIRECTION('ref_axis',(8.88178419700128E-15,1.,0.));
#7403=DIRECTION('center_axis',(-1.,0.,0.));
#7404=DIRECTION('ref_axis',(0.,1.,0.));
#7405=DIRECTION('',(0.,0.,-1.));
#7406=DIRECTION('',(0.,1.,0.));
#7407=DIRECTION('center_axis',(0.,0.,-1.));
#7408=DIRECTION('ref_axis',(0.,-1.,0.));
#7409=DIRECTION('',(0.,0.,-1.));
#7410=DIRECTION('center_axis',(0.,0.,1.));
#7411=DIRECTION('ref_axis',(0.,-1.,0.));
#7412=DIRECTION('center_axis',(2.68534669599433E-16,1.,0.));
#7413=DIRECTION('ref_axis',(1.,-2.68534669599433E-16,0.));
#7414=DIRECTION('',(0.,0.,-1.));
#7415=DIRECTION('',(1.,-2.68534669599433E-16,0.));
#7416=DIRECTION('center_axis',(0.,0.,-1.));
#7417=DIRECTION('ref_axis',(-1.,5.5511151231258E-15,0.));
#7418=DIRECTION('',(0.,0.,-1.));
#7419=DIRECTION('center_axis',(0.,0.,1.));
#7420=DIRECTION('ref_axis',(-1.,5.5511151231258E-15,0.));
#7421=DIRECTION('center_axis',(1.,0.,0.));
#7422=DIRECTION('ref_axis',(0.,-1.,0.));
#7423=DIRECTION('',(0.,0.,-1.));
#7424=DIRECTION('',(0.,-1.,0.));
#7425=DIRECTION('center_axis',(0.,0.,-1.));
#7426=DIRECTION('ref_axis',(1.,-3.33066907387548E-15,0.));
#7427=DIRECTION('',(0.,0.,-1.));
#7428=DIRECTION('center_axis',(0.,0.,-1.));
#7429=DIRECTION('ref_axis',(1.,-3.33066907387548E-15,0.));
#7430=DIRECTION('center_axis',(0.,1.,0.));
#7431=DIRECTION('ref_axis',(1.,0.,0.));
#7432=DIRECTION('',(0.,0.,-1.));
#7433=DIRECTION('',(1.,0.,0.));
#7434=DIRECTION('center_axis',(0.,0.,-1.));
#7435=DIRECTION('ref_axis',(0.,1.,0.));
#7436=DIRECTION('',(0.,0.,-1.));
#7437=DIRECTION('center_axis',(0.,0.,-1.));
#7438=DIRECTION('ref_axis',(0.,1.,0.));
#7439=DIRECTION('center_axis',(-1.,0.,0.));
#7440=DIRECTION('ref_axis',(0.,1.,0.));
#7441=DIRECTION('',(0.,0.,-1.));
#7442=DIRECTION('',(0.,1.,0.));
#7443=DIRECTION('center_axis',(0.,0.,-1.));
#7444=DIRECTION('ref_axis',(-1.,6.66133814775096E-15,0.));
#7445=DIRECTION('',(0.,0.,-1.));
#7446=DIRECTION('center_axis',(0.,0.,-1.));
#7447=DIRECTION('ref_axis',(-1.,6.66133814775096E-15,0.));
#7448=DIRECTION('center_axis',(1.21876970113224E-15,-1.,0.));
#7449=DIRECTION('ref_axis',(-1.,-1.21876970113224E-15,0.));
#7450=DIRECTION('',(0.,0.,-1.));
#7451=DIRECTION('',(-1.,-1.21876970113224E-15,0.));
#7452=DIRECTION('center_axis',(0.,0.,-1.));
#7453=DIRECTION('ref_axis',(2.38297218889722E-15,-1.,0.));
#7454=DIRECTION('',(0.,0.,-1.));
#7455=DIRECTION('center_axis',(5.28841142461545E-32,-2.21925016550982E-17,
-1.));
#7456=DIRECTION('ref_axis',(2.38297218889722E-15,-1.,2.21925016550982E-17));
#7457=DIRECTION('center_axis',(0.,0.,-1.));
#7458=DIRECTION('ref_axis',(0.625462826857932,0.78025396648712,0.));
#7459=DIRECTION('',(0.,0.,-1.));
#7460=DIRECTION('center_axis',(1.2991130952573E-17,1.62062092575823E-17,
1.));
#7461=DIRECTION('ref_axis',(0.625462826857932,0.78025396648712,-2.07704285446268E-17));
#7462=DIRECTION('center_axis',(0.,0.,-1.));
#7463=DIRECTION('ref_axis',(-0.625462826857929,-0.780253966487123,0.));
#7464=DIRECTION('',(0.,0.,-1.));
#7465=DIRECTION('center_axis',(-1.77844877300674E-17,-2.21858382264477E-17,
-1.));
#7466=DIRECTION('ref_axis',(-0.625462826857929,-0.780253966487123,2.84341242458956E-17));
#7467=DIRECTION('center_axis',(0.,0.,-1.));
#7468=DIRECTION('ref_axis',(0.198145362126213,0.980172645745571,0.));
#7469=DIRECTION('',(0.,0.,-1.));
#7470=DIRECTION('center_axis',(5.1225785506378E-18,2.53400398431729E-17,
1.));
#7471=DIRECTION('ref_axis',(0.198145362126213,0.980172645745571,-2.58526290783171E-17));
#7472=DIRECTION('center_axis',(0.,0.,-1.));
#7473=DIRECTION('ref_axis',(-0.198145362126238,-0.980172645745566,0.));
#7474=DIRECTION('',(0.,0.,-1.));
#7475=DIRECTION('center_axis',(-2.92623409024833E-20,-1.44753052987546E-19,
-1.));
#7476=DIRECTION('ref_axis',(-0.198145362126238,-0.980172645745566,1.47681180061335E-19));
#7477=DIRECTION('',(0.,0.,-1.));
#7478=DIRECTION('center_axis',(0.,0.,-1.));
#7479=DIRECTION('ref_axis',(0.463084701799015,-0.886314029540161,0.));
#7480=DIRECTION('',(0.,0.,-1.));
#7481=DIRECTION('center_axis',(0.,0.,-1.));
#7482=DIRECTION('ref_axis',(0.463084701799015,-0.886314029540161,0.));
#7483=DIRECTION('center_axis',(0.,0.,-1.));
#7484=DIRECTION('ref_axis',(0.775312057175456,0.631578351432633,0.));
#7485=DIRECTION('',(0.,0.,-1.));
#7486=DIRECTION('center_axis',(8.57916396196461E-18,6.98868820834248E-18,
1.));
#7487=DIRECTION('ref_axis',(0.775312057175456,0.631578351432633,-1.10654334374979E-17));
#7488=DIRECTION('center_axis',(0.,0.,-1.));
#7489=DIRECTION('ref_axis',(-0.775312057175466,-0.631578351432621,0.));
#7490=DIRECTION('center_axis',(-9.7449826107272E-18,-7.93837783775072E-18,
-1.));
#7491=DIRECTION('ref_axis',(-0.775312057175466,-0.631578351432621,1.25691101028779E-17));
#7492=DIRECTION('center_axis',(0.,0.,1.));
#7493=DIRECTION('ref_axis',(-1.,0.,0.));
#7494=DIRECTION('center_axis',(0.,-0.130526192220052,-0.99144486137381));
#7495=DIRECTION('ref_axis',(-1.,0.,0.));
#7496=DIRECTION('center_axis',(0.,0.130526192220052,0.99144486137381));
#7497=DIRECTION('ref_axis',(-1.,0.,0.));
#7498=DIRECTION('',(-0.857167300702112,0.0672259587663549,0.510631852781433));
#7499=DIRECTION('center_axis',(0.,0.130526192220052,0.99144486137381));
#7500=DIRECTION('ref_axis',(-1.,0.,0.));
#7501=DIRECTION('',(0.,0.130526192220052,0.99144486137381));
#7502=DIRECTION('center_axis',(0.,-0.130526192220052,-0.99144486137381));
#7503=DIRECTION('ref_axis',(-1.,0.,0.));
#7504=DIRECTION('center_axis',(0.,0.130526192220052,0.99144486137381));
#7505=DIRECTION('ref_axis',(-1.,0.,0.));
#7506=DIRECTION('',(-0.857167300702112,0.0672259587663549,0.510631852781433));
#7507=DIRECTION('center_axis',(0.,0.130526192220052,0.99144486137381));
#7508=DIRECTION('ref_axis',(-1.,0.,0.));
#7509=DIRECTION('',(0.,0.130526192220052,0.99144486137381));
#7510=DIRECTION('center_axis',(0.,-0.130526192220052,-0.99144486137381));
#7511=DIRECTION('ref_axis',(-1.,0.,0.));
#7512=DIRECTION('center_axis',(0.,0.130526192220052,0.99144486137381));
#7513=DIRECTION('ref_axis',(-1.,0.,0.));
#7514=DIRECTION('',(-0.857167300702112,0.0672259587663549,0.510631852781433));
#7515=DIRECTION('center_axis',(0.,0.130526192220052,0.99144486137381));
#7516=DIRECTION('ref_axis',(-1.,0.,0.));
#7517=DIRECTION('',(0.,0.130526192220052,0.99144486137381));
#7518=DIRECTION('center_axis',(0.,-0.130526192220052,-0.99144486137381));
#7519=DIRECTION('ref_axis',(-1.,0.,0.));
#7520=DIRECTION('center_axis',(0.,0.130526192220052,0.99144486137381));
#7521=DIRECTION('ref_axis',(-1.,0.,0.));
#7522=DIRECTION('',(-0.857167300702112,0.0672259587663549,0.510631852781433));
#7523=DIRECTION('center_axis',(0.,0.130526192220052,0.99144486137381));
#7524=DIRECTION('ref_axis',(-1.,0.,0.));
#7525=DIRECTION('',(0.,0.130526192220052,0.99144486137381));
#7526=DIRECTION('center_axis',(0.,-0.130526192220052,-0.99144486137381));
#7527=DIRECTION('ref_axis',(1.,0.,0.));
#7528=DIRECTION('center_axis',(0.,0.130526192220052,0.99144486137381));
#7529=DIRECTION('ref_axis',(1.,0.,0.));
#7530=DIRECTION('center_axis',(0.,-0.130526192220052,-0.99144486137381));
#7531=DIRECTION('ref_axis',(1.,0.,0.));
#7532=DIRECTION('center_axis',(0.,0.130526192220052,0.99144486137381));
#7533=DIRECTION('ref_axis',(1.,0.,0.));
#7534=DIRECTION('center_axis',(0.,-0.130526192220052,-0.99144486137381));
#7535=DIRECTION('ref_axis',(1.,0.,0.));
#7536=DIRECTION('center_axis',(0.,0.130526192220052,0.99144486137381));
#7537=DIRECTION('ref_axis',(1.,0.,0.));
#7538=DIRECTION('center_axis',(0.,-0.130526192220052,-0.99144486137381));
#7539=DIRECTION('ref_axis',(1.,0.,0.));
#7540=DIRECTION('center_axis',(0.,0.130526192220052,0.99144486137381));
#7541=DIRECTION('ref_axis',(1.,0.,0.));
#7542=DIRECTION('center_axis',(0.,0.130526192220054,0.99144486137381));
#7543=DIRECTION('ref_axis',(1.,0.,0.));
#7544=DIRECTION('',(0.,0.130526192220054,0.99144486137381));
#7545=DIRECTION('center_axis',(0.,0.130526192220054,0.99144486137381));
#7546=DIRECTION('ref_axis',(1.,0.,0.));
#7547=DIRECTION('',(0.,0.130526192220054,0.99144486137381));
#7548=DIRECTION('center_axis',(0.,0.130526192220054,0.99144486137381));
#7549=DIRECTION('ref_axis',(1.,0.,0.));
#7550=DIRECTION('',(0.,0.130526192220054,0.99144486137381));
#7551=DIRECTION('center_axis',(0.,0.130526192220054,0.99144486137381));
#7552=DIRECTION('ref_axis',(1.,0.,0.));
#7553=DIRECTION('',(0.,0.130526192220054,0.99144486137381));
#7554=DIRECTION('',(0.,0.130526192220054,0.99144486137381));
#7555=DIRECTION('',(0.,0.130526192220054,0.99144486137381));
#7556=DIRECTION('center_axis',(0.,0.130526192220054,0.99144486137381));
#7557=DIRECTION('ref_axis',(-0.625976970297643,0.773169890790897,-0.101789747181998));
#7558=DIRECTION('center_axis',(0.,0.130526192220052,0.99144486137381));
#7559=DIRECTION('ref_axis',(-0.625976970297643,0.773169890790897,-0.101789747181998));
#7560=DIRECTION('',(0.,0.130526192220054,0.99144486137381));
#7561=DIRECTION('',(0.,0.130526192220054,0.99144486137381));
#7562=DIRECTION('center_axis',(0.,0.130526192220054,0.99144486137381));
#7563=DIRECTION('ref_axis',(-0.452084582407782,0.88434410231918,-0.116426109797006));
#7564=DIRECTION('center_axis',(0.,0.130526192220052,0.99144486137381));
#7565=DIRECTION('ref_axis',(-0.452084582407782,0.88434410231918,-0.116426109797006));
#7566=DIRECTION('',(0.,0.130526192220054,0.99144486137381));
#7567=DIRECTION('',(0.,0.130526192220054,0.99144486137381));
#7568=DIRECTION('center_axis',(0.,0.130526192220054,0.99144486137381));
#7569=DIRECTION('ref_axis',(0.88847415392816,-0.455000477230502,0.0599019492308537));
#7570=DIRECTION('center_axis',(0.,-0.130526192220052,-0.99144486137381));
#7571=DIRECTION('ref_axis',(0.41144355265869,0.903637788578716,-0.118966171780741));
#7572=DIRECTION('',(0.,0.130526192220054,0.99144486137381));
#7573=DIRECTION('',(0.,0.130526192220054,0.99144486137381));
#7574=DIRECTION('center_axis',(0.,0.130526192220054,0.99144486137381));
#7575=DIRECTION('ref_axis',(-0.911432018217547,0.407930679377158,-0.053705092782527));
#7576=DIRECTION('center_axis',(0.,-0.130526192220052,-0.99144486137381));
#7577=DIRECTION('ref_axis',(-0.911432018217547,0.407930679377158,-0.053705092782527));
#7578=DIRECTION('',(0.,0.130526192220054,0.99144486137381));
#7579=DIRECTION('',(0.,0.130526192220054,0.99144486137381));
#7580=DIRECTION('center_axis',(0.,0.130526192220054,0.99144486137381));
#7581=DIRECTION('ref_axis',(-0.888474223135656,-0.455000344392207,0.0599019317423604));
#7582=DIRECTION('center_axis',(0.,-0.130526192220052,-0.99144486137381));
#7583=DIRECTION('ref_axis',(0.505126050851302,-0.855662105189082,0.112650053239034));
#7584=DIRECTION('center_axis',(-1.,5.67899126342004E-17,-7.47653383606263E-18));
#7585=DIRECTION('ref_axis',(-5.72799505516713E-17,-0.99144486137381,0.130526192220052));
#7586=DIRECTION('',(-5.72799505516713E-17,-0.99144486137381,0.130526192220052));
#7587=DIRECTION('',(0.,0.130526192220054,0.99144486137381));
#7588=DIRECTION('',(0.,0.130526192220054,0.99144486137381));
#7589=DIRECTION('center_axis',(0.,0.130526192220054,0.99144486137381));
#7590=DIRECTION('ref_axis',(-1.,5.5036245637175E-16,-7.24565919596764E-17));
#7591=DIRECTION('center_axis',(0.,0.130526192220052,0.99144486137381));
#7592=DIRECTION('ref_axis',(-1.,5.5036245637175E-16,-7.24565919596764E-17));
#7593=DIRECTION('',(0.,0.130526192220054,0.99144486137381));
#7594=DIRECTION('center_axis',(0.,0.99144486137381,-0.130526192220054));
#7595=DIRECTION('ref_axis',(-1.,0.,0.));
#7596=DIRECTION('',(-1.,0.,0.));
#7597=DIRECTION('',(0.,0.130526192220054,0.99144486137381));
#7598=DIRECTION('center_axis',(0.,0.130526192220054,0.99144486137381));
#7599=DIRECTION('ref_axis',(-4.44089209850082E-14,0.99144486137381,-0.130526192220054));
#7600=DIRECTION('center_axis',(0.,0.130526192220052,0.99144486137381));
#7601=DIRECTION('ref_axis',(-4.44089209850082E-14,0.99144486137381,-0.130526192220054));
#7602=DIRECTION('',(0.,0.130526192220054,0.99144486137381));
#7603=DIRECTION('center_axis',(1.,-4.03839378732092E-16,5.31664628342231E-17));
#7604=DIRECTION('ref_axis',(4.07324092811884E-16,0.99144486137381,-0.130526192220052));
#7605=DIRECTION('',(4.07324092811884E-16,0.99144486137381,-0.130526192220052));
#7606=DIRECTION('',(0.,0.130526192220054,0.99144486137381));
#7607=DIRECTION('center_axis',(0.,0.130526192220054,0.99144486137381));
#7608=DIRECTION('ref_axis',(1.,4.40289965097402E-15,-5.79652735677413E-16));
#7609=DIRECTION('center_axis',(0.,0.130526192220052,0.99144486137381));
#7610=DIRECTION('ref_axis',(1.,4.40289965097402E-15,-5.79652735677413E-16));
#7611=DIRECTION('',(0.,0.130526192220054,0.99144486137381));
#7612=DIRECTION('center_axis',(-2.68089448258703E-31,-0.99144486137381,
0.130526192220054));
#7613=DIRECTION('ref_axis',(1.,1.73030667366389E-17,1.31429840327582E-16));
#7614=DIRECTION('',(1.,-2.65795905864631E-31,3.49926948555831E-32));
#7615=DIRECTION('',(0.,0.130526192220054,0.99144486137381));
#7616=DIRECTION('center_axis',(0.,0.130526192220054,0.99144486137381));
#7617=DIRECTION('ref_axis',(-4.30211422042246E-15,-0.99144486137381,0.130526192220054));
#7618=DIRECTION('center_axis',(0.,0.130526192220052,0.99144486137381));
#7619=DIRECTION('ref_axis',(-4.30211422042246E-15,-0.99144486137381,0.130526192220054));
#7620=DIRECTION('center_axis',(0.,0.,1.));
#7621=DIRECTION('ref_axis',(-0.999996402714268,0.0026822674222426,0.));
#7622=DIRECTION('',(0.,0.,-1.));
#7623=DIRECTION('center_axis',(-6.75316132180356E-18,-2.6330167474888E-35,
1.));
#7624=DIRECTION('ref_axis',(0.00535617977280979,0.999985655566239,3.61711460743657E-20));
#7625=DIRECTION('center_axis',(6.21158262176087E-6,0.999999999980708,0.));
#7626=DIRECTION('ref_axis',(-0.999999999980708,6.21158262176087E-6,-6.75316132167328E-18));
#7627=DIRECTION('',(-0.999999999980708,6.21158262176087E-6,-6.75316132167328E-18));
#7628=DIRECTION('center_axis',(4.33891073317314E-53,1.,0.));
#7629=DIRECTION('ref_axis',(-1.,4.33891073317314E-53,-6.75316132180356E-18));
#7630=DIRECTION('center_axis',(4.33891073317314E-53,1.,0.));
#7631=DIRECTION('ref_axis',(-1.,0.,0.));
#7632=DIRECTION('',(1.,-4.33891073317314E-53,0.));
#7633=DIRECTION('center_axis',(4.33891073317314E-53,1.,0.));
#7634=DIRECTION('ref_axis',(0.,0.,1.));
#7635=DIRECTION('center_axis',(-6.21158261863521E-6,0.999999999980708,0.));
#7636=DIRECTION('ref_axis',(-0.999999999980708,-6.21158261863521E-6,-6.75316132167328E-18));
#7637=DIRECTION('',(0.,0.,1.));
#7638=DIRECTION('',(-0.999999999980708,-6.21158261863521E-6,-6.75316132167328E-18));
#7639=DIRECTION('',(0.,0.,-1.));
#7640=DIRECTION('center_axis',(0.,0.,1.));
#7641=DIRECTION('ref_axis',(0.000480159804121953,-0.999999884723275,0.));
#7642=DIRECTION('',(0.,0.,1.));
#7643=DIRECTION('center_axis',(-6.75316132180356E-18,-2.6330167474888E-35,
1.));
#7644=DIRECTION('ref_axis',(0.000480159804121953,-0.999999884723275,3.24259661748112E-21));
#7645=DIRECTION('center_axis',(0.,-0.130526192220052,-0.99144486137381));
#7646=DIRECTION('ref_axis',(0.,-0.99144486137381,0.130526192220052));
#7647=DIRECTION('',(0.,-0.99144486137381,0.130526192220052));
#7648=DIRECTION('',(-1.,0.,0.));
#7649=DIRECTION('',(0.,0.99144486137381,-0.130526192220052));
#7650=DIRECTION('',(1.,0.,0.));
#7651=DIRECTION('center_axis',(0.,-0.130526192220052,-0.99144486137381));
#7652=DIRECTION('ref_axis',(0.,-0.99144486137381,0.130526192220052));
#7653=DIRECTION('center_axis',(-3.46944695195367E-17,0.,1.));
#7654=DIRECTION('ref_axis',(-1.,0.,-3.46944695195367E-17));
#7655=DIRECTION('',(-1.,-2.00308613164957E-17,-3.46944695195367E-17));
#7656=DIRECTION('',(0.,-1.,0.));
#7657=DIRECTION('',(-1.,0.,-3.46944695195367E-17));
#7658=DIRECTION('',(0.,-1.,0.));
#7659=DIRECTION('center_axis',(0.,-1.,0.));
#7660=DIRECTION('ref_axis',(-1.,0.,-1.11022302462514E-15));
#7661=DIRECTION('center_axis',(0.,-0.866025403784439,0.5));
#7662=DIRECTION('ref_axis',(9.61481343191768E-16,-0.5,-0.866025403784439));
#7663=DIRECTION('center_axis',(0.,-1.,0.));
#7664=DIRECTION('ref_axis',(-1.,0.,-1.11022302462514E-15));
#7665=DIRECTION('',(0.,-1.,0.));
#7666=DIRECTION('center_axis',(-1.,0.,0.));
#7667=DIRECTION('ref_axis',(0.,0.,-1.));
#7668=DIRECTION('',(0.,-0.5,-0.866025403784439));
#7669=DIRECTION('',(0.,0.,-1.));
#7670=DIRECTION('',(0.,-1.,0.));
#7671=DIRECTION('center_axis',(0.,-1.,0.));
#7672=DIRECTION('ref_axis',(0.,0.,-1.));
#7673=DIRECTION('center_axis',(0.,-0.866025403784439,0.5));
#7674=DIRECTION('ref_axis',(0.,-0.5,-0.866025403784439));
#7675=DIRECTION('center_axis',(0.,-1.,0.));
#7676=DIRECTION('ref_axis',(0.,0.,-1.));
#7677=DIRECTION('',(0.,-1.,0.));
#7678=DIRECTION('center_axis',(0.,0.,-1.));
#7679=DIRECTION('ref_axis',(1.,0.,0.));
#7680=DIRECTION('',(1.,0.,0.));
#7681=DIRECTION('',(1.,0.,0.));
#7682=DIRECTION('',(0.,-1.,0.));
#7683=DIRECTION('center_axis',(0.,-1.,0.));
#7684=DIRECTION('ref_axis',(-5.92118946466745E-15,0.,1.));
#7685=DIRECTION('center_axis',(0.,-0.866025403784439,0.5));
#7686=DIRECTION('ref_axis',(-5.12790049702279E-15,0.5,0.866025403784439));
#7687=DIRECTION('',(0.,-1.,0.));
#7688=DIRECTION('center_axis',(0.,-1.,0.));
#7689=DIRECTION('ref_axis',(-5.92118946466745E-15,0.,1.));
#7690=DIRECTION('center_axis',(1.,0.,0.));
#7691=DIRECTION('ref_axis',(0.,0.,1.));
#7692=DIRECTION('',(0.,0.5,0.866025403784439));
#7693=DIRECTION('',(0.,-1.,0.));
#7694=DIRECTION('',(0.,0.,1.));
#7695=DIRECTION('center_axis',(0.,-1.,0.));
#7696=DIRECTION('ref_axis',(1.,0.,0.));
#7697=DIRECTION('center_axis',(0.,-0.866025403784439,0.5));
#7698=DIRECTION('ref_axis',(0.,0.5,0.866025403784439));
#7699=DIRECTION('center_axis',(0.,-1.,0.));
#7700=DIRECTION('ref_axis',(1.,0.,0.));
#7701=DIRECTION('center_axis',(0.,1.,0.));
#7702=DIRECTION('ref_axis',(-1.,0.,0.));
#7703=DIRECTION('',(1.,0.,0.));
#7704=DIRECTION('center_axis',(0.,1.,0.));
#7705=DIRECTION('ref_axis',(-1.,0.,0.));
#7706=DIRECTION('',(0.,0.,1.));
#7707=DIRECTION('center_axis',(0.,1.,0.));
#7708=DIRECTION('ref_axis',(0.,0.,-1.));
#7709=DIRECTION('',(-1.,0.,0.));
#7710=DIRECTION('center_axis',(0.,1.,0.));
#7711=DIRECTION('ref_axis',(1.,0.,0.));
#7712=DIRECTION('',(0.,0.,-1.));
#7713=DIRECTION('center_axis',(0.,1.,0.));
#7714=DIRECTION('ref_axis',(0.,0.,1.));
#7715=DIRECTION('center_axis',(0.,0.,-1.));
#7716=DIRECTION('ref_axis',(1.,0.,0.));
#7717=DIRECTION('',(0.,-1.,0.));
#7718=DIRECTION('',(0.,-1.,0.));
#7719=DIRECTION('center_axis',(0.,-1.,0.));
#7720=DIRECTION('ref_axis',(0.,0.,-1.));
#7721=DIRECTION('',(0.,1.,0.));
#7722=DIRECTION('center_axis',(-1.,0.,0.));
#7723=DIRECTION('ref_axis',(0.,0.,-1.));
#7724=DIRECTION('',(0.,1.,0.));
#7725=DIRECTION('center_axis',(0.,-1.,0.));
#7726=DIRECTION('ref_axis',(-1.,0.,0.));
#7727=DIRECTION('',(0.,-1.,0.));
#7728=DIRECTION('center_axis',(0.,0.,1.));
#7729=DIRECTION('ref_axis',(-1.,0.,0.));
#7730=DIRECTION('',(0.,-1.,0.));
#7731=DIRECTION('center_axis',(0.,-1.,0.));
#7732=DIRECTION('ref_axis',(0.,0.,1.));
#7733=DIRECTION('',(0.,1.,0.));
#7734=DIRECTION('center_axis',(1.,0.,0.));
#7735=DIRECTION('ref_axis',(0.,0.,1.));
#7736=DIRECTION('',(0.,1.,0.));
#7737=DIRECTION('center_axis',(0.,-1.,0.));
#7738=DIRECTION('ref_axis',(1.,0.,0.));
#7739=DIRECTION('center_axis',(-6.75316132180356E-18,-2.6330167474888E-35,
1.));
#7740=DIRECTION('ref_axis',(-1.,0.,-6.75316132180356E-18));
#7741=DIRECTION('center_axis',(-6.75316132180356E-18,-2.6330167474888E-35,
1.));
#7742=DIRECTION('ref_axis',(-1.,0.,-6.75316132180356E-18));
#7743=DIRECTION('',(-6.75316132180356E-18,-2.6330167474888E-35,1.));
#7744=DIRECTION('center_axis',(-6.75316132180356E-18,-2.6330167474888E-35,
1.));
#7745=DIRECTION('ref_axis',(-1.,0.,-6.75316132180356E-18));
#7746=DIRECTION('center_axis',(-6.75316132180356E-18,-2.6330167474888E-35,
1.));
#7747=DIRECTION('ref_axis',(-1.,0.,-6.75316132180356E-18));
#7748=DIRECTION('',(-6.75316132180356E-18,-2.6330167474888E-35,1.));
#7749=DIRECTION('center_axis',(0.,0.,1.));
#7750=DIRECTION('ref_axis',(1.,0.,0.));
#7751=DIRECTION('center_axis',(-0.999999999980708,6.21158262130699E-6,0.));
#7752=DIRECTION('ref_axis',(-6.21158262130699E-6,-0.999999999980708,-4.19478195054239E-23));
#7753=DIRECTION('',(-6.21158262130699E-6,-0.999999999980708,-4.19478195054239E-23));
#7754=DIRECTION('center_axis',(-6.75316132180356E-18,-2.6330167474888E-35,
1.));
#7755=DIRECTION('ref_axis',(1.,-4.33891073317314E-53,6.75316132180356E-18));
#7756=DIRECTION('center_axis',(-6.75316132180356E-18,-2.6330167474888E-35,
1.));
#7757=DIRECTION('ref_axis',(-0.000954107917770261,-0.999999544838937,-6.44324468711269E-21));
#7758=DIRECTION('center_axis',(0.,0.,1.));
#7759=DIRECTION('ref_axis',(0.999999884723275,-0.000480159804114782,0.));
#7760=DIRECTION('center_axis',(-6.75316132180356E-18,-2.6330167474888E-35,
1.));
#7761=DIRECTION('ref_axis',(1.,-4.33891073317314E-53,6.75316132180356E-18));
#7762=DIRECTION('center_axis',(0.000954107917769952,-0.999999544838937,
0.));
#7763=DIRECTION('ref_axis',(0.999999544838937,0.000954107917769952,6.75315824802748E-18));
#7764=DIRECTION('',(0.,0.,1.));
#7765=DIRECTION('',(0.999999544838937,0.000954107917769952,6.75315824802748E-18));
#7766=DIRECTION('center_axis',(0.,0.,1.));
#7767=DIRECTION('ref_axis',(-0.999999884723275,-0.000480159804122442,0.));
#7768=DIRECTION('center_axis',(-6.75316132180356E-18,-2.6330167474888E-35,
1.));
#7769=DIRECTION('ref_axis',(-6.2115826181337E-6,0.999999999980708,-4.19478194839415E-23));
#7770=DIRECTION('center_axis',(-6.75316132180356E-18,-2.6330167474888E-35,
1.));
#7771=DIRECTION('ref_axis',(1.,-4.33891073317314E-53,6.75316132180356E-18));
#7772=DIRECTION('center_axis',(0.447213595499959,0.774596669241483,0.447213595499958));
#7773=DIRECTION('ref_axis',(-0.393765191099572,-0.278434036821722,0.876027089431301));
#7774=DIRECTION('center_axis',(0.,0.,-1.));
#7775=DIRECTION('ref_axis',(-0.500000000000001,-0.866025403784438,0.));
#7776=DIRECTION('',(-0.447213595499959,-0.774596669241483,-0.447213595499958));
#7777=DIRECTION('center_axis',(1.,0.,0.));
#7778=DIRECTION('ref_axis',(0.,0.866025403784439,0.5));
#7779=DIRECTION('',(0.447213595499959,0.774596669241483,0.447213595499958));
#7780=DIRECTION('center_axis',(-0.707106781186547,0.,0.707106781186548));
#7781=DIRECTION('ref_axis',(0.707106781186548,0.,0.707106781186547));
#7782=DIRECTION('',(0.,1.,0.));
#7783=DIRECTION('',(0.707106781186549,0.,0.707106781186546));
#7784=DIRECTION('',(0.,-1.,0.));
#7785=DIRECTION('center_axis',(0.,0.,1.));
#7786=DIRECTION('ref_axis',(1.,0.,0.));
#7787=DIRECTION('',(1.,0.,0.));
#7788=DIRECTION('center_axis',(0.,0.,-1.));
#7789=DIRECTION('ref_axis',(0.500000000000005,-0.866025403784436,0.));
#7790=DIRECTION('',(0.,-1.,0.));
#7791=DIRECTION('center_axis',(0.,0.,-1.));
#7792=DIRECTION('ref_axis',(0.707106781186548,0.707106781186547,0.));
#7793=DIRECTION('',(1.,0.,0.));
#7794=DIRECTION('center_axis',(0.,0.,-1.));
#7795=DIRECTION('ref_axis',(-0.707106781186548,0.707106781186547,0.));
#7796=DIRECTION('',(0.,1.,0.));
#7797=DIRECTION('center_axis',(0.,0.,1.));
#7798=DIRECTION('ref_axis',(0.707106781186548,-0.707106781186548,0.));
#7799=DIRECTION('',(1.,0.,0.));
#7800=DIRECTION('center_axis',(0.,0.,1.));
#7801=DIRECTION('ref_axis',(-0.707106781186541,-0.707106781186554,0.));
#7802=DIRECTION('',(0.,-1.,0.));
#7803=DIRECTION('',(1.,0.,0.));
#7804=DIRECTION('center_axis',(0.,0.,1.));
#7805=DIRECTION('ref_axis',(-0.707106781186549,-0.707106781186547,0.));
#7806=DIRECTION('',(1.52799477158579E-17,-1.,0.));
#7807=DIRECTION('center_axis',(0.,0.,1.));
#7808=DIRECTION('ref_axis',(-0.707106781186547,0.707106781186548,0.));
#7809=DIRECTION('',(-1.,0.,0.));
#7810=DIRECTION('center_axis',(0.,0.,1.));
#7811=DIRECTION('ref_axis',(0.707106781186553,0.707106781186543,0.));
#7812=DIRECTION('',(0.,1.,0.));
#7813=DIRECTION('center_axis',(0.,0.,1.));
#7814=DIRECTION('ref_axis',(0.707106781186554,-0.707106781186541,0.));
#7815=DIRECTION('',(1.,0.,0.));
#7816=DIRECTION('center_axis',(0.,0.5,-0.866025403784439));
#7817=DIRECTION('ref_axis',(-1.,0.,0.));
#7818=DIRECTION('center_axis',(0.,0.5,-0.866025403784439));
#7819=DIRECTION('ref_axis',(0.,-0.866025403784439,-0.5));
#7820=DIRECTION('',(-1.,0.,0.));
#7821=DIRECTION('center_axis',(0.,0.5,-0.866025403784439));
#7822=DIRECTION('ref_axis',(0.,-0.866025403784439,-0.5));
#7823=DIRECTION('',(0.447213595499963,-0.774596669241481,-0.447213595499957));
#7824=DIRECTION('center_axis',(0.447213595499963,-0.774596669241481,-0.447213595499957));
#7825=DIRECTION('ref_axis',(0.393765191099572,-0.278434036821722,0.876027089431301));
#7826=DIRECTION('center_axis',(-1.,0.,0.));
#7827=DIRECTION('ref_axis',(0.,0.866025403784439,0.5));
#7828=DIRECTION('',(-0.447213595499963,0.774596669241481,0.447213595499957));
#7829=DIRECTION('center_axis',(0.,0.,1.));
#7830=DIRECTION('ref_axis',(0.707106781186547,-0.707106781186547,0.));
#7831=DIRECTION('',(0.,0.,-1.));
#7832=DIRECTION('',(0.,0.,1.));
#7833=DIRECTION('center_axis',(-0.707106781186543,0.,0.707106781186552));
#7834=DIRECTION('ref_axis',(0.707106781186552,0.,0.707106781186543));
#7835=DIRECTION('',(0.707106781186552,0.,0.707106781186543));
#7836=DIRECTION('',(-0.707106781186552,0.,-0.707106781186543));
#7837=DIRECTION('',(0.,-1.,0.));
#7838=DIRECTION('center_axis',(0.,0.,1.));
#7839=DIRECTION('ref_axis',(0.707106781186547,-0.707106781186547,0.));
#7840=DIRECTION('center_axis',(0.,0.,-1.));
#7841=DIRECTION('ref_axis',(0.707106781186548,-0.707106781186548,0.));
#7842=DIRECTION('',(0.,-0.707106781186546,0.707106781186549));
#7843=DIRECTION('center_axis',(0.,0.707106781186549,0.707106781186546));
#7844=DIRECTION('ref_axis',(1.,0.,0.));
#7845=DIRECTION('',(-1.25607396694702E-14,-0.707106781186546,0.707106781186549));
#7846=DIRECTION('',(-1.,0.,0.));
#7847=DIRECTION('center_axis',(0.,0.,1.));
#7848=DIRECTION('ref_axis',(-0.707106781186541,-0.707106781186554,0.));
#7849=DIRECTION('center_axis',(0.,0.,-1.));
#7850=DIRECTION('ref_axis',(-0.707106781186541,-0.707106781186554,0.));
#7851=DIRECTION('',(-0.707106781186547,0.,0.707106781186547));
#7852=DIRECTION('center_axis',(0.707106781186548,0.,0.707106781186548));
#7853=DIRECTION('ref_axis',(0.707106781186548,0.,-0.707106781186548));
#7854=DIRECTION('',(-0.707106781186547,0.,0.707106781186547));
#7855=DIRECTION('',(0.,1.,0.));
#7856=DIRECTION('center_axis',(0.,0.707106781186549,0.707106781186546));
#7857=DIRECTION('ref_axis',(1.,0.,0.));
#7858=DIRECTION('',(0.,-0.707106781186546,0.707106781186549));
#7859=DIRECTION('',(0.,0.707106781186546,-0.707106781186549));
#7860=DIRECTION('',(-1.,0.,0.));
#7861=DIRECTION('center_axis',(0.,0.707106781186549,0.707106781186546));
#7862=DIRECTION('ref_axis',(1.,0.,0.));
#7863=DIRECTION('',(4.71027737605133E-15,-0.707106781186546,0.707106781186549));
#7864=DIRECTION('',(0.,0.707106781186546,-0.707106781186549));
#7865=DIRECTION('',(-1.,0.,0.));
#7866=DIRECTION('center_axis',(0.,0.,1.));
#7867=DIRECTION('ref_axis',(-0.707106781186549,-0.707106781186546,0.));
#7868=DIRECTION('center_axis',(0.,0.,-1.));
#7869=DIRECTION('ref_axis',(-0.707106781186549,-0.707106781186547,0.));
#7870=DIRECTION('',(-0.707106781186547,0.,0.707106781186548));
#7871=DIRECTION('center_axis',(0.707106781186549,1.0804554646059E-17,0.707106781186546));
#7872=DIRECTION('ref_axis',(0.707106781186546,0.,-0.707106781186549));
#7873=DIRECTION('',(-0.707106781186546,3.14018491736756E-15,0.707106781186549));
#7874=DIRECTION('',(-1.52799477158579E-17,1.,0.));
#7875=DIRECTION('center_axis',(0.,0.,1.));
#7876=DIRECTION('ref_axis',(-0.707106781186547,0.707106781186548,0.));
#7877=DIRECTION('center_axis',(0.,0.,-1.));
#7878=DIRECTION('ref_axis',(-0.707106781186547,0.707106781186548,0.));
#7879=DIRECTION('',(1.96261557335472E-16,0.707106781186547,0.707106781186548));
#7880=DIRECTION('center_axis',(0.,-0.707106781186548,0.707106781186548));
#7881=DIRECTION('ref_axis',(1.,0.,0.));
#7882=DIRECTION('',(-2.51214793389404E-14,0.707106781186547,0.707106781186547));
#7883=DIRECTION('center_axis',(0.,0.,1.));
#7884=DIRECTION('ref_axis',(0.707106781186552,0.707106781186543,0.));
#7885=DIRECTION('center_axis',(0.,0.,-1.));
#7886=DIRECTION('ref_axis',(0.707106781186553,0.707106781186543,0.));
#7887=DIRECTION('',(0.70710678118654,-1.96261557335474E-16,0.707106781186555));
#7888=DIRECTION('center_axis',(-0.707106781186543,0.,0.707106781186552));
#7889=DIRECTION('ref_axis',(0.707106781186552,0.,0.707106781186543));
#7890=DIRECTION('',(0.707106781186552,0.,0.707106781186543));
#7891=DIRECTION('',(0.,-1.,0.));
#7892=DIRECTION('center_axis',(0.,0.,1.));
#7893=DIRECTION('ref_axis',(0.707106781186554,-0.707106781186541,0.));
#7894=DIRECTION('center_axis',(0.,0.,-1.));
#7895=DIRECTION('ref_axis',(0.707106781186554,-0.707106781186541,0.));
#7896=DIRECTION('center_axis',(0.,0.,-1.));
#7897=DIRECTION('ref_axis',(-0.707106781186552,0.707106781186543,0.));
#7898=DIRECTION('center_axis',(0.,0.,1.));
#7899=DIRECTION('ref_axis',(-0.707106781186552,0.707106781186543,0.));
#7900=DIRECTION('center_axis',(0.,0.,-1.));
#7901=DIRECTION('ref_axis',(0.707106781186548,0.707106781186548,0.));
#7902=DIRECTION('center_axis',(0.,0.,1.));
#7903=DIRECTION('ref_axis',(0.707106781186548,0.707106781186548,0.));
#7904=DIRECTION('center_axis',(0.,0.,1.));
#7905=DIRECTION('ref_axis',(0.707106781186554,-0.707106781186541,0.));
#7906=DIRECTION('',(0.,0.,-1.));
#7907=DIRECTION('',(0.,0.,1.));
#7908=DIRECTION('center_axis',(-1.,0.,0.));
#7909=DIRECTION('ref_axis',(0.,-1.,0.));
#7910=DIRECTION('',(0.,0.,1.));
#7911=DIRECTION('center_axis',(0.,0.,1.));
#7912=DIRECTION('ref_axis',(0.707106781186553,0.707106781186543,0.));
#7913=DIRECTION('center_axis',(0.,0.,1.));
#7914=DIRECTION('ref_axis',(-0.707106781186547,0.707106781186548,0.));
#7915=DIRECTION('',(0.,0.,-1.));
#7916=DIRECTION('center_axis',(1.,1.52799477158579E-17,0.));
#7917=DIRECTION('ref_axis',(-1.52799477158579E-17,1.,0.));
#7918=DIRECTION('',(0.,0.,1.));
#7919=DIRECTION('center_axis',(0.,0.,1.));
#7920=DIRECTION('ref_axis',(-0.707106781186548,-0.707106781186547,0.));
#7921=DIRECTION('',(0.,0.,-1.));
#7922=DIRECTION('center_axis',(0.,1.,0.));
#7923=DIRECTION('ref_axis',(-1.,0.,0.));
#7924=DIRECTION('',(0.,0.,1.));
#7925=DIRECTION('center_axis',(0.707106781186543,0.,0.707106781186552));
#7926=DIRECTION('ref_axis',(0.707106781186552,0.,-0.707106781186543));
#7927=DIRECTION('',(0.,1.,0.));
#7928=DIRECTION('',(-0.707106781186552,0.,0.707106781186543));
#7929=DIRECTION('center_axis',(0.,0.,-1.));
#7930=DIRECTION('ref_axis',(0.707106781186548,0.707106781186547,0.));
#7931=DIRECTION('center_axis',(0.,0.,1.));
#7932=DIRECTION('ref_axis',(0.707106781186548,0.707106781186547,0.));
#7933=DIRECTION('',(0.,-0.707106781186546,0.707106781186549));
#7934=DIRECTION('center_axis',(0.,0.707106781186547,0.707106781186548));
#7935=DIRECTION('ref_axis',(1.,0.,0.));
#7936=DIRECTION('',(0.,-0.707106781186548,0.707106781186547));
#7937=DIRECTION('',(-1.,0.,0.));
#7938=DIRECTION('center_axis',(0.,0.,-1.));
#7939=DIRECTION('ref_axis',(-0.707106781186548,0.707106781186547,0.));
#7940=DIRECTION('center_axis',(0.,0.,1.));
#7941=DIRECTION('ref_axis',(-0.707106781186548,0.707106781186547,0.));
#7942=DIRECTION('center_axis',(0.,0.,1.));
#7943=DIRECTION('ref_axis',(-0.707106781186548,0.707106781186547,0.));
#7944=DIRECTION('',(0.,0.,-1.));
#7945=DIRECTION('center_axis',(-1.0723930924262E-16,-0.258819045102522,
-0.965925826289068));
#7946=DIRECTION('ref_axis',(4.00222550662053E-16,-0.965925826289068,0.258819045102522));
#7947=DIRECTION('',(0.,0.,1.));
#7948=DIRECTION('center_axis',(0.,1.,0.));
#7949=DIRECTION('ref_axis',(-1.,0.,0.));
#7950=DIRECTION('',(0.,0.,1.));
#7951=DIRECTION('',(1.,0.,0.));
#7952=DIRECTION('center_axis',(0.,0.,1.));
#7953=DIRECTION('ref_axis',(0.707106781186548,0.707106781186547,0.));
#7954=DIRECTION('',(0.,0.,-1.));
#7955=DIRECTION('center_axis',(5.36196546213101E-17,0.258819045102522,0.965925826289068));
#7956=DIRECTION('ref_axis',(2.00111275331023E-16,0.965925826289068,-0.258819045102522));
#7957=DIRECTION('center_axis',(1.,0.,0.));
#7958=DIRECTION('ref_axis',(0.,1.,0.));
#7959=DIRECTION('',(0.,-0.99144486137381,0.130526192220052));
#7960=DIRECTION('',(0.,-0.5,-0.866025403784439));
#7961=DIRECTION('',(0.707471856564455,0.0740631687571443,0.702850068793405));
#7962=DIRECTION('',(0.,0.659345815100071,-0.751839807478975));
#7963=DIRECTION('',(0.707471856564456,-0.0740631687571442,-0.702850068793404));
#7964=DIRECTION('',(-6.46045299067362E-16,-0.659345815100071,0.751839807478975));
#7965=DIRECTION('center_axis',(0.,-0.751839807478976,-0.659345815100071));
#7966=DIRECTION('ref_axis',(-1.,0.,0.));
#7967=DIRECTION('',(-1.,0.,0.));
#7968=DIRECTION('center_axis',(0.707106781186543,-0.0922959556412579,-0.701057384649982));
#7969=DIRECTION('ref_axis',(-0.704062592219641,0.,-0.710137920573855));
#7970=DIRECTION('',(-0.707106781186552,-0.0922959556412575,-0.701057384649973));
#7971=DIRECTION('',(0.707106781186552,0.0922959556412575,0.701057384649973));
#7972=DIRECTION('',(-0.710484088629237,-0.141443466082746,-0.689351946183647));
#7973=DIRECTION('',(0.,0.896872741532688,0.442288690219002));
#7974=DIRECTION('center_axis',(0.,0.442288690219001,-0.896872741532688));
#7975=DIRECTION('ref_axis',(-1.,0.,0.));
#7976=DIRECTION('',(-5.34101551372719E-15,0.896872741532688,0.442288690219002));
#7977=DIRECTION('',(1.,0.,0.));
#7978=DIRECTION('',(-0.71048408862924,0.141443466082745,0.689351946183644));
#7979=DIRECTION('center_axis',(-0.707106781186547,-0.0922959556412573,-0.701057384649978));
#7980=DIRECTION('ref_axis',(-0.704062592219637,0.,0.71013792057386));
#7981=DIRECTION('',(0.707106781186547,-0.0922959556412579,-0.701057384649978));
#7982=DIRECTION('',(-0.707106781186547,0.0922959556412579,0.701057384649978));
#7983=DIRECTION('',(0.,0.99144486137381,-0.130526192220052));
#7984=DIRECTION('center_axis',(0.,-0.5,-0.866025403784439));
#7985=DIRECTION('ref_axis',(0.707106781186548,0.612372435695794,-0.353553390593273));
#7986=DIRECTION('',(0.,0.5,0.866025403784439));
#7987=DIRECTION('center_axis',(0.,0.866025403784439,-0.5));
#7988=DIRECTION('ref_axis',(0.,-0.5,-0.866025403784439));
#7989=DIRECTION('',(0.,-0.5,-0.866025403784439));
#7990=DIRECTION('center_axis',(0.,0.5,0.866025403784439));
#7991=DIRECTION('ref_axis',(-0.707106781186547,0.612372435695795,-0.353553390593274));
#7992=DIRECTION('',(0.,0.5,0.866025403784439));
#7993=DIRECTION('center_axis',(-1.,0.,0.));
#7994=DIRECTION('ref_axis',(0.,-1.,0.));
#7995=DIRECTION('',(0.,0.,-1.));
#7996=DIRECTION('center_axis',(0.,1.,0.));
#7997=DIRECTION('ref_axis',(-1.,0.,0.));
#7998=DIRECTION('',(0.,0.,-1.));
#7999=DIRECTION('center_axis',(0.,0.,1.));
#8000=DIRECTION('ref_axis',(-0.707106781186554,0.707106781186541,0.));
#8001=DIRECTION('',(0.,0.,1.));
#8002=DIRECTION('center_axis',(-1.,0.,0.));
#8003=DIRECTION('ref_axis',(0.,-1.,0.));
#8004=DIRECTION('',(0.,0.,-1.));
#8005=DIRECTION('center_axis',(0.,0.,1.));
#8006=DIRECTION('ref_axis',(0.707106781186548,-0.707106781186548,0.));
#8007=DIRECTION('',(0.,0.,1.));
#8008=DIRECTION('center_axis',(0.,0.,1.));
#8009=DIRECTION('ref_axis',(-0.707106781186541,-0.707106781186554,0.));
#8010=DIRECTION('',(0.,0.,-1.));
#8011=DIRECTION('',(0.,0.,1.));
#8012=DIRECTION('center_axis',(0.,1.,0.));
#8013=DIRECTION('ref_axis',(-1.,0.,0.));
#8014=DIRECTION('center_axis',(0.,0.,1.));
#8015=DIRECTION('ref_axis',(0.707106781186548,0.707106781186548,0.));
#8016=DIRECTION('',(0.,0.,-1.));
#8017=DIRECTION('center_axis',(1.,0.,0.));
#8018=DIRECTION('ref_axis',(0.,1.,0.));
#8019=DIRECTION('center_axis',(0.,-1.,0.));
#8020=DIRECTION('ref_axis',(1.,0.,0.));
#8021=DIRECTION('',(0.,0.,1.));
#8022=DIRECTION('center_axis',(0.,0.,1.));
#8023=DIRECTION('ref_axis',(-0.707106781186547,-0.707106781186547,0.));
#8024=CARTESIAN_POINT('',(0.,0.,0.));
#8025=CARTESIAN_POINT('Origin',(131.816276841662,-83.692803538802,-1.55338366213914));
#8026=CARTESIAN_POINT('',(131.816276841662,-83.6928035388021,-1.55338366213914));
#8027=CARTESIAN_POINT('',(131.816276841662,-87.9381676629532,-0.994470872026707));
#8028=CARTESIAN_POINT('',(131.816276841662,-69.5368232857622,-3.41705381824968));
#8029=CARTESIAN_POINT('',(131.816276841662,-83.627540442692,-1.05766123145223));
#8030=CARTESIAN_POINT('',(131.816276841662,-83.6928035388021,-1.55338366213914));
#8031=CARTESIAN_POINT('',(131.816276841662,-87.8729045668432,-0.498748441339802));
#8032=CARTESIAN_POINT('',(131.816276841662,-87.8729045668432,-0.498748441339802));
#8033=CARTESIAN_POINT('',(131.816276841662,-87.9381676629532,-0.994470872026707));
#8034=CARTESIAN_POINT('Origin',(135.857767769001,-83.6928035388021,-1.55338366213914));
#8035=CARTESIAN_POINT('',(138.899258681438,-81.0541848534436,-1.90076440224734));
#8036=CARTESIAN_POINT('Origin',(135.857767769001,-83.6928035388021,-1.55338366213909));
#8037=CARTESIAN_POINT('',(138.899258681438,-80.9889217573336,-1.40504197156044));
#8038=CARTESIAN_POINT('',(138.899258681438,-81.0541848534436,-1.90076440224734));
#8039=CARTESIAN_POINT('Origin',(135.857767769001,-83.627540442692,-1.05766123145223));
#8040=CARTESIAN_POINT('Origin',(141.940749593876,-83.6928035388021,-1.55338366213914));
#8041=CARTESIAN_POINT('',(145.982240521214,-83.6928035388021,-1.55338366213914));
#8042=CARTESIAN_POINT('Origin',(141.940749593876,-83.6928035388021,-1.55338366213909));
#8043=CARTESIAN_POINT('',(145.982240521214,-83.627540442692,-1.05766123145223));
#8044=CARTESIAN_POINT('',(145.982240521214,-83.6928035388021,-1.55338366213914));
#8045=CARTESIAN_POINT('Origin',(141.940749593876,-83.627540442692,-1.05766123145223));
#8046=CARTESIAN_POINT('Origin',(145.982240521214,-87.9381676629532,-0.994470872026707));
#8047=CARTESIAN_POINT('',(145.982240521214,-87.9381676629532,-0.994470872026707));
#8048=CARTESIAN_POINT('',(145.982240521214,-71.6595053478377,-3.13759742319347));
#8049=CARTESIAN_POINT('',(145.982240521214,-87.8729045668432,-0.498748441339802));
#8050=CARTESIAN_POINT('',(145.982240521214,-87.9381676629532,-0.994470872026707));
#8051=CARTESIAN_POINT('',(145.982240521214,-87.8729045668432,-0.498748441339802));
#8052=CARTESIAN_POINT('Origin',(145.482240521214,-87.9381676629532,-0.994470872026707));
#8053=CARTESIAN_POINT('',(145.482240521214,-88.4338900936401,-0.929207775916681));
#8054=CARTESIAN_POINT('Origin',(145.482240521214,-87.9381676629532,-0.994470872026658));
#8055=CARTESIAN_POINT('',(145.482240521214,-88.3686269975301,-0.433485345229775));
#8056=CARTESIAN_POINT('',(145.482240521214,-88.4338900936401,-0.929207775916681));
#8057=CARTESIAN_POINT('Origin',(145.482240521214,-87.8729045668432,-0.498748441339802));
#8058=CARTESIAN_POINT('Origin',(144.482240506313,-88.4338900936401,-0.929207775916681));
#8059=CARTESIAN_POINT('',(144.482240506313,-88.4338900936401,-0.929207775916681));
#8060=CARTESIAN_POINT('',(143.678620253157,-88.4338900936401,-0.92920777591666));
#8061=CARTESIAN_POINT('',(144.482240506313,-88.3686269975301,-0.433485345229775));
#8062=CARTESIAN_POINT('',(144.482240506313,-88.4338900936401,-0.929207775916681));
#8063=CARTESIAN_POINT('',(144.482240506313,-88.3686269975301,-0.433485345229775));
#8064=CARTESIAN_POINT('Origin',(144.482240506313,-87.9381676629532,-0.994470872026709));
#8065=CARTESIAN_POINT('',(143.982240506313,-87.9381676629532,-0.994470872026707));
#8066=CARTESIAN_POINT('Origin',(144.482240506313,-87.9381676629532,-0.99447087202666));
#8067=CARTESIAN_POINT('',(143.982240506313,-87.8729045668432,-0.498748441339802));
#8068=CARTESIAN_POINT('',(143.982240506313,-87.9381676629532,-0.994470872026707));
#8069=CARTESIAN_POINT('Origin',(144.482240506313,-87.8729045668432,-0.498748441339804));
#8070=CARTESIAN_POINT('Origin',(143.982240506313,-83.6928035388021,-1.55338366213914));
#8071=CARTESIAN_POINT('',(143.982240506313,-83.6928035388021,-1.55338366213914));
#8072=CARTESIAN_POINT('',(143.982240506313,-69.5368232857622,-3.41705381824968));
#8073=CARTESIAN_POINT('',(143.982240506313,-83.627540442692,-1.05766123145223));
#8074=CARTESIAN_POINT('',(143.982240506313,-83.6928035388021,-1.55338366213914));
#8075=CARTESIAN_POINT('',(143.982240506313,-87.8729045668432,-0.498748441339802));
#8076=CARTESIAN_POINT('Origin',(141.940749593876,-83.6928035388021,-1.55338366213914));
#8077=CARTESIAN_POINT('',(139.899258681438,-83.6928035388021,-1.55338366213913));
#8078=CARTESIAN_POINT('Origin',(141.940749593876,-83.6928035388021,-1.55338366213909));
#8079=CARTESIAN_POINT('',(139.899258681438,-83.627540442692,-1.05766123145223));
#8080=CARTESIAN_POINT('',(139.899258681438,-83.6928035388021,-1.55338366213913));
#8081=CARTESIAN_POINT('Origin',(141.940749593876,-83.627540442692,-1.05766123145223));
#8082=CARTESIAN_POINT('Origin',(139.899258681438,-87.9381676629532,-0.994470872026707));
#8083=CARTESIAN_POINT('',(139.899258681438,-87.9381676629532,-0.994470872026707));
#8084=CARTESIAN_POINT('',(139.899258681438,-71.6595053478377,-3.13759742319347));
#8085=CARTESIAN_POINT('',(139.899258681438,-87.8729045668432,-0.498748441339802));
#8086=CARTESIAN_POINT('',(139.899258681438,-87.9381676629532,-0.994470872026707));
#8087=CARTESIAN_POINT('',(139.899258681438,-87.8729045668432,-0.498748441339802));
#8088=CARTESIAN_POINT('Origin',(139.399258681438,-87.9381676629532,-0.994470872026709));
#8089=CARTESIAN_POINT('',(139.399258681438,-88.4338900936401,-0.929207775916681));
#8090=CARTESIAN_POINT('Origin',(139.399258681438,-87.9381676629532,-0.99447087202666));
#8091=CARTESIAN_POINT('',(139.399258681438,-88.3686269975301,-0.433485345229775));
#8092=CARTESIAN_POINT('',(139.399258681438,-88.4338900936401,-0.929207775916681));
#8093=CARTESIAN_POINT('Origin',(139.399258681438,-87.8729045668432,-0.498748441339804));
#8094=CARTESIAN_POINT('Origin',(138.399258666537,-88.4338900936401,-0.929207775916681));
#8095=CARTESIAN_POINT('',(138.399258666537,-88.4338900936401,-0.929207775916681));
#8096=CARTESIAN_POINT('',(140.637129333269,-88.4338900936401,-0.929207775916661));
#8097=CARTESIAN_POINT('',(138.399258666537,-88.3686269975301,-0.433485345229775));
#8098=CARTESIAN_POINT('',(138.399258666537,-88.4338900936401,-0.929207775916681));
#8099=CARTESIAN_POINT('',(138.399258666537,-88.3686269975301,-0.433485345229775));
#8100=CARTESIAN_POINT('Origin',(138.399258666537,-87.9381676629532,-0.994470872026707));
#8101=CARTESIAN_POINT('',(137.899258666537,-87.9381676629532,-0.994470872026707));
#8102=CARTESIAN_POINT('Origin',(138.399258666537,-87.9381676629532,-0.994470872026658));
#8103=CARTESIAN_POINT('',(137.899258666537,-87.8729045668432,-0.498748441339802));
#8104=CARTESIAN_POINT('',(137.899258666537,-87.9381676629532,-0.994470872026707));
#8105=CARTESIAN_POINT('Origin',(138.399258666537,-87.8729045668432,-0.498748441339802));
#8106=CARTESIAN_POINT('Origin',(137.899258666537,-83.692803538802,-1.55338366213914));
#8107=CARTESIAN_POINT('',(137.899258666537,-83.6928035388021,-1.55338366213914));
#8108=CARTESIAN_POINT('',(137.899258666537,-69.5368232857622,-3.41705381824968));
#8109=CARTESIAN_POINT('',(137.899258666537,-83.627540442692,-1.05766123145223));
#8110=CARTESIAN_POINT('',(137.899258666537,-83.6928035388021,-1.55338366213914));
#8111=CARTESIAN_POINT('',(137.899258666537,-87.8729045668432,-0.498748441339802));
#8112=CARTESIAN_POINT('Origin',(135.857767769001,-83.6928035388021,-1.55338366213914));
#8113=CARTESIAN_POINT('',(133.816276871464,-83.6928035388021,-1.55338366213914));
#8114=CARTESIAN_POINT('Origin',(135.857767769001,-83.6928035388021,-1.55338366213909));
#8115=CARTESIAN_POINT('',(133.816276871464,-83.627540442692,-1.05766123145223));
#8116=CARTESIAN_POINT('',(133.816276871464,-83.6928035388021,-1.55338366213914));
#8117=CARTESIAN_POINT('Origin',(135.857767769001,-83.627540442692,-1.05766123145223));
#8118=CARTESIAN_POINT('Origin',(133.816276871464,-87.9381676629532,-0.994470872026707));
#8119=CARTESIAN_POINT('',(133.816276871464,-87.9381676629532,-0.994470872026707));
#8120=CARTESIAN_POINT('',(133.816276871464,-71.6595053478378,-3.13759742319347));
#8121=CARTESIAN_POINT('',(133.816276871464,-87.8729045668432,-0.498748441339802));
#8122=CARTESIAN_POINT('',(133.816276871464,-87.9381676629532,-0.994470872026707));
#8123=CARTESIAN_POINT('',(133.816276871464,-87.8729045668432,-0.498748441339802));
#8124=CARTESIAN_POINT('Origin',(133.316276871464,-87.9381676629532,-0.994470872026709));
#8125=CARTESIAN_POINT('',(133.316276871464,-88.4338900936401,-0.929207775916681));
#8126=CARTESIAN_POINT('Origin',(133.316276871464,-87.9381676629532,-0.99447087202666));
#8127=CARTESIAN_POINT('',(133.316276871464,-88.3686269975301,-0.433485345229775));
#8128=CARTESIAN_POINT('',(133.316276871464,-88.4338900936401,-0.929207775916681));
#8129=CARTESIAN_POINT('Origin',(133.316276871464,-87.8729045668432,-0.498748441339804));
#8130=CARTESIAN_POINT('Origin',(132.316276841662,-88.4338900936401,-0.929207775916681));
#8131=CARTESIAN_POINT('',(132.316276841662,-88.4338900936401,-0.929207775916681));
#8132=CARTESIAN_POINT('',(137.595638420831,-88.4338900936401,-0.929207775916661));
#8133=CARTESIAN_POINT('',(132.316276841662,-88.3686269975301,-0.433485345229775));
#8134=CARTESIAN_POINT('',(132.316276841662,-88.4338900936401,-0.929207775916681));
#8135=CARTESIAN_POINT('',(132.316276841662,-88.3686269975301,-0.433485345229775));
#8136=CARTESIAN_POINT('Origin',(132.316276841662,-87.9381676629532,-0.994470872026709));
#8137=CARTESIAN_POINT('Origin',(132.316276841662,-87.9381676629532,-0.99447087202666));
#8138=CARTESIAN_POINT('Origin',(132.316276841662,-87.8729045668432,-0.498748441339804));
#8139=CARTESIAN_POINT('Origin',(138.899258681438,-83.9946260140117,-1.0093334991597));
#8140=CARTESIAN_POINT('Origin',(170.959036179683,-78.1575848973864,-2.28210902097382));
#8141=CARTESIAN_POINT('',(170.959036179683,-77.6618624666996,-2.34737211708385));
#8142=CARTESIAN_POINT('',(170.459036179683,-78.1575848973865,-2.28210902097382));
#8143=CARTESIAN_POINT('Origin',(170.959036179683,-78.1575848973864,-2.28210902097377));
#8144=CARTESIAN_POINT('',(170.959036179683,-77.5965993705895,-1.85164968639694));
#8145=CARTESIAN_POINT('',(170.959036179683,-77.6618624666996,-2.34737211708385));
#8146=CARTESIAN_POINT('',(170.459036179683,-78.0923218012765,-1.78638659028691));
#8147=CARTESIAN_POINT('Origin',(170.959036179683,-78.0923218012764,-1.78638659028692));
#8148=CARTESIAN_POINT('',(170.459036179683,-78.1575848973865,-2.28210902097382));
#8149=CARTESIAN_POINT('Origin',(171.959036179683,-77.6618624666996,-2.34737211708385));
#8150=CARTESIAN_POINT('',(171.959036179683,-77.6618624666996,-2.34737211708385));
#8151=CARTESIAN_POINT('',(157.417018089842,-77.6618624666996,-2.34737211708382));
#8152=CARTESIAN_POINT('',(171.959036179683,-77.5965993705895,-1.85164968639694));
#8153=CARTESIAN_POINT('',(171.959036179683,-77.6618624666996,-2.34737211708385));
#8154=CARTESIAN_POINT('',(170.959036179683,-77.5965993705895,-1.85164968639694));
#8155=CARTESIAN_POINT('Origin',(171.959036179683,-78.1575848973864,-2.28210902097382));
#8156=CARTESIAN_POINT('',(172.459036179683,-78.1575848973865,-2.28210902097382));
#8157=CARTESIAN_POINT('Origin',(171.959036179683,-78.1575848973864,-2.28210902097377));
#8158=CARTESIAN_POINT('',(172.459036179683,-78.0923218012765,-1.78638659028691));
#8159=CARTESIAN_POINT('',(172.459036179683,-78.1575848973865,-2.28210902097382));
#8160=CARTESIAN_POINT('Origin',(171.959036179683,-78.0923218012764,-1.78638659028692));
#8161=CARTESIAN_POINT('Origin',(172.459036179683,-79.8776233202363,-2.05566166665935));
#8162=CARTESIAN_POINT('',(172.459036179683,-79.8776233202363,-2.05566166665935));
#8163=CARTESIAN_POINT('',(172.459036179683,-67.6292331764793,-3.66819282050978));
#8164=CARTESIAN_POINT('',(172.459036179683,-79.8123602241263,-1.55993923597244));
#8165=CARTESIAN_POINT('',(172.459036179683,-79.8776233202363,-2.05566166665935));
#8166=CARTESIAN_POINT('',(172.459036179683,-79.8123602241263,-1.55993923597244));
#8167=CARTESIAN_POINT('Origin',(174.308187791011,-79.8776233202363,-2.05566166665935));
#8168=CARTESIAN_POINT('',(174.308187791011,-79.8776233202363,-2.05566166665935));
#8169=CARTESIAN_POINT('',(158.591593895506,-79.8776233202364,-2.05566166665932));
#8170=CARTESIAN_POINT('',(174.308187791011,-79.8123602241263,-1.55993923597244));
#8171=CARTESIAN_POINT('',(174.308187791011,-79.8776233202363,-2.05566166665935));
#8172=CARTESIAN_POINT('',(174.308187791011,-79.8123602241263,-1.55993923597244));
#8173=CARTESIAN_POINT('Origin',(174.308187791011,-80.3733457509232,-1.99039857054932));
#8174=CARTESIAN_POINT('',(174.808187791011,-80.3733457509232,-1.99039857054932));
#8175=CARTESIAN_POINT('Origin',(174.308187791011,-80.3733457509232,-1.99039857054927));
#8176=CARTESIAN_POINT('',(174.808187791011,-80.3080826548132,-1.49467613986241));
#8177=CARTESIAN_POINT('',(174.808187791011,-80.3733457509232,-1.99039857054932));
#8178=CARTESIAN_POINT('Origin',(174.308187791011,-80.3080826548132,-1.49467613986242));
#8179=CARTESIAN_POINT('Origin',(174.808187791011,-81.3647906122971,-1.85987237832927));
#8180=CARTESIAN_POINT('',(174.808187791011,-81.3647906122971,-1.85987237832927));
#8181=CARTESIAN_POINT('',(174.808187791011,-68.3728168225096,-3.57029817634474));
#8182=CARTESIAN_POINT('',(174.808187791011,-81.299527516187,-1.36414994764236));
#8183=CARTESIAN_POINT('',(174.808187791011,-81.3647906122971,-1.85987237832927));
#8184=CARTESIAN_POINT('',(174.808187791011,-81.299527516187,-1.36414994764236));
#8185=CARTESIAN_POINT('Origin',(174.308187791011,-81.3647906122971,-1.85987237832927));
#8186=CARTESIAN_POINT('',(174.308187791011,-81.860513042984,-1.79460928221924));
#8187=CARTESIAN_POINT('Origin',(174.308187791011,-81.3647906122971,-1.85987237832922));
#8188=CARTESIAN_POINT('',(174.308187791011,-81.795249946874,-1.29888685153234));
#8189=CARTESIAN_POINT('',(174.308187791011,-81.860513042984,-1.79460928221924));
#8190=CARTESIAN_POINT('Origin',(174.308187791011,-81.299527516187,-1.36414994764237));
#8191=CARTESIAN_POINT('Origin',(172.459036179683,-81.860513042984,-1.79460928221924));
#8192=CARTESIAN_POINT('',(172.459036179683,-81.860513042984,-1.79460928221924));
#8193=CARTESIAN_POINT('',(157.667018089842,-81.860513042984,-1.79460928221921));
#8194=CARTESIAN_POINT('',(172.459036179683,-81.7952499468739,-1.29888685153234));
#8195=CARTESIAN_POINT('',(172.459036179683,-81.860513042984,-1.79460928221924));
#8196=CARTESIAN_POINT('',(174.308187791011,-81.7952499468739,-1.29888685153234));
#8197=CARTESIAN_POINT('Origin',(172.459036179683,-87.9381676629532,-0.994470872026711));
#8198=CARTESIAN_POINT('',(172.459036179683,-87.9381676629532,-0.994470872026711));
#8199=CARTESIAN_POINT('',(172.459036179683,-71.6595053478377,-3.13759742319347));
#8200=CARTESIAN_POINT('',(172.459036179683,-87.8729045668432,-0.498748441339806));
#8201=CARTESIAN_POINT('',(172.459036179683,-87.9381676629532,-0.994470872026711));
#8202=CARTESIAN_POINT('',(172.459036179683,-87.8729045668432,-0.498748441339809));
#8203=CARTESIAN_POINT('Origin',(171.959036179683,-87.9381676629532,-0.994470872026707));
#8204=CARTESIAN_POINT('',(171.959036179683,-88.4338900936401,-0.929207775916685));
#8205=CARTESIAN_POINT('Origin',(171.959036179683,-87.9381676629532,-0.994470872026655));
#8206=CARTESIAN_POINT('',(171.959036179683,-88.3686269975301,-0.43348534522978));
#8207=CARTESIAN_POINT('',(171.959036179683,-88.4338900936401,-0.929207775916685));
#8208=CARTESIAN_POINT('Origin',(171.959036179683,-87.8729045668432,-0.498748441339804));
#8209=CARTESIAN_POINT('Origin',(170.959036179683,-88.4338900936401,-0.929207775916685));
#8210=CARTESIAN_POINT('',(170.959036179683,-88.4338900936401,-0.929207775916685));
#8211=CARTESIAN_POINT('',(156.917018089842,-88.4338900936401,-0.929207775916661));
#8212=CARTESIAN_POINT('',(170.959036179683,-88.3686269975301,-0.43348534522978));
#8213=CARTESIAN_POINT('',(170.959036179683,-88.4338900936401,-0.929207775916685));
#8214=CARTESIAN_POINT('',(170.959036179683,-88.3686269975301,-0.433485345229782));
#8215=CARTESIAN_POINT('Origin',(170.959036179683,-87.9381676629532,-0.994470872026707));
#8216=CARTESIAN_POINT('',(170.459036179683,-87.9381676629532,-0.994470872026711));
#8217=CARTESIAN_POINT('Origin',(170.959036179683,-87.9381676629532,-0.994470872026655));
#8218=CARTESIAN_POINT('',(170.459036179683,-87.8729045668432,-0.498748441339806));
#8219=CARTESIAN_POINT('',(170.459036179683,-87.9381676629532,-0.994470872026711));
#8220=CARTESIAN_POINT('Origin',(170.959036179683,-87.8729045668432,-0.498748441339804));
#8221=CARTESIAN_POINT('Origin',(170.459036179683,-81.8605130429839,-1.79460928221924));
#8222=CARTESIAN_POINT('',(170.459036179683,-81.860513042984,-1.79460928221924));
#8223=CARTESIAN_POINT('',(170.459036179683,-68.6206780378531,-3.53766662828973));
#8224=CARTESIAN_POINT('',(170.459036179683,-81.7952499468739,-1.29888685153234));
#8225=CARTESIAN_POINT('',(170.459036179683,-81.860513042984,-1.79460928221924));
#8226=CARTESIAN_POINT('',(170.459036179683,-87.8729045668432,-0.498748441339809));
#8227=CARTESIAN_POINT('Origin',(169.436176606319,-81.860513042984,-1.79460928221924));
#8228=CARTESIAN_POINT('',(169.436176606319,-81.860513042984,-1.79460928221924));
#8229=CARTESIAN_POINT('',(156.15558830316,-81.860513042984,-1.79460928221922));
#8230=CARTESIAN_POINT('',(169.436176606319,-81.7952499468739,-1.29888685153234));
#8231=CARTESIAN_POINT('',(169.436176606319,-81.860513042984,-1.79460928221924));
#8232=CARTESIAN_POINT('',(170.459036179683,-81.7952499468739,-1.29888685153234));
#8233=CARTESIAN_POINT('Origin',(169.436176606319,-81.3647906122971,-1.85987237832927));
#8234=CARTESIAN_POINT('',(168.936176606319,-81.3647906122971,-1.85987237832927));
#8235=CARTESIAN_POINT('Origin',(169.436176606319,-81.3647906122971,-1.85987237832921));
#8236=CARTESIAN_POINT('',(168.936176606319,-81.299527516187,-1.36414994764236));
#8237=CARTESIAN_POINT('',(168.936176606319,-81.3647906122971,-1.85987237832927));
#8238=CARTESIAN_POINT('Origin',(169.436176606319,-81.2995275161871,-1.36414994764236));
#8239=CARTESIAN_POINT('Origin',(168.936176606319,-80.3733457509233,-1.99039857054932));
#8240=CARTESIAN_POINT('',(168.936176606319,-80.3733457509232,-1.99039857054932));
#8241=CARTESIAN_POINT('',(168.936176606319,-67.8770943918228,-3.63556127245477));
#8242=CARTESIAN_POINT('',(168.936176606319,-80.3080826548132,-1.49467613986241));
#8243=CARTESIAN_POINT('',(168.936176606319,-80.3733457509232,-1.99039857054932));
#8244=CARTESIAN_POINT('',(168.936176606319,-81.299527516187,-1.36414994764236));
#8245=CARTESIAN_POINT('Origin',(169.436176606319,-80.3733457509232,-1.99039857054932));
#8246=CARTESIAN_POINT('',(169.436176606319,-79.8776233202364,-2.05566166665935));
#8247=CARTESIAN_POINT('Origin',(169.436176606319,-80.3733457509232,-1.99039857054927));
#8248=CARTESIAN_POINT('',(169.436176606319,-79.8123602241263,-1.55993923597244));
#8249=CARTESIAN_POINT('',(169.436176606319,-79.8776233202364,-2.05566166665935));
#8250=CARTESIAN_POINT('Origin',(169.436176606319,-80.3080826548132,-1.49467613986242));
#8251=CARTESIAN_POINT('Origin',(170.459036179683,-79.8776233202364,-2.05566166665935));
#8252=CARTESIAN_POINT('',(170.459036179683,-79.8776233202364,-2.05566166665935));
#8253=CARTESIAN_POINT('',(156.667018089842,-79.8776233202364,-2.05566166665932));
#8254=CARTESIAN_POINT('',(170.459036179683,-79.8123602241263,-1.55993923597244));
#8255=CARTESIAN_POINT('',(170.459036179683,-79.8776233202364,-2.05566166665935));
#8256=CARTESIAN_POINT('',(170.459036179683,-79.8123602241263,-1.55993923597244));
#8257=CARTESIAN_POINT('Origin',(170.459036179683,-78.1575848973865,-2.28210902097382));
#8258=CARTESIAN_POINT('',(170.459036179683,-66.7692139650544,-3.78141649766702));
#8259=CARTESIAN_POINT('',(170.459036179683,-79.8123602241263,-1.55993923597244));
#8260=CARTESIAN_POINT('Origin',(171.872182198665,-82.9826131840598,-1.14256751581336));
#8261=CARTESIAN_POINT('Origin',(148.359872632525,-83.692803538802,-1.55338366213914));
#8262=CARTESIAN_POINT('',(148.359872632525,-83.6928035388021,-1.55338366213914));
#8263=CARTESIAN_POINT('',(148.359872632525,-87.9381676629532,-0.994470872026707));
#8264=CARTESIAN_POINT('',(148.359872632525,-69.5368232857622,-3.41705381824968));
#8265=CARTESIAN_POINT('',(148.359872632525,-83.627540442692,-1.05766123145223));
#8266=CARTESIAN_POINT('',(148.359872632525,-83.6928035388021,-1.55338366213914));
#8267=CARTESIAN_POINT('',(148.359872632525,-87.8729045668432,-0.498748441339802));
#8268=CARTESIAN_POINT('',(148.359872632525,-87.8729045668432,-0.498748441339802));
#8269=CARTESIAN_POINT('',(148.359872632525,-87.9381676629532,-0.994470872026707));
#8270=CARTESIAN_POINT('Origin',(152.401363559864,-83.692803538802,-1.55338366213914));
#8271=CARTESIAN_POINT('',(155.442854472301,-81.0541848534436,-1.90076440224734));
#8272=CARTESIAN_POINT('Origin',(152.401363559864,-83.692803538802,-1.55338366213909));
#8273=CARTESIAN_POINT('',(155.442854472301,-80.9889217573336,-1.40504197156044));
#8274=CARTESIAN_POINT('',(155.442854472301,-81.0541848534436,-1.90076440224734));
#8275=CARTESIAN_POINT('Origin',(152.401363559864,-83.627540442692,-1.05766123145223));
#8276=CARTESIAN_POINT('Origin',(158.484345384739,-83.6928035388021,-1.55338366213914));
#8277=CARTESIAN_POINT('',(162.525836312077,-83.6928035388021,-1.55338366213914));
#8278=CARTESIAN_POINT('Origin',(158.484345384739,-83.6928035388021,-1.55338366213909));
#8279=CARTESIAN_POINT('',(162.525836312077,-83.627540442692,-1.05766123145223));
#8280=CARTESIAN_POINT('',(162.525836312077,-83.6928035388021,-1.55338366213914));
#8281=CARTESIAN_POINT('Origin',(158.484345384739,-83.627540442692,-1.05766123145223));
#8282=CARTESIAN_POINT('Origin',(162.525836312077,-87.9381676629532,-0.994470872026707));
#8283=CARTESIAN_POINT('',(162.525836312077,-87.9381676629532,-0.994470872026707));
#8284=CARTESIAN_POINT('',(162.525836312077,-71.6595053478377,-3.13759742319347));
#8285=CARTESIAN_POINT('',(162.525836312077,-87.8729045668432,-0.498748441339802));
#8286=CARTESIAN_POINT('',(162.525836312077,-87.9381676629532,-0.994470872026707));
#8287=CARTESIAN_POINT('',(162.525836312077,-87.8729045668432,-0.498748441339802));
#8288=CARTESIAN_POINT('Origin',(162.025836312077,-87.9381676629532,-0.994470872026703));
#8289=CARTESIAN_POINT('',(162.025836312077,-88.4338900936401,-0.929207775916681));
#8290=CARTESIAN_POINT('Origin',(162.025836312077,-87.9381676629532,-0.994470872026655));
#8291=CARTESIAN_POINT('',(162.025836312077,-88.3686269975301,-0.433485345229775));
#8292=CARTESIAN_POINT('',(162.025836312077,-88.4338900936401,-0.929207775916681));
#8293=CARTESIAN_POINT('Origin',(162.025836312077,-87.8729045668432,-0.498748441339797));
#8294=CARTESIAN_POINT('Origin',(161.025836297176,-88.4338900936401,-0.929207775916681));
#8295=CARTESIAN_POINT('',(161.025836297176,-88.4338900936401,-0.929207775916681));
#8296=CARTESIAN_POINT('',(151.950418148588,-88.4338900936401,-0.929207775916661));
#8297=CARTESIAN_POINT('',(161.025836297176,-88.3686269975301,-0.433485345229775));
#8298=CARTESIAN_POINT('',(161.025836297176,-88.4338900936401,-0.929207775916681));
#8299=CARTESIAN_POINT('',(161.025836297176,-88.3686269975301,-0.433485345229775));
#8300=CARTESIAN_POINT('Origin',(161.025836297176,-87.9381676629532,-0.994470872026703));
#8301=CARTESIAN_POINT('',(160.525836297176,-87.9381676629532,-0.994470872026707));
#8302=CARTESIAN_POINT('Origin',(161.025836297176,-87.9381676629532,-0.994470872026655));
#8303=CARTESIAN_POINT('',(160.525836297176,-87.8729045668432,-0.498748441339802));
#8304=CARTESIAN_POINT('',(160.525836297176,-87.9381676629532,-0.994470872026707));
#8305=CARTESIAN_POINT('Origin',(161.025836297176,-87.8729045668432,-0.498748441339797));
#8306=CARTESIAN_POINT('Origin',(160.525836297176,-83.692803538802,-1.55338366213914));
#8307=CARTESIAN_POINT('',(160.525836297176,-83.6928035388021,-1.55338366213914));
#8308=CARTESIAN_POINT('',(160.525836297176,-69.5368232857621,-3.41705381824968));
#8309=CARTESIAN_POINT('',(160.525836297176,-83.627540442692,-1.05766123145223));
#8310=CARTESIAN_POINT('',(160.525836297176,-83.6928035388021,-1.55338366213914));
#8311=CARTESIAN_POINT('',(160.525836297176,-87.8729045668432,-0.498748441339802));
#8312=CARTESIAN_POINT('Origin',(158.484345384739,-83.6928035388021,-1.55338366213914));
#8313=CARTESIAN_POINT('',(156.442854472301,-83.6928035388021,-1.55338366213913));
#8314=CARTESIAN_POINT('Origin',(158.484345384739,-83.6928035388021,-1.55338366213909));
#8315=CARTESIAN_POINT('',(156.442854472301,-83.627540442692,-1.05766123145223));
#8316=CARTESIAN_POINT('',(156.442854472301,-83.6928035388021,-1.55338366213913));
#8317=CARTESIAN_POINT('Origin',(158.484345384739,-83.627540442692,-1.05766123145223));
#8318=CARTESIAN_POINT('Origin',(156.442854472301,-87.9381676629532,-0.994470872026707));
#8319=CARTESIAN_POINT('',(156.442854472301,-87.9381676629532,-0.994470872026707));
#8320=CARTESIAN_POINT('',(156.442854472301,-71.6595053478377,-3.13759742319347));
#8321=CARTESIAN_POINT('',(156.442854472301,-87.8729045668432,-0.498748441339802));
#8322=CARTESIAN_POINT('',(156.442854472301,-87.9381676629532,-0.994470872026707));
#8323=CARTESIAN_POINT('',(156.442854472301,-87.8729045668432,-0.498748441339802));
#8324=CARTESIAN_POINT('Origin',(155.942854472301,-87.9381676629532,-0.994470872026707));
#8325=CARTESIAN_POINT('',(155.942854472301,-88.4338900936401,-0.929207775916681));
#8326=CARTESIAN_POINT('Origin',(155.942854472301,-87.9381676629532,-0.99447087202666));
#8327=CARTESIAN_POINT('',(155.942854472301,-88.3686269975301,-0.433485345229775));
#8328=CARTESIAN_POINT('',(155.942854472301,-88.4338900936401,-0.929207775916681));
#8329=CARTESIAN_POINT('Origin',(155.942854472301,-87.8729045668432,-0.498748441339802));
#8330=CARTESIAN_POINT('Origin',(154.9428544574,-88.4338900936401,-0.929207775916681));
#8331=CARTESIAN_POINT('',(154.9428544574,-88.4338900936401,-0.929207775916681));
#8332=CARTESIAN_POINT('',(148.9089272287,-88.4338900936401,-0.929207775916662));
#8333=CARTESIAN_POINT('',(154.9428544574,-88.3686269975301,-0.433485345229775));
#8334=CARTESIAN_POINT('',(154.9428544574,-88.4338900936401,-0.929207775916681));
#8335=CARTESIAN_POINT('',(154.9428544574,-88.3686269975301,-0.433485345229775));
#8336=CARTESIAN_POINT('Origin',(154.9428544574,-87.9381676629532,-0.994470872026703));
#8337=CARTESIAN_POINT('',(154.4428544574,-87.9381676629532,-0.994470872026707));
#8338=CARTESIAN_POINT('Origin',(154.9428544574,-87.9381676629532,-0.994470872026655));
#8339=CARTESIAN_POINT('',(154.4428544574,-87.8729045668432,-0.498748441339802));
#8340=CARTESIAN_POINT('',(154.4428544574,-87.9381676629532,-0.994470872026707));
#8341=CARTESIAN_POINT('Origin',(154.9428544574,-87.8729045668432,-0.498748441339797));
#8342=CARTESIAN_POINT('Origin',(154.4428544574,-83.692803538802,-1.55338366213914));
#8343=CARTESIAN_POINT('',(154.4428544574,-83.692803538802,-1.55338366213914));
#8344=CARTESIAN_POINT('',(154.4428544574,-69.5368232857621,-3.41705381824969));
#8345=CARTESIAN_POINT('',(154.4428544574,-83.627540442692,-1.05766123145223));
#8346=CARTESIAN_POINT('',(154.4428544574,-83.692803538802,-1.55338366213914));
#8347=CARTESIAN_POINT('',(154.4428544574,-87.8729045668432,-0.498748441339802));
#8348=CARTESIAN_POINT('Origin',(152.401363559864,-83.692803538802,-1.55338366213914));
#8349=CARTESIAN_POINT('',(150.359872662327,-83.692803538802,-1.55338366213914));
#8350=CARTESIAN_POINT('Origin',(152.401363559864,-83.692803538802,-1.55338366213909));
#8351=CARTESIAN_POINT('',(150.359872662327,-83.627540442692,-1.05766123145223));
#8352=CARTESIAN_POINT('',(150.359872662327,-83.692803538802,-1.55338366213914));
#8353=CARTESIAN_POINT('Origin',(152.401363559864,-83.627540442692,-1.05766123145223));
#8354=CARTESIAN_POINT('Origin',(150.359872662327,-87.9381676629532,-0.994470872026707));
#8355=CARTESIAN_POINT('',(150.359872662327,-87.9381676629532,-0.994470872026707));
#8356=CARTESIAN_POINT('',(150.359872662327,-71.6595053478377,-3.13759742319347));
#8357=CARTESIAN_POINT('',(150.359872662327,-87.8729045668432,-0.498748441339802));
#8358=CARTESIAN_POINT('',(150.359872662327,-87.9381676629532,-0.994470872026707));
#8359=CARTESIAN_POINT('',(150.359872662327,-87.8729045668432,-0.498748441339802));
#8360=CARTESIAN_POINT('Origin',(149.859872662327,-87.9381676629532,-0.994470872026707));
#8361=CARTESIAN_POINT('',(149.859872662327,-88.4338900936401,-0.929207775916681));
#8362=CARTESIAN_POINT('Origin',(149.859872662327,-87.9381676629532,-0.99447087202666));
#8363=CARTESIAN_POINT('',(149.859872662327,-88.3686269975301,-0.433485345229775));
#8364=CARTESIAN_POINT('',(149.859872662327,-88.4338900936401,-0.929207775916681));
#8365=CARTESIAN_POINT('Origin',(149.859872662327,-87.8729045668432,-0.498748441339802));
#8366=CARTESIAN_POINT('Origin',(148.859872632525,-88.4338900936401,-0.929207775916681));
#8367=CARTESIAN_POINT('',(148.859872632525,-88.4338900936401,-0.929207775916681));
#8368=CARTESIAN_POINT('',(145.867436316263,-88.4338900936401,-0.929207775916662));
#8369=CARTESIAN_POINT('',(148.859872632525,-88.3686269975301,-0.433485345229775));
#8370=CARTESIAN_POINT('',(148.859872632525,-88.4338900936401,-0.929207775916681));
#8371=CARTESIAN_POINT('',(148.859872632525,-88.3686269975301,-0.433485345229775));
#8372=CARTESIAN_POINT('Origin',(148.859872632525,-87.9381676629532,-0.994470872026707));
#8373=CARTESIAN_POINT('Origin',(148.859872632525,-87.9381676629532,-0.99447087202666));
#8374=CARTESIAN_POINT('Origin',(148.859872632525,-87.8729045668432,-0.498748441339802));
#8375=CARTESIAN_POINT('Origin',(155.442854472301,-83.9946260140117,-1.0093334991597));
#8376=CARTESIAN_POINT('Origin',(128.94743044009,-79.8929623000103,-2.05364225166166));
#8377=CARTESIAN_POINT('',(128.94743044009,-79.8929623000103,-2.05364225166166));
#8378=CARTESIAN_POINT('',(127.947430425189,-79.8929623000103,-2.05364225166165));
#8379=CARTESIAN_POINT('',(135.911215220045,-79.8929623000102,-2.05364225166165));
#8380=CARTESIAN_POINT('',(128.94743044009,-79.8276992039003,-1.55791982097475));
#8381=CARTESIAN_POINT('',(128.94743044009,-79.8929623000103,-2.05364225166166));
#8382=CARTESIAN_POINT('',(127.947430425189,-79.8276992039003,-1.55791982097475));
#8383=CARTESIAN_POINT('',(127.947430425189,-79.8276992039003,-1.55791982097475));
#8384=CARTESIAN_POINT('',(127.947430425189,-79.8929623000103,-2.05364225166165));
#8385=CARTESIAN_POINT('Origin',(128.94743044009,-80.3886847306973,-1.98837915555163));
#8386=CARTESIAN_POINT('',(129.44743044009,-80.3886847306972,-1.98837915555163));
#8387=CARTESIAN_POINT('Origin',(128.94743044009,-80.3886847306973,-1.98837915555158));
#8388=CARTESIAN_POINT('',(129.44743044009,-80.3234216345872,-1.49265672486472));
#8389=CARTESIAN_POINT('',(129.44743044009,-80.3886847306972,-1.98837915555163));
#8390=CARTESIAN_POINT('Origin',(128.94743044009,-80.3234216345872,-1.49265672486472));
#8391=CARTESIAN_POINT('Origin',(129.44743044009,-84.3900219412381,-1.46159311809454));
#8392=CARTESIAN_POINT('',(129.44743044009,-84.3900219412381,-1.46159311809454));
#8393=CARTESIAN_POINT('',(129.44743044009,-69.8854324869802,-3.37115854622738));
#8394=CARTESIAN_POINT('',(129.44743044009,-84.3247588451281,-0.965870687407639));
#8395=CARTESIAN_POINT('',(129.44743044009,-84.3900219412381,-1.46159311809454));
#8396=CARTESIAN_POINT('',(129.44743044009,-80.3234216345872,-1.49265672486473));
#8397=CARTESIAN_POINT('Origin',(125.168597706459,-84.3900219412381,-1.46159311809454));
#8398=CARTESIAN_POINT('',(120.889764972828,-84.3900219412381,-1.46159311809454));
#8399=CARTESIAN_POINT('Origin',(125.168597706459,-84.3900219412381,-1.46159311809449));
#8400=CARTESIAN_POINT('',(120.889764972828,-84.3247588451281,-0.965870687407637));
#8401=CARTESIAN_POINT('',(120.889764972828,-84.3900219412381,-1.46159311809454));
#8402=CARTESIAN_POINT('Origin',(125.168597706459,-84.3247588451281,-0.965870687407641));
#8403=CARTESIAN_POINT('Origin',(120.889764972828,-80.3886847306972,-1.98837915555163));
#8404=CARTESIAN_POINT('',(120.889764972828,-80.3886847306972,-1.98837915555163));
#8405=CARTESIAN_POINT('',(120.889764972828,-67.8847638817098,-3.63455156495593));
#8406=CARTESIAN_POINT('',(120.889764972828,-80.3234216345872,-1.49265672486472));
#8407=CARTESIAN_POINT('',(120.889764972828,-80.3886847306972,-1.98837915555163));
#8408=CARTESIAN_POINT('',(120.889764972828,-80.3234216345872,-1.49265672486473));
#8409=CARTESIAN_POINT('Origin',(121.389764972828,-80.3886847306972,-1.98837915555163));
#8410=CARTESIAN_POINT('',(121.389764972828,-79.8929623000104,-2.05364225166165));
#8411=CARTESIAN_POINT('Origin',(121.389764972828,-80.3886847306972,-1.98837915555158));
#8412=CARTESIAN_POINT('',(121.389764972828,-79.8276992039003,-1.55791982097475));
#8413=CARTESIAN_POINT('',(121.389764972828,-79.8929623000104,-2.05364225166165));
#8414=CARTESIAN_POINT('Origin',(121.389764972828,-80.3234216345872,-1.49265672486473));
#8415=CARTESIAN_POINT('Origin',(122.389764987729,-79.8929623000103,-2.05364225166166));
#8416=CARTESIAN_POINT('',(122.389764987729,-79.8929623000103,-2.05364225166166));
#8417=CARTESIAN_POINT('',(132.632382493865,-79.8929623000101,-2.05364225166166));
#8418=CARTESIAN_POINT('',(122.389764987729,-79.8276992039003,-1.55791982097475));
#8419=CARTESIAN_POINT('',(122.389764987729,-79.8929623000103,-2.05364225166166));
#8420=CARTESIAN_POINT('',(121.389764972828,-79.8276992039003,-1.55791982097475));
#8421=CARTESIAN_POINT('Origin',(122.389764987729,-80.3886847306973,-1.98837915555163));
#8422=CARTESIAN_POINT('',(122.889764987729,-80.3886847306972,-1.98837915555163));
#8423=CARTESIAN_POINT('Origin',(122.389764987729,-80.3886847306973,-1.98837915555158));
#8424=CARTESIAN_POINT('',(122.889764987729,-80.3234216345872,-1.49265672486472));
#8425=CARTESIAN_POINT('',(122.889764987729,-80.3886847306972,-1.98837915555163));
#8426=CARTESIAN_POINT('Origin',(122.389764987729,-80.3234216345872,-1.49265672486472));
#8427=CARTESIAN_POINT('Origin',(122.889764987729,-84.3900219412381,-1.46159311809454));
#8428=CARTESIAN_POINT('',(122.889764987729,-84.3900219412381,-1.46159311809454));
#8429=CARTESIAN_POINT('',(122.889764987729,-69.8854324869802,-3.37115854622738));
#8430=CARTESIAN_POINT('',(122.889764987729,-84.3247588451281,-0.965870687407637));
#8431=CARTESIAN_POINT('',(122.889764987729,-84.3900219412381,-1.46159311809454));
#8432=CARTESIAN_POINT('',(122.889764987729,-80.3234216345872,-1.49265672486473));
#8433=CARTESIAN_POINT('Origin',(125.168597706459,-84.3900219412381,-1.46159311809454));
#8434=CARTESIAN_POINT('',(127.447430425189,-84.3900219412381,-1.46159311809454));
#8435=CARTESIAN_POINT('Origin',(125.168597706459,-84.3900219412381,-1.46159311809449));
#8436=CARTESIAN_POINT('',(127.447430425189,-84.3247588451281,-0.965870687407639));
#8437=CARTESIAN_POINT('',(127.447430425189,-84.3900219412381,-1.46159311809454));
#8438=CARTESIAN_POINT('Origin',(125.168597706459,-84.3247588451281,-0.965870687407641));
#8439=CARTESIAN_POINT('Origin',(127.447430425189,-80.3886847306972,-1.98837915555163));
#8440=CARTESIAN_POINT('',(127.447430425189,-80.3886847306972,-1.98837915555163));
#8441=CARTESIAN_POINT('',(127.447430425189,-67.8847638817098,-3.63455156495593));
#8442=CARTESIAN_POINT('',(127.447430425189,-80.3234216345872,-1.49265672486472));
#8443=CARTESIAN_POINT('',(127.447430425189,-80.3886847306972,-1.98837915555163));
#8444=CARTESIAN_POINT('',(127.447430425189,-80.3234216345872,-1.49265672486473));
#8445=CARTESIAN_POINT('Origin',(127.947430425189,-80.3886847306972,-1.98837915555163));
#8446=CARTESIAN_POINT('Origin',(127.947430425189,-80.3886847306972,-1.98837915555158));
#8447=CARTESIAN_POINT('Origin',(127.947430425189,-80.3234216345872,-1.49265672486473));
#8448=CARTESIAN_POINT('Origin',(125.168597706459,-84.1973423877325,-0.982645382257505));
#8449=CARTESIAN_POINT('Origin',(166.193561860225,-77.1215180866222,-2.41850980427834));
#8450=CARTESIAN_POINT('',(164.693561860225,-77.1215180866222,-2.41850980427834));
#8451=CARTESIAN_POINT('Origin',(166.193561860225,-77.1215180866222,-2.41850980427829));
#8452=CARTESIAN_POINT('',(164.693561860225,-77.0562549905122,-1.92278737359143));
#8453=CARTESIAN_POINT('',(164.693561860225,-77.1215180866222,-2.41850980427834));
#8454=CARTESIAN_POINT('Origin',(166.193561860225,-77.0562549905122,-1.92278737359143));
#8455=CARTESIAN_POINT('Origin',(166.193561860225,-77.0562549905122,-1.92278737359143));
#8456=CARTESIAN_POINT('Origin',(165.175980874202,-80.3886847306972,-1.98837915555163));
#8457=CARTESIAN_POINT('',(165.175980874202,-80.3886847306972,-1.98837915555164));
#8458=CARTESIAN_POINT('',(165.175980874202,-87.9381676629532,-0.994470872026709));
#8459=CARTESIAN_POINT('',(165.175980874202,-67.8847638817097,-3.63455156495593));
#8460=CARTESIAN_POINT('',(165.175980874202,-80.3234216345872,-1.49265672486473));
#8461=CARTESIAN_POINT('',(165.175980874202,-80.3886847306972,-1.98837915555164));
#8462=CARTESIAN_POINT('',(165.175980874202,-87.8729045668432,-0.498748441339804));
#8463=CARTESIAN_POINT('',(165.175980874202,-87.8729045668432,-0.498748441339804));
#8464=CARTESIAN_POINT('',(165.175980874202,-87.9381676629532,-0.994470872026709));
#8465=CARTESIAN_POINT('Origin',(165.675980874202,-80.3886847306972,-1.98837915555164));
#8466=CARTESIAN_POINT('',(165.675980874202,-79.8929623000103,-2.05364225166166));
#8467=CARTESIAN_POINT('Origin',(165.675980874202,-80.3886847306972,-1.98837915555159));
#8468=CARTESIAN_POINT('',(165.675980874202,-79.8276992039003,-1.55791982097476));
#8469=CARTESIAN_POINT('',(165.675980874202,-79.8929623000103,-2.05364225166166));
#8470=CARTESIAN_POINT('Origin',(165.675980874202,-80.3234216345871,-1.49265672486473));
#8471=CARTESIAN_POINT('Origin',(166.675980874202,-79.8929623000103,-2.05364225166166));
#8472=CARTESIAN_POINT('',(166.675980874202,-79.8929623000103,-2.05364225166166));
#8473=CARTESIAN_POINT('',(154.775490437101,-79.8929623000103,-2.05364225166163));
#8474=CARTESIAN_POINT('',(166.675980874202,-79.8276992039003,-1.55791982097476));
#8475=CARTESIAN_POINT('',(166.675980874202,-79.8929623000103,-2.05364225166166));
#8476=CARTESIAN_POINT('',(165.675980874202,-79.8276992039003,-1.55791982097476));
#8477=CARTESIAN_POINT('Origin',(166.675980874202,-80.3886847306972,-1.98837915555164));
#8478=CARTESIAN_POINT('',(167.175980874202,-80.3886847306972,-1.98837915555164));
#8479=CARTESIAN_POINT('Origin',(166.675980874202,-80.3886847306972,-1.98837915555159));
#8480=CARTESIAN_POINT('',(167.175980874202,-80.3234216345872,-1.49265672486473));
#8481=CARTESIAN_POINT('',(167.175980874202,-80.3886847306972,-1.98837915555164));
#8482=CARTESIAN_POINT('Origin',(166.675980874202,-80.3234216345871,-1.49265672486473));
#8483=CARTESIAN_POINT('Origin',(167.175980874202,-87.9381676629532,-0.994470872026709));
#8484=CARTESIAN_POINT('',(167.175980874202,-87.9381676629532,-0.994470872026709));
#8485=CARTESIAN_POINT('',(167.175980874202,-71.6595053478377,-3.13759742319347));
#8486=CARTESIAN_POINT('',(167.175980874202,-87.8729045668432,-0.498748441339804));
#8487=CARTESIAN_POINT('',(167.175980874202,-87.9381676629532,-0.994470872026709));
#8488=CARTESIAN_POINT('',(167.175980874202,-87.8729045668431,-0.498748441339804));
#8489=CARTESIAN_POINT('Origin',(166.675980874202,-87.9381676629532,-0.994470872026705));
#8490=CARTESIAN_POINT('',(166.675980874202,-88.4338900936401,-0.929207775916683));
#8491=CARTESIAN_POINT('Origin',(166.675980874202,-87.9381676629532,-0.994470872026658));
#8492=CARTESIAN_POINT('',(166.675980874202,-88.3686269975301,-0.433485345229778));
#8493=CARTESIAN_POINT('',(166.675980874202,-88.4338900936401,-0.929207775916683));
#8494=CARTESIAN_POINT('Origin',(166.675980874202,-87.8729045668432,-0.4987484413398));
#8495=CARTESIAN_POINT('Origin',(165.675980874202,-88.4338900936401,-0.929207775916683));
#8496=CARTESIAN_POINT('',(165.675980874202,-88.4338900936401,-0.929207775916683));
#8497=CARTESIAN_POINT('',(154.275490437101,-88.4338900936401,-0.929207775916658));
#8498=CARTESIAN_POINT('',(165.675980874202,-88.3686269975301,-0.433485345229778));
#8499=CARTESIAN_POINT('',(165.675980874202,-88.4338900936401,-0.929207775916683));
#8500=CARTESIAN_POINT('',(165.675980874202,-88.3686269975301,-0.433485345229778));
#8501=CARTESIAN_POINT('Origin',(165.675980874202,-87.9381676629532,-0.994470872026705));
#8502=CARTESIAN_POINT('Origin',(165.675980874202,-87.9381676629532,-0.994470872026655));
#8503=CARTESIAN_POINT('Origin',(165.675980874202,-87.8729045668432,-0.4987484413398));
#8504=CARTESIAN_POINT('Origin',(166.175980874202,-84.0981631007152,-0.995702583102266));
#8505=CARTESIAN_POINT('Ctrl Pts',(118.151224877612,-80.5784296391113,-1.96339876445442));
#8506=CARTESIAN_POINT('Ctrl Pts',(118.151224877612,-80.5131665430013,-1.46767633376752));
#8507=CARTESIAN_POINT('Ctrl Pts',(117.052005524565,-79.7372653104422,-2.07414014920514));
#8508=CARTESIAN_POINT('Ctrl Pts',(117.052005524565,-79.6720022143322,-1.57841771851823));
#8509=CARTESIAN_POINT('Ctrl Pts',(115.73552447247,-79.4082709071782,-2.11745308408713));
#8510=CARTESIAN_POINT('Ctrl Pts',(115.73552447247,-79.3430078110681,-1.62173065340022));
#8511=CARTESIAN_POINT('Ctrl Pts',(114.442908101296,-79.5357921321051,-2.10066459633009));
#8512=CARTESIAN_POINT('Ctrl Pts',(114.442908101296,-79.4705290359951,-1.60494216564319));
#8513=CARTESIAN_POINT('Ctrl Pts',(113.45751314501,-79.6330048664203,-2.08786629706019));
#8514=CARTESIAN_POINT('Ctrl Pts',(113.45751314501,-79.5677417703103,-1.59214386637329));
#8515=CARTESIAN_POINT('Ctrl Pts',(112.447642024898,-80.0543650005124,-2.03239318302321));
#8516=CARTESIAN_POINT('Ctrl Pts',(112.447642024898,-79.9891019044024,-1.5366707523363));
#8517=CARTESIAN_POINT('Ctrl Pts',(111.652201436582,-80.8430004843258,-1.92856735189314));
#8518=CARTESIAN_POINT('Ctrl Pts',(111.652201436582,-80.7777373882157,-1.43284492120624));
#8519=CARTESIAN_POINT('',(118.151224877612,-80.5784296391113,-1.96339876445442));
#8520=CARTESIAN_POINT('',(111.652201436582,-80.8430004843258,-1.92856735189314));
#8521=CARTESIAN_POINT('Ctrl Pts',(118.151224877612,-80.5784296391113,-1.96339876445442));
#8522=CARTESIAN_POINT('Ctrl Pts',(117.052005524565,-79.7372653104422,-2.07414014920514));
#8523=CARTESIAN_POINT('Ctrl Pts',(115.73552447247,-79.4082709071782,-2.11745308408713));
#8524=CARTESIAN_POINT('Ctrl Pts',(114.442908101296,-79.5357921321051,-2.10066459633009));
#8525=CARTESIAN_POINT('Ctrl Pts',(113.45751314501,-79.6330048664203,-2.08786629706019));
#8526=CARTESIAN_POINT('Ctrl Pts',(112.447642024898,-80.0543650005124,-2.03239318302321));
#8527=CARTESIAN_POINT('Ctrl Pts',(111.652201436582,-80.8430004843258,-1.92856735189314));
#8528=CARTESIAN_POINT('',(118.151224877612,-80.5131665430013,-1.46767633376752));
#8529=CARTESIAN_POINT('',(118.151224877612,-80.5784296391113,-1.96339876445442));
#8530=CARTESIAN_POINT('',(111.652201436582,-80.7777373882157,-1.43284492120624));
#8531=CARTESIAN_POINT('Ctrl Pts',(118.151224877612,-80.5131665430013,-1.46767633376752));
#8532=CARTESIAN_POINT('Ctrl Pts',(117.052005524565,-79.6720022143322,-1.57841771851824));
#8533=CARTESIAN_POINT('Ctrl Pts',(115.73552447247,-79.3430078110681,-1.62173065340022));
#8534=CARTESIAN_POINT('Ctrl Pts',(114.442908101296,-79.470529035995,-1.60494216564319));
#8535=CARTESIAN_POINT('Ctrl Pts',(113.45751314501,-79.5677417703103,-1.59214386637329));
#8536=CARTESIAN_POINT('Ctrl Pts',(112.447642024898,-79.9891019044024,-1.5366707523363));
#8537=CARTESIAN_POINT('Ctrl Pts',(111.652201436582,-80.7777373882157,-1.43284492120624));
#8538=CARTESIAN_POINT('',(111.652201436582,-80.8430004843258,-1.92856735189314));
#8539=CARTESIAN_POINT('Origin',(117.845720788626,-80.9708555531895,-1.91173491274801));
#8540=CARTESIAN_POINT('',(118.208220559121,-81.3122840545441,-1.86678499779717));
#8541=CARTESIAN_POINT('Origin',(117.845720788626,-80.9708555531895,-1.91173491274797));
#8542=CARTESIAN_POINT('',(118.208220559121,-81.247020958434,-1.37106256711026));
#8543=CARTESIAN_POINT('',(118.208220559121,-81.3122840545441,-1.86678499779717));
#8544=CARTESIAN_POINT('Origin',(117.845720788626,-80.9055924570795,-1.41601248206111));
#8545=CARTESIAN_POINT('Origin',(117.514814746358,-82.0359407330541,-1.77151378867551));
#8546=CARTESIAN_POINT('',(117.514814746358,-82.0359407330541,-1.77151378867551));
#8547=CARTESIAN_POINT('',(130.242385727351,-68.7531104306808,-3.52023157301249));
#8548=CARTESIAN_POINT('',(117.514814746358,-81.9706776369441,-1.27579135798861));
#8549=CARTESIAN_POINT('',(117.514814746358,-82.0359407330541,-1.77151378867551));
#8550=CARTESIAN_POINT('',(117.514814746358,-81.9706776369441,-1.27579135798861));
#8551=CARTESIAN_POINT('Origin',(117.152314975863,-81.6945122316996,-1.81646370362636));
#8552=CARTESIAN_POINT('',(116.85828099476,-82.0954582434239,-1.76367815978515));
#8553=CARTESIAN_POINT('Origin',(117.152314975863,-81.6945122316996,-1.81646370362631));
#8554=CARTESIAN_POINT('',(116.85828099476,-82.0301951473139,-1.26795572909824));
#8555=CARTESIAN_POINT('',(116.85828099476,-82.0954582434239,-1.76367815978515));
#8556=CARTESIAN_POINT('Origin',(117.152314975863,-81.6292491355896,-1.32074127293945));
#8557=CARTESIAN_POINT('Ctrl Pts',(113.066415009492,-82.2451152640723,-1.74397543923531));
#8558=CARTESIAN_POINT('Ctrl Pts',(113.066415009492,-82.1798521679623,-1.2482530085484));
#8559=CARTESIAN_POINT('Ctrl Pts',(113.54182498933,-81.7737724825159,-1.806028893647));
#8560=CARTESIAN_POINT('Ctrl Pts',(113.54182498933,-81.7085093864058,-1.3103064629601));
#8561=CARTESIAN_POINT('Ctrl Pts',(114.027944766418,-81.5764427300763,-1.83200784840397));
#8562=CARTESIAN_POINT('Ctrl Pts',(114.027944766418,-81.5111796339663,-1.33628541771706));
#8563=CARTESIAN_POINT('Ctrl Pts',(114.605866927174,-81.512604315954,-1.8404123350652));
#8564=CARTESIAN_POINT('Ctrl Pts',(114.605866927174,-81.4473412198439,-1.34468990437829));
#8565=CARTESIAN_POINT('Ctrl Pts',(115.290804803705,-81.4369447362054,-1.8503731077055));
#8566=CARTESIAN_POINT('Ctrl Pts',(115.290804803705,-81.3716816400954,-1.3546506770186));
#8567=CARTESIAN_POINT('Ctrl Pts',(116.040325244558,-81.5850037961603,-1.83088076267199));
#8568=CARTESIAN_POINT('Ctrl Pts',(116.040325244558,-81.5197407000503,-1.33515833198509));
#8569=CARTESIAN_POINT('Ctrl Pts',(116.662078817284,-81.9650321894862,-1.78084907553652));
#8570=CARTESIAN_POINT('Ctrl Pts',(116.662078817284,-81.8997690933761,-1.28512664484962));
#8571=CARTESIAN_POINT('Ctrl Pts',(116.728388570408,-82.0055620554122,-1.77551321746048));
#8572=CARTESIAN_POINT('Ctrl Pts',(116.728388570408,-81.9402989593022,-1.27979078677357));
#8573=CARTESIAN_POINT('Ctrl Pts',(116.793727977515,-82.0489247878003,-1.76980440543937));
#8574=CARTESIAN_POINT('Ctrl Pts',(116.793727977515,-81.9836616916902,-1.27408197475247));
#8575=CARTESIAN_POINT('Ctrl Pts',(116.85828099476,-82.0954582434239,-1.76367815978514));
#8576=CARTESIAN_POINT('Ctrl Pts',(116.85828099476,-82.0301951473139,-1.26795572909824));
#8577=CARTESIAN_POINT('',(113.066415009492,-82.2451152640723,-1.74397543923531));
#8578=CARTESIAN_POINT('Ctrl Pts',(113.066415009492,-82.2451152640723,-1.74397543923531));
#8579=CARTESIAN_POINT('Ctrl Pts',(113.54182498933,-81.7737724825159,-1.806028893647));
#8580=CARTESIAN_POINT('Ctrl Pts',(114.027944766418,-81.5764427300763,-1.83200784840397));
#8581=CARTESIAN_POINT('Ctrl Pts',(114.605866927174,-81.512604315954,-1.8404123350652));
#8582=CARTESIAN_POINT('Ctrl Pts',(115.290804803705,-81.4369447362054,-1.8503731077055));
#8583=CARTESIAN_POINT('Ctrl Pts',(116.040325244558,-81.5850037961603,-1.83088076267199));
#8584=CARTESIAN_POINT('Ctrl Pts',(116.662078817284,-81.9650321894862,-1.78084907553652));
#8585=CARTESIAN_POINT('Ctrl Pts',(116.728388570408,-82.0055620554122,-1.77551321746048));
#8586=CARTESIAN_POINT('Ctrl Pts',(116.793727977515,-82.0489247878003,-1.76980440543937));
#8587=CARTESIAN_POINT('Ctrl Pts',(116.85828099476,-82.0954582434239,-1.76367815978514));
#8588=CARTESIAN_POINT('',(113.066415009492,-82.1798521679623,-1.2482530085484));
#8589=CARTESIAN_POINT('',(113.066415009492,-82.2451152640723,-1.74397543923531));
#8590=CARTESIAN_POINT('Ctrl Pts',(113.066415009492,-82.1798521679622,-1.2482530085484));
#8591=CARTESIAN_POINT('Ctrl Pts',(113.54182498933,-81.7085093864058,-1.3103064629601));
#8592=CARTESIAN_POINT('Ctrl Pts',(114.027944766418,-81.5111796339663,-1.33628541771707));
#8593=CARTESIAN_POINT('Ctrl Pts',(114.605866927174,-81.4473412198439,-1.34468990437829));
#8594=CARTESIAN_POINT('Ctrl Pts',(115.290804803705,-81.3716816400954,-1.3546506770186));
#8595=CARTESIAN_POINT('Ctrl Pts',(116.040325244558,-81.5197407000503,-1.33515833198509));
#8596=CARTESIAN_POINT('Ctrl Pts',(116.662078817284,-81.8997690933761,-1.28512664484962));
#8597=CARTESIAN_POINT('Ctrl Pts',(116.728388570408,-81.9402989593022,-1.27979078677357));
#8598=CARTESIAN_POINT('Ctrl Pts',(116.793727977515,-81.9836616916902,-1.27408197475247));
#8599=CARTESIAN_POINT('Ctrl Pts',(116.85828099476,-82.0301951473139,-1.26795572909824));
#8600=CARTESIAN_POINT('Origin',(113.243191694252,-82.4203795997882,-1.72090145170031));
#8601=CARTESIAN_POINT('',(113.118191701703,-82.6350336960941,-1.69264170380427));
#8602=CARTESIAN_POINT('Origin',(113.243191694252,-82.4203795997882,-1.72090145170026));
#8603=CARTESIAN_POINT('',(113.118191701703,-82.5697705999841,-1.19691927311737));
#8604=CARTESIAN_POINT('',(113.118191701703,-82.6350336960941,-1.69264170380427));
#8605=CARTESIAN_POINT('Origin',(113.243191694252,-82.3551165036782,-1.22517902101341));
#8606=CARTESIAN_POINT('Ctrl Pts',(117.688495383858,-83.8620542580538,-1.53110138223119));
#8607=CARTESIAN_POINT('Ctrl Pts',(117.688495383858,-83.7967911619437,-1.03537895154429));
#8608=CARTESIAN_POINT('Ctrl Pts',(117.579134379416,-83.7994548207767,-1.53934275449628));
#8609=CARTESIAN_POINT('Ctrl Pts',(117.579134379416,-83.7341917246667,-1.04362032380938));
#8610=CARTESIAN_POINT('Ctrl Pts',(117.467641533448,-83.7413900368466,-1.54698712832256));
#8611=CARTESIAN_POINT('Ctrl Pts',(117.467641533448,-83.6761269407366,-1.05126469763565));
#8612=CARTESIAN_POINT('Ctrl Pts',(117.354878413599,-83.6881933362341,-1.5539906068216));
#8613=CARTESIAN_POINT('Ctrl Pts',(117.354878413599,-83.622930240124,-1.0582681761347));
#8614=CARTESIAN_POINT('Ctrl Pts',(116.503880769111,-83.2867299235829,-1.6068442677871));
#8615=CARTESIAN_POINT('Ctrl Pts',(116.503880769111,-83.2214668274728,-1.11112183710019));
#8616=CARTESIAN_POINT('Ctrl Pts',(115.616969012033,-83.196064616327,-1.61878058193186));
#8617=CARTESIAN_POINT('Ctrl Pts',(115.616969012033,-83.130801520217,-1.12305815124495));
#8618=CARTESIAN_POINT('Ctrl Pts',(114.890607466975,-83.1066726469184,-1.63054925796875));
#8619=CARTESIAN_POINT('Ctrl Pts',(114.890607466975,-83.0414095508084,-1.13482682728185));
#8620=CARTESIAN_POINT('Ctrl Pts',(114.156647829439,-83.0163455943478,-1.64244104003938));
#8621=CARTESIAN_POINT('Ctrl Pts',(114.156647829439,-82.9510824982378,-1.14671860935247));
#8622=CARTESIAN_POINT('Ctrl Pts',(113.604418869757,-82.9133554549715,-1.65599994911515));
#8623=CARTESIAN_POINT('Ctrl Pts',(113.604418869757,-82.8480923588615,-1.16027751842824));
#8624=CARTESIAN_POINT('Ctrl Pts',(113.118191701703,-82.6350336960941,-1.69264170380427));
#8625=CARTESIAN_POINT('Ctrl Pts',(113.118191701703,-82.5697705999841,-1.19691927311737));
#8626=CARTESIAN_POINT('',(117.688495383858,-83.8620542580538,-1.53110138223119));
#8627=CARTESIAN_POINT('Ctrl Pts',(117.688495383858,-83.8620542580538,-1.53110138223119));
#8628=CARTESIAN_POINT('Ctrl Pts',(117.579134379416,-83.7994548207767,-1.53934275449628));
#8629=CARTESIAN_POINT('Ctrl Pts',(117.467641533448,-83.7413900368466,-1.54698712832256));
#8630=CARTESIAN_POINT('Ctrl Pts',(117.354878413599,-83.6881933362341,-1.5539906068216));
#8631=CARTESIAN_POINT('Ctrl Pts',(116.503880769111,-83.2867299235829,-1.6068442677871));
#8632=CARTESIAN_POINT('Ctrl Pts',(115.616969012033,-83.196064616327,-1.61878058193186));
#8633=CARTESIAN_POINT('Ctrl Pts',(114.890607466975,-83.1066726469184,-1.63054925796875));
#8634=CARTESIAN_POINT('Ctrl Pts',(114.156647829439,-83.0163455943478,-1.64244104003938));
#8635=CARTESIAN_POINT('Ctrl Pts',(113.604418869757,-82.9133554549715,-1.65599994911515));
#8636=CARTESIAN_POINT('Ctrl Pts',(113.118191701703,-82.6350336960941,-1.69264170380427));
#8637=CARTESIAN_POINT('',(117.688495383858,-83.7967911619437,-1.03537895154429));
#8638=CARTESIAN_POINT('',(117.688495383858,-83.8620542580538,-1.53110138223119));
#8639=CARTESIAN_POINT('Ctrl Pts',(117.688495383858,-83.7967911619437,-1.03537895154429));
#8640=CARTESIAN_POINT('Ctrl Pts',(117.579134379416,-83.7341917246667,-1.04362032380938));
#8641=CARTESIAN_POINT('Ctrl Pts',(117.467641533448,-83.6761269407366,-1.05126469763565));
#8642=CARTESIAN_POINT('Ctrl Pts',(117.354878413599,-83.622930240124,-1.0582681761347));
#8643=CARTESIAN_POINT('Ctrl Pts',(116.503880769111,-83.2214668274728,-1.11112183710019));
#8644=CARTESIAN_POINT('Ctrl Pts',(115.616969012033,-83.1308015202169,-1.12305815124496));
#8645=CARTESIAN_POINT('Ctrl Pts',(114.890607466975,-83.0414095508084,-1.13482682728185));
#8646=CARTESIAN_POINT('Ctrl Pts',(114.156647829439,-82.9510824982378,-1.14671860935248));
#8647=CARTESIAN_POINT('Ctrl Pts',(113.604418869757,-82.8480923588615,-1.16027751842825));
#8648=CARTESIAN_POINT('Ctrl Pts',(113.118191701703,-82.5697705999841,-1.19691927311737));
#8649=CARTESIAN_POINT('Origin',(116.563495376408,-85.793941252751,-1.2767636343227));
#8650=CARTESIAN_POINT('',(118.154485644614,-87.37132037866,-1.06909773275456));
#8651=CARTESIAN_POINT('Origin',(116.563495376408,-85.793941252751,-1.27676363432264));
#8652=CARTESIAN_POINT('',(118.154485644614,-87.3060572825499,-0.573375302067653));
#8653=CARTESIAN_POINT('',(118.154485644614,-87.37132037866,-1.06909773275456));
#8654=CARTESIAN_POINT('Origin',(116.563495376408,-85.7286781566409,-0.781041203635794));
#8655=CARTESIAN_POINT('Ctrl Pts',(111.154027395074,-87.5985904644416,-1.03917705833449));
#8656=CARTESIAN_POINT('Ctrl Pts',(111.154027395074,-87.5333273683316,-0.543454627647588));
#8657=CARTESIAN_POINT('Ctrl Pts',(111.346261700536,-87.7288009598302,-1.0220345214045));
#8658=CARTESIAN_POINT('Ctrl Pts',(111.346261700536,-87.6635378637202,-0.52631209071759));
#8659=CARTESIAN_POINT('Ctrl Pts',(111.543926192558,-87.8477256232632,-1.0063777924388));
#8660=CARTESIAN_POINT('Ctrl Pts',(111.543926192558,-87.7824625271531,-0.510655361751899));
#8661=CARTESIAN_POINT('Ctrl Pts',(111.745756973902,-87.9549686449002,-0.992258980791469));
#8662=CARTESIAN_POINT('Ctrl Pts',(111.745756973902,-87.8897055487902,-0.496536550104564));
#8663=CARTESIAN_POINT('Ctrl Pts',(112.864572129802,-88.549452386048,-0.91399371149427));
#8664=CARTESIAN_POINT('Ctrl Pts',(112.864572129802,-88.4841892899379,-0.418271280807365));
#8665=CARTESIAN_POINT('Ctrl Pts',(114.095886879184,-88.8250284373879,-0.87771343606009));
#8666=CARTESIAN_POINT('Ctrl Pts',(114.095886879184,-88.7597653412779,-0.381991005373185));
#8667=CARTESIAN_POINT('Ctrl Pts',(115.348931231878,-88.6946488062833,-0.894878240129546));
#8668=CARTESIAN_POINT('Ctrl Pts',(115.348931231878,-88.6293857101732,-0.399155809442641));
#8669=CARTESIAN_POINT('Ctrl Pts',(116.336257364353,-88.5919172336495,-0.908403108247864));
#8670=CARTESIAN_POINT('Ctrl Pts',(116.336257364353,-88.5266541375395,-0.412680677560959));
#8671=CARTESIAN_POINT('Ctrl Pts',(117.35239085504,-88.1665531361185,-0.964403354071823));
#8672=CARTESIAN_POINT('Ctrl Pts',(117.35239085504,-88.1012900400085,-0.468680923384918));
#8673=CARTESIAN_POINT('Ctrl Pts',(118.154485644614,-87.37132037866,-1.06909773275456));
#8674=CARTESIAN_POINT('Ctrl Pts',(118.154485644614,-87.3060572825499,-0.573375302067653));
#8675=CARTESIAN_POINT('',(111.154027395074,-87.5985904644416,-1.03917705833449));
#8676=CARTESIAN_POINT('Ctrl Pts',(111.154027395074,-87.5985904644416,-1.03917705833449));
#8677=CARTESIAN_POINT('Ctrl Pts',(111.346261700536,-87.7288009598302,-1.0220345214045));
#8678=CARTESIAN_POINT('Ctrl Pts',(111.543926192558,-87.8477256232632,-1.0063777924388));
#8679=CARTESIAN_POINT('Ctrl Pts',(111.745756973902,-87.9549686449002,-0.992258980791469));
#8680=CARTESIAN_POINT('Ctrl Pts',(112.864572129802,-88.549452386048,-0.91399371149427));
#8681=CARTESIAN_POINT('Ctrl Pts',(114.095886879184,-88.8250284373879,-0.87771343606009));
#8682=CARTESIAN_POINT('Ctrl Pts',(115.348931231878,-88.6946488062833,-0.894878240129546));
#8683=CARTESIAN_POINT('Ctrl Pts',(116.336257364353,-88.5919172336495,-0.908403108247864));
#8684=CARTESIAN_POINT('Ctrl Pts',(117.35239085504,-88.1665531361185,-0.964403354071823));
#8685=CARTESIAN_POINT('Ctrl Pts',(118.154485644614,-87.37132037866,-1.06909773275456));
#8686=CARTESIAN_POINT('',(111.154027395074,-87.5333273683316,-0.543454627647585));
#8687=CARTESIAN_POINT('',(111.154027395074,-87.5985904644416,-1.03917705833449));
#8688=CARTESIAN_POINT('Ctrl Pts',(111.154027395074,-87.5333273683316,-0.54345462764759));
#8689=CARTESIAN_POINT('Ctrl Pts',(111.346261700536,-87.6635378637201,-0.526312090717593));
#8690=CARTESIAN_POINT('Ctrl Pts',(111.543926192558,-87.7824625271531,-0.510655361751901));
#8691=CARTESIAN_POINT('Ctrl Pts',(111.745756973902,-87.8897055487902,-0.496536550104566));
#8692=CARTESIAN_POINT('Ctrl Pts',(112.864572129802,-88.4841892899379,-0.418271280807367));
#8693=CARTESIAN_POINT('Ctrl Pts',(114.095886879184,-88.7597653412779,-0.381991005373187));
#8694=CARTESIAN_POINT('Ctrl Pts',(115.348931231878,-88.6293857101732,-0.399155809442643));
#8695=CARTESIAN_POINT('Ctrl Pts',(116.336257364353,-88.5266541375394,-0.412680677560961));
#8696=CARTESIAN_POINT('Ctrl Pts',(117.35239085504,-88.1012900400085,-0.46868092338492));
#8697=CARTESIAN_POINT('Ctrl Pts',(118.154485644614,-87.3060572825499,-0.573375302067655));
#8698=CARTESIAN_POINT('Origin',(111.43608453494,-87.1892740775969,-1.09306458296605));
#8699=CARTESIAN_POINT('',(111.04788783713,-86.8768457106765,-1.13419655778826));
#8700=CARTESIAN_POINT('Origin',(111.43608453494,-87.1892740775969,-1.093064582966));
#8701=CARTESIAN_POINT('',(111.04788783713,-86.8115826145665,-0.638474127101357));
#8702=CARTESIAN_POINT('',(111.04788783713,-86.8768457106765,-1.13419655778826));
#8703=CARTESIAN_POINT('Origin',(111.43608453494,-87.1240109814869,-0.597342152279145));
#8704=CARTESIAN_POINT('Origin',(111.680645749008,-86.1040297291141,-1.23593971193642));
#8705=CARTESIAN_POINT('',(111.680645749008,-86.1040297291141,-1.23593971193642));
#8706=CARTESIAN_POINT('',(125.457661492787,-69.2775345638,-3.45118982609225));
#8707=CARTESIAN_POINT('',(111.680645749008,-86.0387666330041,-0.740217281249513));
#8708=CARTESIAN_POINT('',(111.680645749008,-86.1040297291141,-1.23593971193642));
#8709=CARTESIAN_POINT('',(111.04788783713,-86.8115826145665,-0.63847412710136));
#8710=CARTESIAN_POINT('Origin',(112.068842446818,-86.4164580960345,-1.1948077371142));
#8711=CARTESIAN_POINT('',(112.344019341294,-86.0025637945138,-1.24929795564659));
#8712=CARTESIAN_POINT('Origin',(112.068842446818,-86.4164580960345,-1.19480773711415));
#8713=CARTESIAN_POINT('',(112.344019341294,-85.9373006984038,-0.753575524959681));
#8714=CARTESIAN_POINT('',(112.344019341294,-86.0025637945138,-1.24929795564659));
#8715=CARTESIAN_POINT('Origin',(112.068842446818,-86.3511949999244,-0.699085306427295));
#8716=CARTESIAN_POINT('Ctrl Pts',(116.740272071704,-85.9692055989135,-1.25368964541238));
#8717=CARTESIAN_POINT('Ctrl Pts',(116.740272071704,-85.9039425028035,-0.757967214725476));
#8718=CARTESIAN_POINT('Ctrl Pts',(116.236437337466,-86.4687299571556,-1.18792601604407));
#8719=CARTESIAN_POINT('Ctrl Pts',(116.236437337466,-86.4034668610455,-0.692203585357167));
#8720=CARTESIAN_POINT('Ctrl Pts',(115.734045937373,-86.6656076686698,-1.16200657360393));
#8721=CARTESIAN_POINT('Ctrl Pts',(115.734045937373,-86.6003445725597,-0.666284142917028));
#8722=CARTESIAN_POINT('Ctrl Pts',(115.114739687965,-86.7251356865017,-1.15416956137994));
#8723=CARTESIAN_POINT('Ctrl Pts',(115.114739687965,-86.6598725903916,-0.658447130693033));
#8724=CARTESIAN_POINT('Ctrl Pts',(114.298330372061,-86.8036093469268,-1.14383830799014));
#8725=CARTESIAN_POINT('Ctrl Pts',(114.298330372061,-86.7383462508168,-0.648115877303234));
#8726=CARTESIAN_POINT('Ctrl Pts',(113.342861786315,-86.5898749743747,-1.17197697195691));
#8727=CARTESIAN_POINT('Ctrl Pts',(113.342861786315,-86.5246118782646,-0.67625454127));
#8728=CARTESIAN_POINT('Ctrl Pts',(112.543169102434,-86.1253603106325,-1.23313148760452));
#8729=CARTESIAN_POINT('Ctrl Pts',(112.543169102434,-86.0600972145225,-0.737409056917619));
#8730=CARTESIAN_POINT('Ctrl Pts',(112.475991236275,-86.086338940875,-1.23826874839238));
#8731=CARTESIAN_POINT('Ctrl Pts',(112.475991236275,-86.021075844765,-0.742546317705476));
#8732=CARTESIAN_POINT('Ctrl Pts',(112.409632273615,-86.0454432338032,-1.24365277036899));
#8733=CARTESIAN_POINT('Ctrl Pts',(112.409632273615,-85.9801801376931,-0.74793033968209));
#8734=CARTESIAN_POINT('Ctrl Pts',(112.344019341294,-86.0025637945138,-1.24929795564659));
#8735=CARTESIAN_POINT('Ctrl Pts',(112.344019341294,-85.9373006984037,-0.753575524959684));
#8736=CARTESIAN_POINT('',(116.740272071704,-85.9692055989135,-1.25368964541238));
#8737=CARTESIAN_POINT('Ctrl Pts',(116.740272071704,-85.9692055989135,-1.25368964541238));
#8738=CARTESIAN_POINT('Ctrl Pts',(116.236437337466,-86.4687299571556,-1.18792601604407));
#8739=CARTESIAN_POINT('Ctrl Pts',(115.734045937373,-86.6656076686698,-1.16200657360393));
#8740=CARTESIAN_POINT('Ctrl Pts',(115.114739687965,-86.7251356865017,-1.15416956137994));
#8741=CARTESIAN_POINT('Ctrl Pts',(114.298330372061,-86.8036093469268,-1.14383830799014));
#8742=CARTESIAN_POINT('Ctrl Pts',(113.342861786315,-86.5898749743747,-1.17197697195691));
#8743=CARTESIAN_POINT('Ctrl Pts',(112.543169102434,-86.1253603106325,-1.23313148760452));
#8744=CARTESIAN_POINT('Ctrl Pts',(112.475991236275,-86.086338940875,-1.23826874839238));
#8745=CARTESIAN_POINT('Ctrl Pts',(112.409632273615,-86.0454432338032,-1.24365277036899));
#8746=CARTESIAN_POINT('Ctrl Pts',(112.344019341294,-86.0025637945138,-1.24929795564659));
#8747=CARTESIAN_POINT('',(116.740272071704,-85.9039425028035,-0.757967214725476));
#8748=CARTESIAN_POINT('',(116.740272071704,-85.9692055989135,-1.25368964541238));
#8749=CARTESIAN_POINT('Ctrl Pts',(116.740272071704,-85.9039425028034,-0.757967214725478));
#8750=CARTESIAN_POINT('Ctrl Pts',(116.236437337466,-86.4034668610455,-0.692203585357169));
#8751=CARTESIAN_POINT('Ctrl Pts',(115.734045937373,-86.6003445725597,-0.66628414291703));
#8752=CARTESIAN_POINT('Ctrl Pts',(115.114739687965,-86.6598725903916,-0.658447130693036));
#8753=CARTESIAN_POINT('Ctrl Pts',(114.298330372061,-86.7383462508168,-0.648115877303236));
#8754=CARTESIAN_POINT('Ctrl Pts',(113.342861786315,-86.5246118782646,-0.676254541270002));
#8755=CARTESIAN_POINT('Ctrl Pts',(112.543169102434,-86.0600972145225,-0.737409056917621));
#8756=CARTESIAN_POINT('Ctrl Pts',(112.475991236275,-86.021075844765,-0.742546317705479));
#8757=CARTESIAN_POINT('Ctrl Pts',(112.409632273615,-85.9801801376931,-0.747930339682092));
#8758=CARTESIAN_POINT('Ctrl Pts',(112.344019341294,-85.9373006984037,-0.753575524959686));
#8759=CARTESIAN_POINT('Origin',(116.563495376408,-85.793941252751,-1.2767636343227));
#8760=CARTESIAN_POINT('',(116.688495376408,-85.5792871436507,-1.30502338390315));
#8761=CARTESIAN_POINT('Origin',(116.563495376408,-85.793941252751,-1.27676363432264));
#8762=CARTESIAN_POINT('',(116.688495376408,-85.5140240475406,-0.809300953216245));
#8763=CARTESIAN_POINT('',(116.688495376408,-85.5792871436507,-1.30502338390315));
#8764=CARTESIAN_POINT('Origin',(116.563495376408,-85.7286781566409,-0.781041203635794));
#8765=CARTESIAN_POINT('Ctrl Pts',(112.118191694252,-84.352266581691,-1.46656370547623));
#8766=CARTESIAN_POINT('Ctrl Pts',(112.118191694252,-84.287003485581,-0.970841274789326));
#8767=CARTESIAN_POINT('Ctrl Pts',(112.893209209942,-84.7958951000046,-1.40815890303925));
#8768=CARTESIAN_POINT('Ctrl Pts',(112.893209209942,-84.7306320038946,-0.912436472352349));
#8769=CARTESIAN_POINT('Ctrl Pts',(113.751804287973,-84.9602512051085,-1.38652101130858));
#8770=CARTESIAN_POINT('Ctrl Pts',(113.751804287973,-84.8949881089985,-0.890798580621674));
#8771=CARTESIAN_POINT('Ctrl Pts',(114.479952540813,-85.0538462377996,-1.37419899149303));
#8772=CARTESIAN_POINT('Ctrl Pts',(114.479952540813,-84.9885831416896,-0.87847656080612));
#8773=CARTESIAN_POINT('Ctrl Pts',(115.277157000605,-85.156317646863,-1.36070837455853));
#8774=CARTESIAN_POINT('Ctrl Pts',(115.277157000605,-85.091054550753,-0.864985943871621));
#8775=CARTESIAN_POINT('Ctrl Pts',(115.919769590152,-85.2238884630771,-1.35181250783993));
#8776=CARTESIAN_POINT('Ctrl Pts',(115.919769590152,-85.1586253669671,-0.856090077153022));
#8777=CARTESIAN_POINT('Ctrl Pts',(116.431305930389,-85.4494128692872,-1.32212165649545));
#8778=CARTESIAN_POINT('Ctrl Pts',(116.431305930389,-85.3841497731772,-0.826399225808547));
#8779=CARTESIAN_POINT('Ctrl Pts',(116.51878265135,-85.487979309245,-1.31704428835195));
#8780=CARTESIAN_POINT('Ctrl Pts',(116.51878265135,-85.422716213135,-0.821321857665049));
#8781=CARTESIAN_POINT('Ctrl Pts',(116.603894754613,-85.5308608207153,-1.31139883026656));
#8782=CARTESIAN_POINT('Ctrl Pts',(116.603894754613,-85.4655977246053,-0.815676399579656));
#8783=CARTESIAN_POINT('Ctrl Pts',(116.688495376408,-85.5792871436507,-1.30502338390315));
#8784=CARTESIAN_POINT('Ctrl Pts',(116.688495376408,-85.5140240475406,-0.809300953216245));
#8785=CARTESIAN_POINT('',(112.118191694252,-84.352266581691,-1.46656370547623));
#8786=CARTESIAN_POINT('Ctrl Pts',(112.118191694252,-84.352266581691,-1.46656370547623));
#8787=CARTESIAN_POINT('Ctrl Pts',(112.893209209942,-84.7958951000046,-1.40815890303925));
#8788=CARTESIAN_POINT('Ctrl Pts',(113.751804287973,-84.9602512051085,-1.38652101130858));
#8789=CARTESIAN_POINT('Ctrl Pts',(114.479952540813,-85.0538462377996,-1.37419899149303));
#8790=CARTESIAN_POINT('Ctrl Pts',(115.277157000605,-85.156317646863,-1.36070837455853));
#8791=CARTESIAN_POINT('Ctrl Pts',(115.919769590152,-85.2238884630771,-1.35181250783993));
#8792=CARTESIAN_POINT('Ctrl Pts',(116.431305930389,-85.4494128692872,-1.32212165649545));
#8793=CARTESIAN_POINT('Ctrl Pts',(116.51878265135,-85.487979309245,-1.31704428835195));
#8794=CARTESIAN_POINT('Ctrl Pts',(116.603894754613,-85.5308608207153,-1.31139883026656));
#8795=CARTESIAN_POINT('Ctrl Pts',(116.688495376408,-85.5792871436507,-1.30502338390315));
#8796=CARTESIAN_POINT('',(112.118191694252,-84.287003485581,-0.970841274789326));
#8797=CARTESIAN_POINT('',(112.118191694252,-84.352266581691,-1.46656370547623));
#8798=CARTESIAN_POINT('Ctrl Pts',(112.118191694252,-84.287003485581,-0.970841274789328));
#8799=CARTESIAN_POINT('Ctrl Pts',(112.893209209942,-84.7306320038945,-0.912436472352351));
#8800=CARTESIAN_POINT('Ctrl Pts',(113.751804287973,-84.8949881089985,-0.890798580621676));
#8801=CARTESIAN_POINT('Ctrl Pts',(114.479952540813,-84.9885831416896,-0.878476560806122));
#8802=CARTESIAN_POINT('Ctrl Pts',(115.277157000605,-85.091054550753,-0.864985943871623));
#8803=CARTESIAN_POINT('Ctrl Pts',(115.919769590152,-85.158625366967,-0.856090077153024));
#8804=CARTESIAN_POINT('Ctrl Pts',(116.431305930389,-85.3841497731772,-0.826399225808549));
#8805=CARTESIAN_POINT('Ctrl Pts',(116.51878265135,-85.4227162131349,-0.821321857665051));
#8806=CARTESIAN_POINT('Ctrl Pts',(116.603894754613,-85.4655977246053,-0.815676399579658));
#8807=CARTESIAN_POINT('Ctrl Pts',(116.688495376408,-85.5140240475406,-0.809300953216247));
#8808=CARTESIAN_POINT('Origin',(113.243191694252,-82.4203795997882,-1.72090145170031));
#8809=CARTESIAN_POINT('Origin',(113.243191694252,-82.4203795997882,-1.72090145170026));
#8810=CARTESIAN_POINT('Origin',(113.243191694252,-82.3551165036782,-1.22517902101341));
#8811=CARTESIAN_POINT('Origin',(114.874789963125,-84.051386576173,-1.0018608293867));
#8812=CARTESIAN_POINT('Origin',(230.844770514434,-94.75,1.));
#8813=CARTESIAN_POINT('',(230.844770514434,-95.75,1.));
#8814=CARTESIAN_POINT('',(231.824566411547,-94.95,1.));
#8815=CARTESIAN_POINT('Origin',(230.844770514434,-94.75,1.));
#8816=CARTESIAN_POINT('',(230.844770514434,-95.75,7.));
#8817=CARTESIAN_POINT('',(230.844770514434,-95.75,1.));
#8818=CARTESIAN_POINT('',(231.824566411547,-94.95,7.));
#8819=CARTESIAN_POINT('Origin',(230.844770514434,-94.75,7.));
#8820=CARTESIAN_POINT('',(231.824566411547,-94.95,1.));
#8821=CARTESIAN_POINT('Origin',(142.875,-47.625,1.));
#8822=CARTESIAN_POINT('',(239.662933588453,-94.95,1.));
#8823=CARTESIAN_POINT('Origin',(235.74375,-95.75,1.));
#8824=CARTESIAN_POINT('',(240.642729485566,-95.75,1.));
#8825=CARTESIAN_POINT('Origin',(240.642729485566,-94.75,1.));
#8826=CARTESIAN_POINT('',(256.675,-95.75,1.));
#8827=CARTESIAN_POINT('',(200.275,-95.75,1.));
#8828=CARTESIAN_POINT('',(257.675,-94.75,1.));
#8829=CARTESIAN_POINT('Origin',(256.675,-94.75,1.));
#8830=CARTESIAN_POINT('',(257.675,-77.7,1.));
#8831=CARTESIAN_POINT('',(257.675,-62.1625,1.));
#8832=CARTESIAN_POINT('',(258.675,-76.7,1.));
#8833=CARTESIAN_POINT('Origin',(258.675,-77.7,1.));
#8834=CARTESIAN_POINT('',(285.25,-76.7,1.));
#8835=CARTESIAN_POINT('',(214.5625,-76.7,1.));
#8836=CARTESIAN_POINT('',(286.25,-75.7,1.));
#8837=CARTESIAN_POINT('Origin',(285.25,-75.7,1.));
#8838=CARTESIAN_POINT('',(286.25,-0.500000000000003,1.));
#8839=CARTESIAN_POINT('',(286.25,-23.5625,1.));
#8840=CARTESIAN_POINT('',(285.25,0.499999999999998,1.));
#8841=CARTESIAN_POINT('Origin',(285.25,-0.500000000000002,1.));
#8842=CARTESIAN_POINT('',(233.498979485566,0.499999999999998,1.));
#8843=CARTESIAN_POINT('',(71.1875,0.499999999999998,1.));
#8844=CARTESIAN_POINT('',(232.519183588453,-0.300000000000003,1.));
#8845=CARTESIAN_POINT('Origin',(233.498979485566,-0.500000000000002,1.));
#8846=CARTESIAN_POINT('',(224.680816411547,-0.300000000000002,1.));
#8847=CARTESIAN_POINT('Origin',(228.6,0.499999999999998,1.));
#8848=CARTESIAN_POINT('',(223.701020514434,0.499999999999998,1.));
#8849=CARTESIAN_POINT('Origin',(223.701020514434,-0.500000000000002,1.));
#8850=CARTESIAN_POINT('',(62.0489794855664,0.499999999999998,1.));
#8851=CARTESIAN_POINT('',(71.1875,0.499999999999998,1.));
#8852=CARTESIAN_POINT('',(61.0691835884531,-0.300000000000002,1.));
#8853=CARTESIAN_POINT('Origin',(62.0489794855664,-0.500000000000001,1.));
#8854=CARTESIAN_POINT('',(53.2308164115469,-0.300000000000002,1.));
#8855=CARTESIAN_POINT('Origin',(57.15,0.499999999999998,1.));
#8856=CARTESIAN_POINT('',(52.2510205144336,0.499999999999998,1.));
#8857=CARTESIAN_POINT('Origin',(52.2510205144336,-0.500000000000002,1.));
#8858=CARTESIAN_POINT('',(0.499999999999998,0.499999999999998,1.));
#8859=CARTESIAN_POINT('',(71.1875,0.499999999999998,1.));
#8860=CARTESIAN_POINT('',(-0.499999999999999,-0.500000000000007,1.));
#8861=CARTESIAN_POINT('Origin',(0.5,-0.500000000000003,1.));
#8862=CARTESIAN_POINT('',(-0.499999999999998,-75.7,1.));
#8863=CARTESIAN_POINT('',(-0.499999999999998,-62.1625,1.));
#8864=CARTESIAN_POINT('',(0.500000000000007,-76.7,1.));
#8865=CARTESIAN_POINT('Origin',(0.5,-75.7,1.));
#8866=CARTESIAN_POINT('',(27.075,-76.7,1.));
#8867=CARTESIAN_POINT('',(85.475,-76.7,1.));
#8868=CARTESIAN_POINT('',(28.075,-77.7,1.));
#8869=CARTESIAN_POINT('Origin',(27.075,-77.7,1.));
#8870=CARTESIAN_POINT('',(28.075,-94.75,1.));
#8871=CARTESIAN_POINT('',(28.075,-71.6875,1.));
#8872=CARTESIAN_POINT('',(29.075,-95.75,1.));
#8873=CARTESIAN_POINT('Origin',(29.075,-94.75,1.));
#8874=CARTESIAN_POINT('',(45.1072705144337,-95.75,1.));
#8875=CARTESIAN_POINT('',(200.275,-95.75,1.));
#8876=CARTESIAN_POINT('',(46.0870664115469,-94.95,1.));
#8877=CARTESIAN_POINT('Origin',(45.1072705144337,-94.75,1.));
#8878=CARTESIAN_POINT('',(53.9254335884531,-94.95,1.));
#8879=CARTESIAN_POINT('Origin',(50.00625,-95.75,1.));
#8880=CARTESIAN_POINT('',(54.9052294855664,-95.75,1.));
#8881=CARTESIAN_POINT('Origin',(54.9052294855664,-94.75,1.));
#8882=CARTESIAN_POINT('',(200.275,-95.75,1.));
#8883=CARTESIAN_POINT('',(234.956307536203,-57.8759720687094,1.));
#8884=CARTESIAN_POINT('',(230.141674750913,-57.6268560724278,1.));
#8885=CARTESIAN_POINT('Origin',(232.410828688955,-60.4216620416266,1.));
#8886=CARTESIAN_POINT('',(166.836558159891,-51.1074882074154,1.));
#8887=CARTESIAN_POINT('Origin',(201.754089476632,-22.663255126008,1.));
#8888=CARTESIAN_POINT('',(161.984774419296,-50.4292761374905,1.));
#8889=CARTESIAN_POINT('Origin',(164.045434754059,-53.3811702725729,1.));
#8890=CARTESIAN_POINT('',(150.451495987338,-57.4284592548994,1.));
#8891=CARTESIAN_POINT('Origin',(101.596404969677,36.0770105116404,1.));
#8892=CARTESIAN_POINT('',(127.862070344128,-63.5255461637515,1.));
#8893=CARTESIAN_POINT('Ctrl Pts',(150.451495987338,-57.4284592548994,1.));
#8894=CARTESIAN_POINT('Ctrl Pts',(149.745699496481,-57.7972264712654,1.));
#8895=CARTESIAN_POINT('Ctrl Pts',(149.118699989698,-58.1192135693602,1.));
#8896=CARTESIAN_POINT('Ctrl Pts',(148.435822919467,-58.432909477729,1.));
#8897=CARTESIAN_POINT('Ctrl Pts',(148.306955077045,-58.4921080021052,1.));
#8898=CARTESIAN_POINT('Ctrl Pts',(148.176161536709,-58.5509793145425,1.));
#8899=CARTESIAN_POINT('Ctrl Pts',(148.042598242772,-58.6097598423573,1.));
#8900=CARTESIAN_POINT('Ctrl Pts',(147.065058188555,-59.039970259106,1.));
#8901=CARTESIAN_POINT('Ctrl Pts',(145.867205761226,-59.488333046069,1.));
#8902=CARTESIAN_POINT('Ctrl Pts',(144.142039664887,-60.0314507448109,1.));
#8903=CARTESIAN_POINT('Ctrl Pts',(142.238014321714,-60.6308770058092,1.));
#8904=CARTESIAN_POINT('Ctrl Pts',(139.715597139982,-61.3383731680717,1.));
#8905=CARTESIAN_POINT('Ctrl Pts',(136.957167386842,-61.9781017287519,1.));
#8906=CARTESIAN_POINT('Ctrl Pts',(134.922977290444,-62.4498663263595,1.));
#8907=CARTESIAN_POINT('Ctrl Pts',(132.796223470645,-62.870644325571,1.));
#8908=CARTESIAN_POINT('Ctrl Pts',(130.713603713119,-63.1779863306695,1.));
#8909=CARTESIAN_POINT('Ctrl Pts',(129.749252347673,-63.3203002029953,1.));
#8910=CARTESIAN_POINT('Ctrl Pts',(128.791013233445,-63.4385896804405,1.));
#8911=CARTESIAN_POINT('Ctrl Pts',(127.862070344128,-63.5255461637515,1.));
#8912=CARTESIAN_POINT('',(107.461209732187,-62.4419634563373,1.));
#8913=CARTESIAN_POINT('Origin',(121.335905339334,6.19248226693938,1.));
#8914=CARTESIAN_POINT('',(105.124456817052,-62.7574126705828,1.));
#8915=CARTESIAN_POINT('Origin',(106.747886428532,-65.9705849810218,1.));
#8916=CARTESIAN_POINT('',(55.6114569472712,-57.5921138148539,1.));
#8917=CARTESIAN_POINT('Origin',(84.3815192134884,-21.7019629771664,1.));
#8918=CARTESIAN_POINT('',(50.8123135203585,-57.8573379284068,1.));
#8919=CARTESIAN_POINT('Origin',(53.3597907705826,-60.4010280942076,1.));
#8920=CARTESIAN_POINT('',(27.075,-67.7,1.));
#8921=CARTESIAN_POINT('Origin',(27.0749999999999,-34.155312342523,1.));
#8922=CARTESIAN_POINT('',(12.5,-67.7,1.));
#8923=CARTESIAN_POINT('',(84.975,-67.6999999999999,1.));
#8924=CARTESIAN_POINT('',(8.49999999999998,-63.7,1.));
#8925=CARTESIAN_POINT('Origin',(12.5,-63.7,1.));
#8926=CARTESIAN_POINT('',(8.49999999999998,-12.5,1.));
#8927=CARTESIAN_POINT('',(8.49999999999998,-55.6625,1.));
#8928=CARTESIAN_POINT('',(12.5,-8.5,1.));
#8929=CARTESIAN_POINT('Origin',(12.5,-12.5,1.));
#8930=CARTESIAN_POINT('',(101.8,-8.5,1.));
#8931=CARTESIAN_POINT('',(77.6875,-8.5,1.));
#8932=CARTESIAN_POINT('',(105.8,-12.5,1.));
#8933=CARTESIAN_POINT('Origin',(101.8,-12.5,1.));
#8934=CARTESIAN_POINT('',(105.8,-20.575,1.));
#8935=CARTESIAN_POINT('',(105.8,-30.0625,1.));
#8936=CARTESIAN_POINT('',(109.8,-24.575,1.));
#8937=CARTESIAN_POINT('Origin',(109.8,-20.575,1.));
#8938=CARTESIAN_POINT('',(175.95,-24.575,1.));
#8939=CARTESIAN_POINT('',(126.3375,-24.575,1.));
#8940=CARTESIAN_POINT('',(179.95,-20.575,1.));
#8941=CARTESIAN_POINT('Origin',(175.95,-20.575,1.));
#8942=CARTESIAN_POINT('',(179.95,-12.5,1.));
#8943=CARTESIAN_POINT('',(179.95,-34.1,1.));
#8944=CARTESIAN_POINT('',(183.95,-8.5,1.));
#8945=CARTESIAN_POINT('Origin',(183.95,-12.5,1.));
#8946=CARTESIAN_POINT('',(273.25,-8.49999999999999,1.));
#8947=CARTESIAN_POINT('',(163.4125,-8.5,1.));
#8948=CARTESIAN_POINT('',(277.25,-12.5,1.));
#8949=CARTESIAN_POINT('Origin',(273.25,-12.5,1.));
#8950=CARTESIAN_POINT('',(277.25,-63.7,1.));
#8951=CARTESIAN_POINT('',(277.25,-30.0625,1.));
#8952=CARTESIAN_POINT('',(273.25,-67.7,1.));
#8953=CARTESIAN_POINT('Origin',(273.25,-63.7,1.));
#8954=CARTESIAN_POINT('',(258.675,-67.7,1.));
#8955=CARTESIAN_POINT('',(208.0625,-67.6999999999999,1.));
#8956=CARTESIAN_POINT('Origin',(258.675,-34.1553123425232,1.));
#8957=CARTESIAN_POINT('',(168.224960403668,-16.8002008948719,1.));
#8958=CARTESIAN_POINT('Origin',(166.974960403668,-16.8002008948719,1.));
#8959=CARTESIAN_POINT('',(135.224960404814,-16.7999258103816,1.));
#8960=CARTESIAN_POINT('Origin',(133.974960404814,-16.7999258103816,1.));
#8961=CARTESIAN_POINT('Origin',(235.74375,-95.75,1.));
#8962=CARTESIAN_POINT('',(239.662933588453,-94.95,7.));
#8963=CARTESIAN_POINT('Origin',(235.74375,-95.75,7.));
#8964=CARTESIAN_POINT('',(239.662933588453,-94.95,1.));
#8965=CARTESIAN_POINT('Origin',(240.642729485566,-94.75,1.));
#8966=CARTESIAN_POINT('',(240.642729485566,-95.75,7.));
#8967=CARTESIAN_POINT('Origin',(240.642729485566,-94.75,7.));
#8968=CARTESIAN_POINT('',(240.642729485566,-95.75,1.));
#8969=CARTESIAN_POINT('Origin',(45.1072705144337,-94.75,1.));
#8970=CARTESIAN_POINT('',(45.1072705144337,-95.75,7.));
#8971=CARTESIAN_POINT('',(45.1072705144337,-95.75,1.));
#8972=CARTESIAN_POINT('',(46.0870664115469,-94.95,7.));
#8973=CARTESIAN_POINT('Origin',(45.1072705144337,-94.75,7.));
#8974=CARTESIAN_POINT('',(46.0870664115469,-94.95,1.));
#8975=CARTESIAN_POINT('Origin',(50.00625,-95.75,1.));
#8976=CARTESIAN_POINT('',(53.9254335884531,-94.95,7.));
#8977=CARTESIAN_POINT('Origin',(50.00625,-95.75,7.));
#8978=CARTESIAN_POINT('',(53.9254335884531,-94.95,1.));
#8979=CARTESIAN_POINT('Origin',(54.9052294855664,-94.75,1.));
#8980=CARTESIAN_POINT('',(54.9052294855664,-95.75,7.));
#8981=CARTESIAN_POINT('Origin',(54.9052294855664,-94.75,7.));
#8982=CARTESIAN_POINT('',(54.9052294855664,-95.75,1.));
#8983=CARTESIAN_POINT('Origin',(52.2510205144336,-0.500000000000002,1.));
#8984=CARTESIAN_POINT('',(53.2308164115469,-0.300000000000002,7.));
#8985=CARTESIAN_POINT('',(53.2308164115469,-0.300000000000002,1.));
#8986=CARTESIAN_POINT('',(52.2510205144336,0.499999999999998,7.));
#8987=CARTESIAN_POINT('Origin',(52.2510205144336,-0.500000000000002,7.));
#8988=CARTESIAN_POINT('',(52.2510205144336,0.499999999999998,1.));
#8989=CARTESIAN_POINT('Origin',(-0.5,0.499999999999998,0.));
#8990=CARTESIAN_POINT('',(62.0489794855664,0.499999999999998,7.));
#8991=CARTESIAN_POINT('',(28.325,0.499999999999998,7.));
#8992=CARTESIAN_POINT('',(62.0489794855664,0.499999999999998,1.));
#8993=CARTESIAN_POINT('',(223.701020514434,0.499999999999998,7.));
#8994=CARTESIAN_POINT('',(223.701020514434,0.499999999999998,1.));
#8995=CARTESIAN_POINT('',(233.498979485566,0.499999999999998,7.));
#8996=CARTESIAN_POINT('',(114.05,0.499999999999998,7.));
#8997=CARTESIAN_POINT('',(233.498979485566,0.499999999999998,1.));
#8998=CARTESIAN_POINT('',(285.25,0.499999999999998,19.));
#8999=CARTESIAN_POINT('',(285.25,0.499999999999998,0.));
#9000=CARTESIAN_POINT('',(0.5,0.499999999999998,19.));
#9001=CARTESIAN_POINT('',(71.1875,0.499999999999998,19.));
#9002=CARTESIAN_POINT('',(0.5,0.499999999999998,0.));
#9003=CARTESIAN_POINT('Origin',(62.0489794855664,-0.500000000000001,1.));
#9004=CARTESIAN_POINT('',(61.0691835884531,-0.300000000000002,7.));
#9005=CARTESIAN_POINT('Origin',(62.0489794855664,-0.500000000000001,7.));
#9006=CARTESIAN_POINT('',(61.0691835884531,-0.300000000000002,1.));
#9007=CARTESIAN_POINT('Origin',(57.15,0.499999999999998,1.));
#9008=CARTESIAN_POINT('Origin',(57.15,0.499999999999998,7.));
#9009=CARTESIAN_POINT('Origin',(233.498979485566,-0.500000000000002,1.));
#9010=CARTESIAN_POINT('',(232.519183588453,-0.300000000000003,7.));
#9011=CARTESIAN_POINT('Origin',(233.498979485566,-0.500000000000002,7.));
#9012=CARTESIAN_POINT('',(232.519183588453,-0.3,1.));
#9013=CARTESIAN_POINT('Origin',(228.6,0.499999999999998,1.));
#9014=CARTESIAN_POINT('',(224.680816411547,-0.300000000000002,7.));
#9015=CARTESIAN_POINT('Origin',(228.6,0.499999999999998,7.));
#9016=CARTESIAN_POINT('',(224.680816411547,-0.3,1.));
#9017=CARTESIAN_POINT('Origin',(223.701020514434,-0.500000000000002,1.));
#9018=CARTESIAN_POINT('Origin',(223.701020514434,-0.500000000000002,7.));
#9019=CARTESIAN_POINT('Origin',(228.6,-1.49999999999999,7.));
#9020=CARTESIAN_POINT('Origin',(235.74375,-93.75,7.));
#9021=CARTESIAN_POINT('',(246.709375,-95.75,7.));
#9022=CARTESIAN_POINT('Origin',(57.15,-1.5,7.));
#9023=CARTESIAN_POINT('Origin',(50.00625,-93.75,7.));
#9024=CARTESIAN_POINT('',(153.840625,-95.75,7.));
#9025=CARTESIAN_POINT('Origin',(172.475039915613,-26.3,-6.43402305066612));
#9026=CARTESIAN_POINT('',(172.475039915613,-43.1,-4.67902305066612));
#9027=CARTESIAN_POINT('',(155.675039915613,-26.3,-4.67902305066612));
#9028=CARTESIAN_POINT('Origin',(172.475039915613,-26.3,-4.67902305066612));
#9029=CARTESIAN_POINT('',(172.475039915613,-43.1,-6.8975276320969));
#9030=CARTESIAN_POINT('',(172.475039915613,-43.1,-6.43402305066612));
#9031=CARTESIAN_POINT('',(155.675039915613,-26.3,-9.10928959156516));
#9032=CARTESIAN_POINT('Origin',(172.475039915613,-26.3,-9.10928959156515));
#9033=CARTESIAN_POINT('',(155.675039915613,-26.3,-6.43402305066612));
#9034=CARTESIAN_POINT('Origin',(155.675039915613,-21.5501067001015,-6.43402305066612));
#9035=CARTESIAN_POINT('',(155.675039915613,-22.5500983643041,-9.60297350761158));
#9036=CARTESIAN_POINT('',(155.675039915613,-38.6790395216417,-7.47955812080794));
#9037=CARTESIAN_POINT('',(155.675039915613,-22.5500983643041,-4.67902305066612));
#9038=CARTESIAN_POINT('',(155.675039915613,-22.5500983643041,-6.43402305066612));
#9039=CARTESIAN_POINT('',(155.675039915613,-21.5501067001015,-4.67902305066612));
#9040=CARTESIAN_POINT('Origin',(215.8375,-41.1,-6.43402305066612));
#9041=CARTESIAN_POINT('',(215.8375,-43.1,-4.67902305066612));
#9042=CARTESIAN_POINT('',(213.8375,-41.1,-4.67902305066612));
#9043=CARTESIAN_POINT('Origin',(215.8375,-41.1,-4.67902305066612));
#9044=CARTESIAN_POINT('',(213.8375,-41.1,-2.2));
#9045=CARTESIAN_POINT('',(213.8375,-41.1,-6.43402305066612));
#9046=CARTESIAN_POINT('',(215.8375,-43.1,-2.2));
#9047=CARTESIAN_POINT('Origin',(215.8375,-41.1,-2.2));
#9048=CARTESIAN_POINT('',(215.8375,-43.1,-6.43402305066612));
#9049=CARTESIAN_POINT('Origin',(213.8375,-33.1000000000001,-6.43402305066612));
#9050=CARTESIAN_POINT('',(213.8375,-35.1000000000001,-4.67902305066612));
#9051=CARTESIAN_POINT('',(213.8375,-32.7125266750254,-4.67902305066612));
#9052=CARTESIAN_POINT('',(213.8375,-35.1000000000001,-2.2));
#9053=CARTESIAN_POINT('',(213.8375,-35.1000000000001,-6.43402305066612));
#9054=CARTESIAN_POINT('',(213.8375,-35.5999999999999,-2.2));
#9055=CARTESIAN_POINT('Origin',(215.8375,-35.1000000000001,-6.43402305066612));
#9056=CARTESIAN_POINT('',(215.8375,-33.1000000000001,-4.67902305066612));
#9057=CARTESIAN_POINT('Origin',(215.8375,-35.1000000000001,-4.67902305066612));
#9058=CARTESIAN_POINT('',(215.8375,-33.1000000000001,-2.2));
#9059=CARTESIAN_POINT('',(215.8375,-33.1000000000001,-6.43402305066612));
#9060=CARTESIAN_POINT('Origin',(215.8375,-35.1000000000001,-2.2));
#9061=CARTESIAN_POINT('Origin',(233.8375,-33.1,-6.43402305066612));
#9062=CARTESIAN_POINT('',(171.775039915613,-33.1000000000002,-4.67902305066612));
#9063=CARTESIAN_POINT('',(233.8375,-33.1,-4.67902305066612));
#9064=CARTESIAN_POINT('',(171.775039915613,-33.1000000000002,-8.21405260797083));
#9065=CARTESIAN_POINT('',(171.775039915613,-33.1000000000002,-6.43402305066612));
#9066=CARTESIAN_POINT('',(231.8375,-33.1,-8.21405260797085));
#9067=CARTESIAN_POINT('',(188.35625,-33.1000000000002,-8.21405260797084));
#9068=CARTESIAN_POINT('',(231.8375,-33.1,-2.2));
#9069=CARTESIAN_POINT('',(231.8375,-33.1,-6.43402305066612));
#9070=CARTESIAN_POINT('',(188.35625,-33.1000000000002,-2.2));
#9071=CARTESIAN_POINT('Origin',(231.8375,-35.1,-6.43402305066612));
#9072=CARTESIAN_POINT('',(233.8375,-35.1,-7.95074761279606));
#9073=CARTESIAN_POINT('Origin',(231.8375,-35.1,-7.95074761279606));
#9074=CARTESIAN_POINT('',(233.8375,-35.1,-2.2));
#9075=CARTESIAN_POINT('',(233.8375,-35.1,-6.43402305066612));
#9076=CARTESIAN_POINT('Origin',(231.8375,-35.1,-2.2));
#9077=CARTESIAN_POINT('Origin',(233.8375,-43.1,-6.43402305066612));
#9078=CARTESIAN_POINT('',(233.8375,-41.1,-7.16083262727168));
#9079=CARTESIAN_POINT('',(233.8375,-49.2704124696528,-6.08517741932269));
#9080=CARTESIAN_POINT('',(233.8375,-41.1,-2.2));
#9081=CARTESIAN_POINT('',(233.8375,-41.1,-6.43402305066612));
#9082=CARTESIAN_POINT('',(233.8375,-40.6,-2.2));
#9083=CARTESIAN_POINT('Origin',(231.8375,-41.1,-6.43402305066612));
#9084=CARTESIAN_POINT('',(231.8375,-43.1,-6.89752763209689));
#9085=CARTESIAN_POINT('Origin',(231.8375,-41.1,-7.16083262727168));
#9086=CARTESIAN_POINT('',(231.8375,-43.1,-2.2));
#9087=CARTESIAN_POINT('',(231.8375,-43.1,-6.43402305066612));
#9088=CARTESIAN_POINT('Origin',(231.8375,-41.1,-2.2));
#9089=CARTESIAN_POINT('Origin',(155.675039915613,-43.1,-6.43402305066612));
#9090=CARTESIAN_POINT('',(233.8375,-43.1,-4.67902305066612));
#9091=CARTESIAN_POINT('',(149.275019957806,-43.1,-2.2));
#9092=CARTESIAN_POINT('',(149.275019957806,-43.1,-6.8975276320969));
#9093=CARTESIAN_POINT('Origin',(162.79915561251,-14.0501728320811,-6.43402305066612));
#9094=CARTESIAN_POINT('',(162.799168035665,-12.0501728321197,-3.17902305066612));
#9095=CARTESIAN_POINT('',(164.469477528973,-15.1501840571974,-3.17902305066612));
#9096=CARTESIAN_POINT('Origin',(162.79915561251,-14.0501728320811,-3.17902305066612));
#9097=CARTESIAN_POINT('',(164.469477528973,-15.1501840571974,-2.67902305066612));
#9098=CARTESIAN_POINT('',(164.469477528973,-15.1501840571974,-6.43402305066612));
#9099=CARTESIAN_POINT('',(162.799168035665,-12.0501728321197,-2.67902305066612));
#9100=CARTESIAN_POINT('Origin',(162.79915561251,-14.0501728320811,-2.67902305066612));
#9101=CARTESIAN_POINT('',(162.799168035665,-12.0501728321197,-6.43402305066612));
#9102=CARTESIAN_POINT('Origin',(166.974960403668,-16.8002008948719,-6.43402305066612));
#9103=CARTESIAN_POINT('',(164.469452686265,-18.4501800092959,-3.17902305066612));
#9104=CARTESIAN_POINT('Origin',(166.974960403668,-16.8002008948719,-3.17902305066612));
#9105=CARTESIAN_POINT('',(164.469452686265,-18.4501800092959,-2.67902305066612));
#9106=CARTESIAN_POINT('',(164.469452686265,-18.4501800092959,-6.43402305066612));
#9107=CARTESIAN_POINT('Origin',(166.974960403668,-16.8002008948719,-2.67902305066612));
#9108=CARTESIAN_POINT('Origin',(162.799114207997,-19.5501660855785,-6.43402305066612));
#9109=CARTESIAN_POINT('',(162.79909753622,-21.5501660855091,-2.67902305066612));
#9110=CARTESIAN_POINT('Origin',(162.799114207997,-19.5501660855785,-2.67902305066612));
#9111=CARTESIAN_POINT('',(162.79909753622,-21.5501660855091,-3.17902305066612));
#9112=CARTESIAN_POINT('Origin',(162.799114207997,-19.5501660855785,-3.17902305066612));
#9113=CARTESIAN_POINT('',(162.79909753622,-21.5501660855091,-6.43402305066612));
#9114=CARTESIAN_POINT('Origin',(150.474960404235,-16.0250921115068,-2.67902305066612));
#9115=CARTESIAN_POINT('',(138.150744081212,-21.5499606195794,-2.67902305066612));
#9116=CARTESIAN_POINT('',(166.970428389032,-21.5502008572585,-2.67902305066612));
#9117=CARTESIAN_POINT('',(136.480440613719,-18.449946695942,-2.67902305066612));
#9118=CARTESIAN_POINT('Origin',(138.150760752989,-19.5499606196489,-2.67902305066612));
#9119=CARTESIAN_POINT('',(136.374971585617,-14.9999407182146,-2.67902305066612));
#9120=CARTESIAN_POINT('Origin',(133.974960404814,-16.7999258103816,-2.67902305066612));
#9121=CARTESIAN_POINT('',(135.974979039524,-13.7999382336047,-2.67902305066612));
#9122=CARTESIAN_POINT('Origin',(137.974979039485,-13.7999506567699,-2.67902305066612));
#9123=CARTESIAN_POINT('',(135.974984156601,-12.9761422399993,-2.67902305066612));
#9124=CARTESIAN_POINT('',(135.974974294297,-14.5638702560902,-2.67902305066612));
#9125=CARTESIAN_POINT('',(136.441658799494,-11.6920544531454,-2.67902305066612));
#9126=CARTESIAN_POINT('Origin',(137.974984156562,-12.9761546631645,-2.67902305066612));
#9127=CARTESIAN_POINT('',(136.550433320279,-11.5333362320905,-2.67902305066612));
#9128=CARTESIAN_POINT('Origin',(135.674996120959,-11.0500043481358,-2.67902305066612));
#9129=CARTESIAN_POINT('',(138.301307718919,-10.5,-2.67902305066612));
#9130=CARTESIAN_POINT('Origin',(138.301307718919,-12.5,-2.67902305066612));
#9131=CARTESIAN_POINT('',(147.448636065838,-10.5,-2.67902305066612));
#9132=CARTESIAN_POINT('',(142.875,-10.5,-2.67902305066612));
#9133=CARTESIAN_POINT('',(149.199543385739,-11.5333958632841,-2.67902305066612));
#9134=CARTESIAN_POINT('Origin',(147.448636065838,-12.5,-2.67902305066612));
#9135=CARTESIAN_POINT('',(150.074990834113,-12.0500937949069,-2.67902305066612));
#9136=CARTESIAN_POINT('Origin',(150.07499704569,-11.0500937949262,-2.67902305066612));
#9137=CARTESIAN_POINT('',(149.074990834127,-12.0500875833294,-2.67902305066612));
#9138=CARTESIAN_POINT('Origin',(133.97492080932,-21.5499258103816,-6.43402305066612));
#9139=CARTESIAN_POINT('',(166.970428389032,-21.5502008572585,-3.17902305066612));
#9140=CARTESIAN_POINT('',(166.970428389032,-21.5502008572585,-3.17902305066612));
#9141=CARTESIAN_POINT('',(166.970428389032,-21.5502008572585,-9.73461251174554));
#9142=CARTESIAN_POINT('',(166.970428389032,-21.5502008572585,-6.43402305066612));
#9143=CARTESIAN_POINT('',(165.275048251501,-21.5501867247585,-9.73461437232447));
#9144=CARTESIAN_POINT('',(138.425105664804,-21.549962906627,-9.73464383854049));
#9145=CARTESIAN_POINT('',(165.275048251501,-21.5501867247585,-4.67902305066612));
#9146=CARTESIAN_POINT('',(165.275048251501,-21.5501867247585,-6.43402305066612));
#9147=CARTESIAN_POINT('',(154.675048251501,-21.5500983643389,-4.67902305066612));
#9148=CARTESIAN_POINT('',(164.365640291583,-21.550179144035,-4.67902305066612));
#9149=CARTESIAN_POINT('',(154.675048251501,-21.5500983643389,-9.7346260051944));
#9150=CARTESIAN_POINT('',(154.675048251501,-21.5500983643389,-6.43402305066612));
#9151=CARTESIAN_POINT('',(133.974920809319,-21.5499258103816,-9.73464872235385));
#9152=CARTESIAN_POINT('',(138.425105664804,-21.549962906627,-9.73464383854049));
#9153=CARTESIAN_POINT('',(133.974920809319,-21.5499258103816,-3.17902305066612));
#9154=CARTESIAN_POINT('',(133.974920809319,-21.5499258103816,-6.43402305066612));
#9155=CARTESIAN_POINT('',(138.150744081212,-21.5499606195794,-3.17902305066612));
#9156=CARTESIAN_POINT('',(166.970428389032,-21.5502008572585,-3.17902305066612));
#9157=CARTESIAN_POINT('',(138.150744081212,-21.5499606195794,-6.43402305066612));
#9158=CARTESIAN_POINT('Origin',(138.150760752989,-19.5499606196489,-6.43402305066612));
#9159=CARTESIAN_POINT('',(136.480440613719,-18.449946695942,-3.17902305066612));
#9160=CARTESIAN_POINT('Origin',(138.150760752989,-19.5499606196489,-3.17902305066612));
#9161=CARTESIAN_POINT('',(136.480440613719,-18.449946695942,-6.43402305066612));
#9162=CARTESIAN_POINT('Origin',(133.974960404814,-16.7999258103816,-6.43402305066612));
#9163=CARTESIAN_POINT('',(136.374971585617,-14.9999407182146,-3.17902305066612));
#9164=CARTESIAN_POINT('Origin',(133.974960404814,-16.7999258103816,-3.17902305066612));
#9165=CARTESIAN_POINT('',(136.374971585617,-14.9999407182146,-6.43402305066612));
#9166=CARTESIAN_POINT('Origin',(137.974979039485,-13.7999506567699,-6.43402305066612));
#9167=CARTESIAN_POINT('',(135.974979039524,-13.7999382336047,-3.17902305066612));
#9168=CARTESIAN_POINT('Origin',(137.974979039485,-13.7999506567699,-3.17902305066612));
#9169=CARTESIAN_POINT('',(135.974979039524,-13.7999382336047,-6.43402305066612));
#9170=CARTESIAN_POINT('Origin',(166.974989908699,-12.0501987705609,-6.43402305066612));
#9171=CARTESIAN_POINT('',(150.074990834113,-12.0500937949069,-10.9853253338518));
#9172=CARTESIAN_POINT('',(150.074990834113,-12.0500937949069,-6.43402305066612));
#9173=CARTESIAN_POINT('',(166.974989908699,-12.0501987705609,-10.9853115135448));
#9174=CARTESIAN_POINT('',(154.925133724122,-12.0501239219453,-10.9853213675519));
#9175=CARTESIAN_POINT('',(166.974989908699,-12.0501987705609,-3.17902305066612));
#9176=CARTESIAN_POINT('',(166.974989908699,-12.0501987705609,-6.43402305066612));
#9177=CARTESIAN_POINT('',(149.074990834127,-12.0500875833294,-3.17902305066612));
#9178=CARTESIAN_POINT('Origin',(137.974984156562,-12.9761546631645,-6.43402305066612));
#9179=CARTESIAN_POINT('',(135.974984156601,-12.9761422399993,-3.17902305066612));
#9180=CARTESIAN_POINT('',(135.974984156601,-12.9761422399993,-6.43402305066612));
#9181=CARTESIAN_POINT('',(136.441658799494,-11.6920544531454,-3.17902305066612));
#9182=CARTESIAN_POINT('Origin',(137.974984156562,-12.9761546631645,-3.17902305066612));
#9183=CARTESIAN_POINT('',(136.441658799494,-11.6920544531454,-6.43402305066612));
#9184=CARTESIAN_POINT('Origin',(135.674996120959,-11.0500043481358,-6.43402305066612));
#9185=CARTESIAN_POINT('',(135.674989909377,-12.0500043481165,-3.17902305066612));
#9186=CARTESIAN_POINT('Origin',(135.674996120959,-11.0500043481358,-3.17902305066612));
#9187=CARTESIAN_POINT('',(135.674989909377,-12.0500043481165,-10.9853371097452));
#9188=CARTESIAN_POINT('',(135.674989909377,-12.0500043481165,-6.43402305066612));
#9189=CARTESIAN_POINT('',(136.550433320279,-11.5333362320905,-11.0533577576438));
#9190=CARTESIAN_POINT('Origin',(135.674996120959,-11.0500043481358,-11.11698960733));
#9191=CARTESIAN_POINT('',(136.550433320279,-11.5333362320905,-6.43402305066612));
#9192=CARTESIAN_POINT('Origin',(138.301307718919,-12.5,-6.43402305066612));
#9193=CARTESIAN_POINT('',(138.301307718919,-10.5,-11.189399053446));
#9194=CARTESIAN_POINT('Origin',(138.301307718919,-12.5,-10.9260940582712));
#9195=CARTESIAN_POINT('',(138.301307718919,-10.5,-7.25592701156995));
#9196=CARTESIAN_POINT('',(138.301307718919,-10.5,-6.43402305066612));
#9197=CARTESIAN_POINT('',(138.2,-10.5025674614427,-6.71402305066611));
#9198=CARTESIAN_POINT('Ctrl Pts',(138.301307718919,-10.5,-7.25592701156984));
#9199=CARTESIAN_POINT('Ctrl Pts',(138.233267989123,-10.5,-7.08031167797269));
#9200=CARTESIAN_POINT('Ctrl Pts',(138.2,-10.5025674614427,-6.8912628763513));
#9201=CARTESIAN_POINT('Ctrl Pts',(138.2,-10.5025674614427,-6.71402305066611));
#9202=CARTESIAN_POINT('',(138.2,-10.5025674614427,-6.15402305066611));
#9203=CARTESIAN_POINT('',(138.2,-10.5025674614427,-6.43402305066612));
#9204=CARTESIAN_POINT('',(138.301307718919,-10.5,-5.61211908976226));
#9205=CARTESIAN_POINT('Ctrl Pts',(138.2,-10.5025674614427,-6.15402305066611));
#9206=CARTESIAN_POINT('Ctrl Pts',(138.2,-10.5025674614427,-5.97678322498092));
#9207=CARTESIAN_POINT('Ctrl Pts',(138.233267989123,-10.5,-5.78773442335951));
#9208=CARTESIAN_POINT('Ctrl Pts',(138.301307718919,-10.5,-5.61211908976237));
#9209=CARTESIAN_POINT('',(138.301307718919,-10.5,-6.43402305066612));
#9210=CARTESIAN_POINT('Origin',(149.075000462624,-10.5,-6.43402305066612));
#9211=CARTESIAN_POINT('',(147.448636065838,-10.5,-11.189399053446));
#9212=CARTESIAN_POINT('',(145.975000231312,-10.5,-11.189399053446));
#9213=CARTESIAN_POINT('',(147.448636065838,-10.5,-7.25607208473643));
#9214=CARTESIAN_POINT('',(147.448636065838,-10.5,-6.43402305066612));
#9215=CARTESIAN_POINT('',(146.05,-10.5,-8.21402305066611));
#9216=CARTESIAN_POINT('Origin',(146.05,-10.5,-6.71402305066611));
#9217=CARTESIAN_POINT('',(139.7,-10.5,-8.21402305066611));
#9218=CARTESIAN_POINT('',(144.387500231312,-10.5,-8.21402305066611));
#9219=CARTESIAN_POINT('Origin',(139.7,-10.5,-6.71402305066611));
#9220=CARTESIAN_POINT('Origin',(147.448636065838,-12.5,-6.43402305066612));
#9221=CARTESIAN_POINT('',(149.199543385739,-11.5333958632841,-11.0533499070482));
#9222=CARTESIAN_POINT('Origin',(147.448636065838,-12.5,-10.9260940582712));
#9223=CARTESIAN_POINT('',(149.199543385739,-11.5333958632841,-6.43402305066612));
#9224=CARTESIAN_POINT('',(147.448636065838,-10.5,-5.61197401659581));
#9225=CARTESIAN_POINT('',(147.448636065838,-10.5,-6.43402305066612));
#9226=CARTESIAN_POINT('',(147.55,-10.502570313415,-6.15402305066611));
#9227=CARTESIAN_POINT('Ctrl Pts',(147.448636065838,-10.5,-5.61197401659592));
#9228=CARTESIAN_POINT('Ctrl Pts',(147.516712758637,-10.5,-5.7876306672066));
#9229=CARTESIAN_POINT('Ctrl Pts',(147.55,-10.502570313415,-5.97673430516239));
#9230=CARTESIAN_POINT('Ctrl Pts',(147.55,-10.502570313415,-6.15402305066611));
#9231=CARTESIAN_POINT('',(147.55,-10.502570313415,-6.71402305066611));
#9232=CARTESIAN_POINT('',(147.55,-10.502570313415,-6.43402305066612));
#9233=CARTESIAN_POINT('Ctrl Pts',(147.55,-10.502570313415,-6.71402305066611));
#9234=CARTESIAN_POINT('Ctrl Pts',(147.55,-10.502570313415,-6.89131179616983));
#9235=CARTESIAN_POINT('Ctrl Pts',(147.516712758637,-10.5,-7.08041543412563));
#9236=CARTESIAN_POINT('Ctrl Pts',(147.448636065838,-10.5,-7.25607208473632));
#9237=CARTESIAN_POINT('Origin',(171.775039915613,-25.6000000000002,-6.43402305066612));
#9238=CARTESIAN_POINT('',(164.275039915613,-25.6000000000002,-9.2014463398763));
#9239=CARTESIAN_POINT('Origin',(171.775039915613,-25.6000000000002,-9.20144633987631));
#9240=CARTESIAN_POINT('',(164.275039915613,-25.6000000000002,-4.67902305066612));
#9241=CARTESIAN_POINT('Origin',(171.775039915613,-25.6000000000002,-4.67902305066612));
#9242=CARTESIAN_POINT('',(164.275039915613,-25.6000000000002,-6.43402305066612));
#9243=CARTESIAN_POINT('Origin',(142.875,-55.3808430327223,-5.28072397436024));
#9244=CARTESIAN_POINT('',(0.500000000000007,-98.6181543400836,0.411576048217636));
#9245=CARTESIAN_POINT('',(4.50000000000001,-102.583933785579,0.933680817097838));
#9246=CARTESIAN_POINT('Origin',(4.50000000000002,-98.6181543400836,0.41157604821763));
#9247=CARTESIAN_POINT('',(0.500000000000007,-12.1435317253609,-10.9730239969381));
#9248=CARTESIAN_POINT('',(0.500000000000004,-12.1435317253609,-10.9730239969381));
#9249=CARTESIAN_POINT('',(4.50000000000003,-8.17775227986565,-11.4951287658183));
#9250=CARTESIAN_POINT('Origin',(4.50000000000001,-12.1435317253609,-10.9730239969381));
#9251=CARTESIAN_POINT('',(281.25,-8.17775227986565,-11.4951287658183));
#9252=CARTESIAN_POINT('',(281.25,-8.17775227986565,-11.4951287658183));
#9253=CARTESIAN_POINT('',(285.25,-12.1435317253608,-10.9730239969381));
#9254=CARTESIAN_POINT('Origin',(281.25,-12.1435317253607,-10.9730239969381));
#9255=CARTESIAN_POINT('',(285.25,-98.6181543400836,0.411576048217668));
#9256=CARTESIAN_POINT('',(285.25,-98.6181543400836,0.411576048217668));
#9257=CARTESIAN_POINT('',(281.25,-102.583933785579,0.933680817097875));
#9258=CARTESIAN_POINT('Origin',(281.25,-98.6181543400836,0.41157604821767));
#9259=CARTESIAN_POINT('',(4.5,-102.583933785579,0.933680817097837));
#9260=CARTESIAN_POINT('',(272.95,-94.1070802208328,-0.182318126383565));
#9261=CARTESIAN_POINT('Origin',(276.7,-94.1070802208328,-0.182318126383565));
#9262=CARTESIAN_POINT('',(272.95,-16.6546058446117,-10.3791298223369));
#9263=CARTESIAN_POINT('Origin',(276.7,-16.6546058446117,-10.3791298223369));
#9264=CARTESIAN_POINT('',(5.30000000000001,-16.6546058446117,-10.3791298223369));
#9265=CARTESIAN_POINT('Origin',(9.05000000000001,-16.6546058446117,-10.3791298223369));
#9266=CARTESIAN_POINT('',(5.29999999999999,-94.1070802208328,-0.182318126383447));
#9267=CARTESIAN_POINT('Origin',(9.05,-94.1070802208328,-0.182318126383448));
#9268=CARTESIAN_POINT('',(94.0115336144154,-82.0922043037428,-1.76410654907114));
#9269=CARTESIAN_POINT('',(91.949235885026,-78.133786758205,-2.28524210543497));
#9270=CARTESIAN_POINT('Origin',(92.8750000000001,-80.1669645670675,-2.01756916885895));
#9271=CARTESIAN_POINT('',(126.997571709494,-63.0524796173844,-4.27073385740662));
#9272=CARTESIAN_POINT('Ctrl Pts',(126.997571709494,-63.0524796173844,-4.27073385740662));
#9273=CARTESIAN_POINT('Ctrl Pts',(126.997453654374,-63.0525742136738,-4.27072140356887));
#9274=CARTESIAN_POINT('Ctrl Pts',(126.997335599263,-63.0526688099566,-4.27070894973197));
#9275=CARTESIAN_POINT('Ctrl Pts',(126.997217544153,-63.0527634062388,-4.27069649589516));
#9276=CARTESIAN_POINT('Ctrl Pts',(126.805308361362,-63.206538157438,-4.25045166583391));
#9277=CARTESIAN_POINT('Ctrl Pts',(126.747691105578,-63.2721272574883,-4.24181669699777));
#9278=CARTESIAN_POINT('Ctrl Pts',(126.539948513041,-63.4304468851979,-4.2209735225927));
#9279=CARTESIAN_POINT('Ctrl Pts',(126.305301806616,-63.6092700083273,-4.19743101180634));
#9280=CARTESIAN_POINT('Ctrl Pts',(125.78362539243,-63.9707825106944,-4.14983698796064));
#9281=CARTESIAN_POINT('Ctrl Pts',(124.661474725951,-64.7020736656946,-4.05356068094129));
#9282=CARTESIAN_POINT('Ctrl Pts',(123.374214331005,-65.540964706913,-3.94311858016119));
#9283=CARTESIAN_POINT('Ctrl Pts',(121.311359861863,-66.8577212961255,-3.76976428647671));
#9284=CARTESIAN_POINT('Ctrl Pts',(118.644536879958,-68.509031531642,-3.55236516967933));
#9285=CARTESIAN_POINT('Ctrl Pts',(114.847197679537,-70.8603631093015,-3.24280649482434));
#9286=CARTESIAN_POINT('Ctrl Pts',(109.870928766691,-73.8596628636457,-2.84794119115167));
#9287=CARTESIAN_POINT('Ctrl Pts',(104.998239679407,-76.5594506594462,-2.49250738487857));
#9288=CARTESIAN_POINT('Ctrl Pts',(101.112155565557,-78.7125949040491,-2.20904056741067));
#9289=CARTESIAN_POINT('Ctrl Pts',(97.3334981478959,-80.6446259746821,-1.95468385154537));
#9290=CARTESIAN_POINT('Ctrl Pts',(94.0244074177631,-82.0865944188236,-1.76484510443193));
#9291=CARTESIAN_POINT('Ctrl Pts',(94.0201161499807,-82.0884643804633,-1.76459891931168));
#9292=CARTESIAN_POINT('Ctrl Pts',(94.0158248821982,-82.090334342103,-1.76435273419141));
#9293=CARTESIAN_POINT('Ctrl Pts',(94.0115336144154,-82.0922043037428,-1.76410654907114));
#9294=CARTESIAN_POINT('',(127.785802480693,-62.7325950579363,-4.31284745859762));
#9295=CARTESIAN_POINT('Origin',(127.936537208211,-64.2122345070161,-4.11804922959742));
#9296=CARTESIAN_POINT('',(150.082807423227,-56.7215086219375,-5.10422200111058));
#9297=CARTESIAN_POINT('Ctrl Pts',(150.082807423227,-56.7215086219375,-5.10422200111058));
#9298=CARTESIAN_POINT('Ctrl Pts',(150.082194090192,-56.7218290841135,-5.10417981146472));
#9299=CARTESIAN_POINT('Ctrl Pts',(150.081580757158,-56.722149546289,-5.10413762181893));
#9300=CARTESIAN_POINT('Ctrl Pts',(150.080967424124,-56.7224700084644,-5.10409543217316));
#9301=CARTESIAN_POINT('Ctrl Pts',(149.245214539738,-57.1591449837554,-5.04660608104219));
#9302=CARTESIAN_POINT('Ctrl Pts',(148.53560080002,-57.5218752736663,-4.99885173242482));
#9303=CARTESIAN_POINT('Ctrl Pts',(147.719186821704,-57.8811749221417,-4.95154903632076));
#9304=CARTESIAN_POINT('Ctrl Pts',(146.774622438355,-58.2968729134964,-4.89682135751685));
#9305=CARTESIAN_POINT('Ctrl Pts',(145.606879015808,-58.7348437733976,-4.83916139994034));
#9306=CARTESIAN_POINT('Ctrl Pts',(143.900865086614,-59.2719319767951,-4.76845239653834));
#9307=CARTESIAN_POINT('Ctrl Pts',(142.018013111937,-59.8646924267761,-4.69041400282732));
#9308=CARTESIAN_POINT('Ctrl Pts',(139.512106589208,-60.567666509494,-4.5978657090983));
#9309=CARTESIAN_POINT('Ctrl Pts',(136.775690657834,-61.2022896762458,-4.5143159841686));
#9310=CARTESIAN_POINT('Ctrl Pts',(133.825267358955,-61.8865449298882,-4.42423207103929));
#9311=CARTESIAN_POINT('Ctrl Pts',(130.681477625404,-62.4615715892761,-4.34852837515153));
#9312=CARTESIAN_POINT('Ctrl Pts',(127.786652800751,-62.7325155402376,-4.31285792730125));
#9313=CARTESIAN_POINT('Ctrl Pts',(127.786369363048,-62.7325420688657,-4.3128544347411));
#9314=CARTESIAN_POINT('Ctrl Pts',(127.786085925345,-62.7325685974938,-4.31285094218096));
#9315=CARTESIAN_POINT('Ctrl Pts',(127.785802487639,-62.7325951261222,-4.31284744962078));
#9316=CARTESIAN_POINT('',(151.805385008543,-56.9806098436676,-5.07011067814186));
#9317=CARTESIAN_POINT('Origin',(150.760934296839,-58.0480247754165,-4.92958283641503));
#9318=CARTESIAN_POINT('',(191.738449458659,-82.0921969276989,-1.76410752014575));
#9319=CARTESIAN_POINT('Ctrl Pts',(191.738449458659,-82.0921969276989,-1.76410752014575));
#9320=CARTESIAN_POINT('Ctrl Pts',(191.734163762315,-82.0903293938581,-1.76435338564022));
#9321=CARTESIAN_POINT('Ctrl Pts',(191.729878065971,-82.0884618600172,-1.7645992511347));
#9322=CARTESIAN_POINT('Ctrl Pts',(191.725592369626,-82.0865943261765,-1.76484511662916));
#9323=CARTESIAN_POINT('Ctrl Pts',(189.957098294552,-81.3159558424634,-1.86630159774696));
#9324=CARTESIAN_POINT('Ctrl Pts',(188.166815588025,-80.4868541138081,-1.97545491107844));
#9325=CARTESIAN_POINT('Ctrl Pts',(186.364998247101,-79.6074541895452,-2.09123010748582));
#9326=CARTESIAN_POINT('Ctrl Pts',(181.453179140665,-77.2101782548061,-2.40683747170039));
#9327=CARTESIAN_POINT('Ctrl Pts',(176.43222976286,-74.4220517220972,-2.7739012933212));
#9328=CARTESIAN_POINT('Ctrl Pts',(171.954409738175,-71.7484160847288,-3.12589210261942));
#9329=CARTESIAN_POINT('Ctrl Pts',(167.813961246238,-69.2762196628744,-3.45136293608318));
#9330=CARTESIAN_POINT('Ctrl Pts',(164.19424188144,-66.9413489230499,-3.7587545005248));
#9331=CARTESIAN_POINT('Ctrl Pts',(161.444067956249,-65.0281794533697,-4.01062803951615));
#9332=CARTESIAN_POINT('Ctrl Pts',(159.061291091363,-63.370591215329,-4.22885367102571));
#9333=CARTESIAN_POINT('Ctrl Pts',(157.339910872356,-62.0348283703592,-4.40471018575042));
#9334=CARTESIAN_POINT('Ctrl Pts',(155.91366757822,-60.8099226834212,-4.56597207874482));
#9335=CARTESIAN_POINT('Ctrl Pts',(154.452768010985,-59.5552530241077,-4.73115247304058));
#9336=CARTESIAN_POINT('Ctrl Pts',(153.220176782494,-58.3640276805143,-4.88798026471404));
#9337=CARTESIAN_POINT('Ctrl Pts',(151.806152830941,-56.9813606391018,-5.07001183404777));
#9338=CARTESIAN_POINT('Ctrl Pts',(151.80589689014,-56.9811103739563,-5.07004478207923));
#9339=CARTESIAN_POINT('Ctrl Pts',(151.805640949339,-56.9808601088109,-5.07007773011068));
#9340=CARTESIAN_POINT('Ctrl Pts',(151.805385008542,-56.9806098436688,-5.0701106781417));
#9341=CARTESIAN_POINT('',(193.800748869656,-78.133777618457,-2.28524330870561));
#9342=CARTESIAN_POINT('Origin',(192.875,-80.1669645670675,-2.01756916885895));
#9343=CARTESIAN_POINT('',(144.925722054205,-29.6768774840098,-8.66471523674862));
#9344=CARTESIAN_POINT('Ctrl Pts',(144.925722054205,-29.6768774840098,-8.66471523674862));
#9345=CARTESIAN_POINT('Ctrl Pts',(144.928246755386,-29.681016180088,-8.66417036707317));
#9346=CARTESIAN_POINT('Ctrl Pts',(144.930771456567,-29.6851548761665,-8.66362549739767));
#9347=CARTESIAN_POINT('Ctrl Pts',(144.933296157748,-29.6892935722451,-8.66308062772218));
#9348=CARTESIAN_POINT('Ctrl Pts',(150.801417311925,-39.308796343904,-7.3966490622844));
#9349=CARTESIAN_POINT('Ctrl Pts',(157.437393864123,-48.1711445508592,-6.22989878634957));
#9350=CARTESIAN_POINT('Ctrl Pts',(165.131818212815,-55.9894655974288,-5.20059729362858));
#9351=CARTESIAN_POINT('Ctrl Pts',(173.527294010543,-64.5201265215944,-4.07751447689097));
#9352=CARTESIAN_POINT('Ctrl Pts',(183.201726796888,-71.7782833327544,-3.1219600048208));
#9353=CARTESIAN_POINT('Ctrl Pts',(193.788247580144,-78.1262814670657,-2.28623019575858));
#9354=CARTESIAN_POINT('Ctrl Pts',(193.792414676649,-78.1287801841963,-2.28590123340757));
#9355=CARTESIAN_POINT('Ctrl Pts',(193.796581773153,-78.1312789013269,-2.28557227105657));
#9356=CARTESIAN_POINT('Ctrl Pts',(193.800748869656,-78.133777618457,-2.28524330870561));
#9357=CARTESIAN_POINT('',(140.824277953415,-29.6768774672741,-8.66471523895191));
#9358=CARTESIAN_POINT('Origin',(142.875,-30.594721498377,-8.54387877986153));
#9359=CARTESIAN_POINT('Ctrl Pts',(91.949235885026,-78.133786758205,-2.28524210543497));
#9360=CARTESIAN_POINT('Ctrl Pts',(91.9534027196039,-78.1312881987349,-2.28557104702958));
#9361=CARTESIAN_POINT('Ctrl Pts',(91.9575695541819,-78.1287896392647,-2.2858999886242));
#9362=CARTESIAN_POINT('Ctrl Pts',(91.9617363887598,-78.1262910797946,-2.28622893021881));
#9363=CARTESIAN_POINT('Ctrl Pts',(101.664254791538,-72.3083689170663,-3.05217291371106));
#9364=CARTESIAN_POINT('Ctrl Pts',(110.603084020449,-65.7291593243285,-3.91834228874594));
#9365=CARTESIAN_POINT('Ctrl Pts',(118.488875508243,-58.1005553939694,-4.92266704928274));
#9366=CARTESIAN_POINT('Ctrl Pts',(127.093151012073,-49.7769001175129,-6.01849705548475));
#9367=CARTESIAN_POINT('Ctrl Pts',(134.413940879654,-40.1852283902085,-7.28126459442278));
#9368=CARTESIAN_POINT('Ctrl Pts',(140.816717621652,-29.6892709839251,-8.66308360153092));
#9369=CARTESIAN_POINT('Ctrl Pts',(140.81923773224,-29.6851398117079,-8.66362748067127));
#9370=CARTESIAN_POINT('Ctrl Pts',(140.821757842828,-29.6810086394909,-8.66417135981161));
#9371=CARTESIAN_POINT('Ctrl Pts',(140.824277953415,-29.6768774672741,-8.66471523895191));
#9372=CARTESIAN_POINT('',(121.779570245485,-21.5473385335052,-9.73498934381658));
#9373=CARTESIAN_POINT('',(118.779571610968,-21.5502008572585,-9.73461251174555));
#9374=CARTESIAN_POINT('',(130.810648591478,-21.5387219062274,-9.73612374431849));
#9375=CARTESIAN_POINT('',(121.775010091243,-12.050180135813,-10.9853139668559));
#9376=CARTESIAN_POINT('Origin',(121.777290168364,-16.7987593346591,-10.3601516553362));
#9377=CARTESIAN_POINT('',(118.775010091301,-12.0501987705609,-10.9853115135448));
#9378=CARTESIAN_POINT('',(132.324866275734,-12.0501146045097,-10.9853225942156));
#9379=CARTESIAN_POINT('Origin',(118.775039596332,-16.8002008948719,-10.3599618703338));
#9380=CARTESIAN_POINT('',(164.275039915613,-22.5501867247238,-9.60296187474165));
#9381=CARTESIAN_POINT('',(164.275039915613,-44.3555979039302,-6.73222503207899));
#9382=CARTESIAN_POINT('Origin',(165.275039915613,-22.5501867247238,-9.60296187474165));
#9383=CARTESIAN_POINT('Origin',(166.974960403668,-16.8002008948719,-10.3599618703338));
#9384=CARTESIAN_POINT('Origin',(150.07499704569,-11.0500937949262,-11.1169778314367));
#9385=CARTESIAN_POINT('',(134.000402258736,-12.0499939462769,-10.9853384791733));
#9386=CARTESIAN_POINT('',(139.775133724576,-12.0500298164986,-10.985333756769));
#9387=CARTESIAN_POINT('Origin',(133.974960404814,-16.7999258103816,-10.359998085894));
#9388=CARTESIAN_POINT('Origin',(154.675039915613,-22.5500983643041,-9.60297350761158));
#9389=CARTESIAN_POINT('',(18.15,-86.3242380590484,-1.20694873531101));
#9390=CARTESIAN_POINT('Origin',(16.9,-86.3242380590484,-1.20694873531101));
#9391=CARTESIAN_POINT('',(270.1,-24.4374480063962,-9.35449921340947));
#9392=CARTESIAN_POINT('Origin',(268.85,-24.4374480063962,-9.35449921340947));
#9393=CARTESIAN_POINT('',(270.1,-86.3242380590484,-1.20694873531101));
#9394=CARTESIAN_POINT('Origin',(268.85,-86.3242380590484,-1.20694873531101));
#9395=CARTESIAN_POINT('',(18.15,-24.4374480063962,-9.35449921340947));
#9396=CARTESIAN_POINT('Origin',(16.9,-24.4374480063962,-9.35449921340947));
#9397=CARTESIAN_POINT('',(15.65,-38.0999999999998,-7.55579012003392));
#9398=CARTESIAN_POINT('Origin',(16.9,-38.0999999999998,-7.55579012003392));
#9399=CARTESIAN_POINT('',(267.6,-38.0999999999998,-7.55579012003389));
#9400=CARTESIAN_POINT('Origin',(268.85,-38.0999999999998,-7.55579012003389));
#9401=CARTESIAN_POINT('Origin',(154.675039915613,-22.5500983643041,-6.43402305066612));
#9402=CARTESIAN_POINT('Origin',(154.675039915613,-22.5500983643041,-4.67902305066612));
#9403=CARTESIAN_POINT('Origin',(165.275039915613,-22.5501867247238,-6.43402305066612));
#9404=CARTESIAN_POINT('',(164.275039915613,-22.5501867247238,-4.67902305066612));
#9405=CARTESIAN_POINT('',(164.275039915613,-22.5501867247238,-6.43402305066612));
#9406=CARTESIAN_POINT('Origin',(165.275039915613,-22.5501867247238,-4.67902305066612));
#9407=CARTESIAN_POINT('Origin',(164.275039915613,-33.1000000000002,-6.43402305066612));
#9408=CARTESIAN_POINT('',(164.275039915613,-21.5501783887869,-4.67902305066612));
#9409=CARTESIAN_POINT('Origin',(150.07499704569,-11.0500937949262,-6.43402305066612));
#9410=CARTESIAN_POINT('Origin',(268.85,-38.0999999999998,-6.71607653692062));
#9411=CARTESIAN_POINT('',(267.6,-38.0999999999998,-2.2));
#9412=CARTESIAN_POINT('Origin',(268.85,-38.0999999999998,-2.2));
#9413=CARTESIAN_POINT('',(267.6,-38.0999999999998,-6.71607653692062));
#9414=CARTESIAN_POINT('Origin',(16.9,-38.0999999999998,-6.71607653692062));
#9415=CARTESIAN_POINT('',(15.65,-38.0999999999998,-2.2));
#9416=CARTESIAN_POINT('Origin',(16.9,-38.0999999999998,-2.2));
#9417=CARTESIAN_POINT('',(15.65,-38.0999999999998,-6.71607653692062));
#9418=CARTESIAN_POINT('Origin',(232.410828688955,-60.4216620416266,1.));
#9419=CARTESIAN_POINT('',(234.956307536203,-57.8759720687094,-2.2));
#9420=CARTESIAN_POINT('',(234.956307536203,-57.8759720687094,1.));
#9421=CARTESIAN_POINT('',(230.141674750913,-57.6268560724278,-2.2));
#9422=CARTESIAN_POINT('Origin',(232.410828688955,-60.4216620416266,-2.2));
#9423=CARTESIAN_POINT('',(230.141674750913,-57.6268560724278,1.));
#9424=CARTESIAN_POINT('Origin',(258.675,-34.1553123425232,0.999999999999999));
#9425=CARTESIAN_POINT('',(258.675,-67.7,-2.2));
#9426=CARTESIAN_POINT('',(258.675,-67.7,1.));
#9427=CARTESIAN_POINT('Origin',(258.675,-34.1553123425232,-2.2));
#9428=CARTESIAN_POINT('Origin',(273.25,-67.7,1.));
#9429=CARTESIAN_POINT('',(273.25,-67.7,-2.2));
#9430=CARTESIAN_POINT('',(273.25,-67.7,1.));
#9431=CARTESIAN_POINT('',(258.675,-67.7,-2.2));
#9432=CARTESIAN_POINT('Origin',(273.25,-63.7,1.));
#9433=CARTESIAN_POINT('',(277.25,-63.7,-2.2));
#9434=CARTESIAN_POINT('',(277.25,-63.7,1.));
#9435=CARTESIAN_POINT('Origin',(273.25,-63.7,-2.2));
#9436=CARTESIAN_POINT('Origin',(277.25,-12.5,1.));
#9437=CARTESIAN_POINT('',(277.25,-12.5,-2.2));
#9438=CARTESIAN_POINT('',(277.25,-12.5,1.));
#9439=CARTESIAN_POINT('',(277.25,-63.7,-2.2));
#9440=CARTESIAN_POINT('Origin',(273.25,-12.5,1.));
#9441=CARTESIAN_POINT('',(273.25,-8.5,-2.2));
#9442=CARTESIAN_POINT('',(273.25,-8.49999999999999,1.));
#9443=CARTESIAN_POINT('Origin',(273.25,-12.5,-2.2));
#9444=CARTESIAN_POINT('Origin',(183.95,-8.5,1.));
#9445=CARTESIAN_POINT('',(183.95,-8.50000000000001,-2.2));
#9446=CARTESIAN_POINT('',(183.95,-8.5,1.));
#9447=CARTESIAN_POINT('',(273.25,-8.5,-2.2));
#9448=CARTESIAN_POINT('Origin',(183.95,-12.5,1.));
#9449=CARTESIAN_POINT('',(179.95,-12.5,-2.2));
#9450=CARTESIAN_POINT('',(179.95,-12.5,1.));
#9451=CARTESIAN_POINT('Origin',(183.95,-12.5,-2.2));
#9452=CARTESIAN_POINT('Origin',(179.95,-20.575,1.));
#9453=CARTESIAN_POINT('',(179.95,-20.575,-2.2));
#9454=CARTESIAN_POINT('',(179.95,-20.575,1.));
#9455=CARTESIAN_POINT('',(179.95,-20.575,-2.2));
#9456=CARTESIAN_POINT('Origin',(175.95,-20.575,1.));
#9457=CARTESIAN_POINT('',(175.95,-24.575,-2.2));
#9458=CARTESIAN_POINT('',(175.95,-24.575,1.));
#9459=CARTESIAN_POINT('Origin',(175.95,-20.575,-2.2));
#9460=CARTESIAN_POINT('Origin',(109.8,-24.575,1.));
#9461=CARTESIAN_POINT('',(109.8,-24.575,-2.2));
#9462=CARTESIAN_POINT('',(109.8,-24.575,1.));
#9463=CARTESIAN_POINT('',(175.95,-24.575,-2.2));
#9464=CARTESIAN_POINT('Origin',(109.8,-20.575,1.));
#9465=CARTESIAN_POINT('',(105.8,-20.575,-2.2));
#9466=CARTESIAN_POINT('',(105.8,-20.575,1.));
#9467=CARTESIAN_POINT('Origin',(109.8,-20.575,-2.2));
#9468=CARTESIAN_POINT('Origin',(105.8,-12.5,1.));
#9469=CARTESIAN_POINT('',(105.8,-12.5,-2.2));
#9470=CARTESIAN_POINT('',(105.8,-12.5,1.));
#9471=CARTESIAN_POINT('',(105.8,-20.575,-2.2));
#9472=CARTESIAN_POINT('Origin',(101.8,-12.5,1.));
#9473=CARTESIAN_POINT('',(101.8,-8.50000000000001,-2.2));
#9474=CARTESIAN_POINT('',(101.8,-8.5,1.));
#9475=CARTESIAN_POINT('Origin',(101.8,-12.5,-2.2));
#9476=CARTESIAN_POINT('Origin',(12.5,-8.5,1.));
#9477=CARTESIAN_POINT('',(12.5,-8.50000000000001,-2.2));
#9478=CARTESIAN_POINT('',(12.5,-8.5,1.));
#9479=CARTESIAN_POINT('',(12.5,-8.5,-2.2));
#9480=CARTESIAN_POINT('Origin',(12.5,-12.5,1.));
#9481=CARTESIAN_POINT('',(8.49999999999998,-12.5,-2.2));
#9482=CARTESIAN_POINT('',(8.49999999999998,-12.5,1.));
#9483=CARTESIAN_POINT('Origin',(12.5,-12.5,-2.2));
#9484=CARTESIAN_POINT('Origin',(8.49999999999998,-63.7,1.));
#9485=CARTESIAN_POINT('',(8.49999999999998,-63.7,-2.2));
#9486=CARTESIAN_POINT('',(8.49999999999998,-63.7,1.));
#9487=CARTESIAN_POINT('',(8.49999999999998,-63.7,-2.2));
#9488=CARTESIAN_POINT('Origin',(12.5,-63.7,1.));
#9489=CARTESIAN_POINT('',(12.5,-67.7,-2.2));
#9490=CARTESIAN_POINT('',(12.5,-67.7,1.));
#9491=CARTESIAN_POINT('Origin',(12.5,-63.7,-2.2));
#9492=CARTESIAN_POINT('Origin',(27.075,-67.7,1.));
#9493=CARTESIAN_POINT('',(27.075,-67.7,-2.2));
#9494=CARTESIAN_POINT('',(27.075,-67.7,1.));
#9495=CARTESIAN_POINT('',(27.075,-67.7,-2.2));
#9496=CARTESIAN_POINT('Origin',(27.0749999999999,-34.155312342523,0.999999999999999));
#9497=CARTESIAN_POINT('',(50.8123135203585,-57.8573379284068,-2.2));
#9498=CARTESIAN_POINT('',(50.8123135203585,-57.8573379284068,1.));
#9499=CARTESIAN_POINT('Origin',(27.0749999999999,-34.155312342523,-2.2));
#9500=CARTESIAN_POINT('Origin',(53.3597907705826,-60.4010280942076,1.));
#9501=CARTESIAN_POINT('',(55.6114569472712,-57.5921138148539,-2.2));
#9502=CARTESIAN_POINT('',(55.6114569472712,-57.5921138148539,1.));
#9503=CARTESIAN_POINT('Origin',(53.3597907705826,-60.4010280942076,-2.2));
#9504=CARTESIAN_POINT('Origin',(84.3815192134884,-21.7019629771664,0.999999999999999));
#9505=CARTESIAN_POINT('',(105.124456817052,-62.7574126705828,-2.2));
#9506=CARTESIAN_POINT('',(105.124456817052,-62.7574126705828,1.));
#9507=CARTESIAN_POINT('Origin',(84.3815192134884,-21.7019629771664,-2.2));
#9508=CARTESIAN_POINT('Origin',(106.747886428532,-65.9705849810218,1.));
#9509=CARTESIAN_POINT('',(107.461209732187,-62.4419634563373,-2.2));
#9510=CARTESIAN_POINT('',(107.461209732187,-62.4419634563373,1.));
#9511=CARTESIAN_POINT('Origin',(106.747886428532,-65.9705849810218,-2.2));
#9512=CARTESIAN_POINT('Origin',(121.335905339334,6.19248226693938,1.));
#9513=CARTESIAN_POINT('',(127.862070344128,-63.5255461637515,-2.2));
#9514=CARTESIAN_POINT('',(127.862070344128,-63.5255461637515,1.));
#9515=CARTESIAN_POINT('Origin',(121.335905339334,6.19248226693938,-2.2));
#9516=CARTESIAN_POINT('Ctrl Pts',(150.451495987338,-57.4284592548994,1.));
#9517=CARTESIAN_POINT('Ctrl Pts',(150.451495987338,-57.4284592548994,-2.2));
#9518=CARTESIAN_POINT('Ctrl Pts',(149.745699496481,-57.7972264712654,1.));
#9519=CARTESIAN_POINT('Ctrl Pts',(149.745699496481,-57.7972264712654,-2.2));
#9520=CARTESIAN_POINT('Ctrl Pts',(149.118699989698,-58.1192135693602,1.));
#9521=CARTESIAN_POINT('Ctrl Pts',(149.118699989698,-58.1192135693602,-2.2));
#9522=CARTESIAN_POINT('Ctrl Pts',(148.435822919467,-58.432909477729,1.));
#9523=CARTESIAN_POINT('Ctrl Pts',(148.435822919467,-58.432909477729,-2.2));
#9524=CARTESIAN_POINT('Ctrl Pts',(148.306955077045,-58.4921080021052,1.));
#9525=CARTESIAN_POINT('Ctrl Pts',(148.306955077045,-58.4921080021052,-2.2));
#9526=CARTESIAN_POINT('Ctrl Pts',(148.176161536709,-58.5509793145425,1.));
#9527=CARTESIAN_POINT('Ctrl Pts',(148.176161536709,-58.5509793145425,-2.2));
#9528=CARTESIAN_POINT('Ctrl Pts',(148.042598242772,-58.6097598423573,1.));
#9529=CARTESIAN_POINT('Ctrl Pts',(148.042598242772,-58.6097598423573,-2.2));
#9530=CARTESIAN_POINT('Ctrl Pts',(147.065058188555,-59.039970259106,1.));
#9531=CARTESIAN_POINT('Ctrl Pts',(147.065058188555,-59.039970259106,-2.2));
#9532=CARTESIAN_POINT('Ctrl Pts',(145.867205761226,-59.488333046069,1.));
#9533=CARTESIAN_POINT('Ctrl Pts',(145.867205761226,-59.488333046069,-2.2));
#9534=CARTESIAN_POINT('Ctrl Pts',(144.142039664887,-60.0314507448109,1.));
#9535=CARTESIAN_POINT('Ctrl Pts',(144.142039664887,-60.0314507448109,-2.2));
#9536=CARTESIAN_POINT('Ctrl Pts',(142.238014321714,-60.6308770058092,1.));
#9537=CARTESIAN_POINT('Ctrl Pts',(142.238014321714,-60.6308770058092,-2.2));
#9538=CARTESIAN_POINT('Ctrl Pts',(139.715597139982,-61.3383731680717,1.));
#9539=CARTESIAN_POINT('Ctrl Pts',(139.715597139982,-61.3383731680717,-2.2));
#9540=CARTESIAN_POINT('Ctrl Pts',(136.957167386842,-61.9781017287519,1.));
#9541=CARTESIAN_POINT('Ctrl Pts',(136.957167386842,-61.9781017287519,-2.2));
#9542=CARTESIAN_POINT('Ctrl Pts',(134.922977290444,-62.4498663263595,1.));
#9543=CARTESIAN_POINT('Ctrl Pts',(134.922977290444,-62.4498663263595,-2.2));
#9544=CARTESIAN_POINT('Ctrl Pts',(132.796223470645,-62.870644325571,1.));
#9545=CARTESIAN_POINT('Ctrl Pts',(132.796223470645,-62.870644325571,-2.2));
#9546=CARTESIAN_POINT('Ctrl Pts',(130.713603713119,-63.1779863306695,1.));
#9547=CARTESIAN_POINT('Ctrl Pts',(130.713603713119,-63.1779863306695,-2.2));
#9548=CARTESIAN_POINT('Ctrl Pts',(129.749252347673,-63.3203002029953,1.));
#9549=CARTESIAN_POINT('Ctrl Pts',(129.749252347673,-63.3203002029953,-2.2));
#9550=CARTESIAN_POINT('Ctrl Pts',(128.791013233445,-63.4385896804405,1.));
#9551=CARTESIAN_POINT('Ctrl Pts',(128.791013233445,-63.4385896804405,-2.2));
#9552=CARTESIAN_POINT('Ctrl Pts',(127.862070344128,-63.5255461637515,1.));
#9553=CARTESIAN_POINT('Ctrl Pts',(127.862070344128,-63.5255461637515,-2.2));
#9554=CARTESIAN_POINT('',(150.451495987338,-57.4284592548994,-2.2));
#9555=CARTESIAN_POINT('',(150.451495987338,-57.4284592548994,1.));
#9556=CARTESIAN_POINT('Ctrl Pts',(150.451495987338,-57.4284592548994,-2.2));
#9557=CARTESIAN_POINT('Ctrl Pts',(149.745699496481,-57.7972264712654,-2.2));
#9558=CARTESIAN_POINT('Ctrl Pts',(149.118699989698,-58.1192135693602,-2.2));
#9559=CARTESIAN_POINT('Ctrl Pts',(148.435822919467,-58.432909477729,-2.2));
#9560=CARTESIAN_POINT('Ctrl Pts',(148.306955077045,-58.4921080021052,-2.2));
#9561=CARTESIAN_POINT('Ctrl Pts',(148.176161536709,-58.5509793145425,-2.2));
#9562=CARTESIAN_POINT('Ctrl Pts',(148.042598242772,-58.6097598423573,-2.2));
#9563=CARTESIAN_POINT('Ctrl Pts',(147.065058188555,-59.039970259106,-2.2));
#9564=CARTESIAN_POINT('Ctrl Pts',(145.867205761226,-59.488333046069,-2.2));
#9565=CARTESIAN_POINT('Ctrl Pts',(144.142039664887,-60.0314507448109,-2.2));
#9566=CARTESIAN_POINT('Ctrl Pts',(142.238014321714,-60.6308770058092,-2.2));
#9567=CARTESIAN_POINT('Ctrl Pts',(139.715597139982,-61.3383731680717,-2.2));
#9568=CARTESIAN_POINT('Ctrl Pts',(136.957167386842,-61.9781017287519,-2.2));
#9569=CARTESIAN_POINT('Ctrl Pts',(134.922977290444,-62.4498663263595,-2.2));
#9570=CARTESIAN_POINT('Ctrl Pts',(132.796223470645,-62.870644325571,-2.2));
#9571=CARTESIAN_POINT('Ctrl Pts',(130.713603713119,-63.1779863306695,-2.2));
#9572=CARTESIAN_POINT('Ctrl Pts',(129.749252347673,-63.3203002029953,-2.2));
#9573=CARTESIAN_POINT('Ctrl Pts',(128.791013233445,-63.4385896804405,-2.2));
#9574=CARTESIAN_POINT('Ctrl Pts',(127.862070344128,-63.5255461637515,-2.2));
#9575=CARTESIAN_POINT('Origin',(101.596404969677,36.0770105116404,1.));
#9576=CARTESIAN_POINT('',(161.984774419296,-50.4292761374905,-2.2));
#9577=CARTESIAN_POINT('',(161.984774419296,-50.4292761374905,1.));
#9578=CARTESIAN_POINT('Origin',(101.596404969677,36.0770105116404,-2.2));
#9579=CARTESIAN_POINT('Origin',(164.045434754059,-53.3811702725729,1.));
#9580=CARTESIAN_POINT('',(166.836558159891,-51.1074882074154,-2.2));
#9581=CARTESIAN_POINT('',(166.836558159891,-51.1074882074154,1.));
#9582=CARTESIAN_POINT('Origin',(164.045434754059,-53.3811702725729,-2.2));
#9583=CARTESIAN_POINT('Origin',(201.754089476632,-22.663255126008,0.999999999999999));
#9584=CARTESIAN_POINT('Origin',(201.754089476632,-22.663255126008,-2.2));
#9585=CARTESIAN_POINT('Origin',(142.875,-38.1,-2.2));
#9586=CARTESIAN_POINT('Origin',(16.9,-23.6835890379975,-3.62837185378041));
#9587=CARTESIAN_POINT('',(18.1500000000001,-23.7326065684079,-4.00069696199089));
#9588=CARTESIAN_POINT('Origin',(16.9,-23.7326065684079,-4.00069696199089));
#9589=CARTESIAN_POINT('',(16.9,-23.6345715075871,-3.25604674556994));
#9590=CARTESIAN_POINT('',(17.525,-23.6835890379975,-3.62837185378041));
#9591=CARTESIAN_POINT('Origin',(16.9,-24.1894482411781,-7.47075397679922));
#9592=CARTESIAN_POINT('',(18.15,-24.1894482411781,-7.47075397679922));
#9593=CARTESIAN_POINT('Origin',(268.85,-85.5703790906497,4.51917862431807));
#9594=CARTESIAN_POINT('',(270.1,-85.6193966210601,4.1468535161076));
#9595=CARTESIAN_POINT('Origin',(268.85,-85.6193966210601,4.1468535161076));
#9596=CARTESIAN_POINT('',(268.85,-85.5213615602393,4.89150373252855));
#9597=CARTESIAN_POINT('',(269.475,-85.5703790906497,4.51917862431807));
#9598=CARTESIAN_POINT('Origin',(268.85,-86.0762382938303,0.676796501299262));
#9599=CARTESIAN_POINT('',(270.1,-86.0762382938303,0.676796501299262));
#9600=CARTESIAN_POINT('Origin',(268.85,-23.6835890379975,-3.62837185378041));
#9601=CARTESIAN_POINT('',(270.1,-23.7326065684079,-4.00069696199089));
#9602=CARTESIAN_POINT('Origin',(268.85,-23.7326065684079,-4.00069696199089));
#9603=CARTESIAN_POINT('',(268.85,-23.6345715075871,-3.25604674556994));
#9604=CARTESIAN_POINT('',(269.475,-23.6835890379975,-3.62837185378041));
#9605=CARTESIAN_POINT('Origin',(268.85,-24.1894482411781,-7.47075397679922));
#9606=CARTESIAN_POINT('',(270.1,-24.1894482411781,-7.47075397679922));
#9607=CARTESIAN_POINT('Origin',(16.9,-85.5703790906497,4.51917862431807));
#9608=CARTESIAN_POINT('',(18.1500000000001,-85.6193966210601,4.1468535161076));
#9609=CARTESIAN_POINT('Origin',(16.9,-85.6193966210601,4.1468535161076));
#9610=CARTESIAN_POINT('',(16.9,-85.5213615602393,4.89150373252855));
#9611=CARTESIAN_POINT('',(17.525,-85.5703790906497,4.51917862431807));
#9612=CARTESIAN_POINT('Origin',(16.9,-86.0762382938303,0.676796501299262));
#9613=CARTESIAN_POINT('',(18.15,-86.0762382938303,0.676796501299262));
#9614=CARTESIAN_POINT('Origin',(9.05000000000001,-16.8112372752758,-11.5688636559855));
#9615=CARTESIAN_POINT('',(5.3,-16.8112372752758,-11.5688636559855));
#9616=CARTESIAN_POINT('Origin',(9.05000000000001,-16.8112372752758,-11.5688636559855));
#9617=CARTESIAN_POINT('Origin',(276.7,-16.8112372752758,-11.5688636559855));
#9618=CARTESIAN_POINT('',(272.95,-16.8112372752758,-11.5688636559855));
#9619=CARTESIAN_POINT('Origin',(276.7,-16.8112372752758,-11.5688636559855));
#9620=CARTESIAN_POINT('Origin',(9.05,-94.2637116514968,-1.37205196003202));
#9621=CARTESIAN_POINT('',(5.3,-94.2637116514968,-1.37205196003202));
#9622=CARTESIAN_POINT('Origin',(9.05,-94.2637116514968,-1.37205196003202));
#9623=CARTESIAN_POINT('Origin',(276.7,-94.2637116514969,-1.37205196003214));
#9624=CARTESIAN_POINT('',(272.95,-94.2637116514969,-1.37205196003214));
#9625=CARTESIAN_POINT('Origin',(276.7,-94.2637116514969,-1.37205196003214));
#9626=CARTESIAN_POINT('Origin',(276.7,-94.3159221283849,-1.76862990458166));
#9627=CARTESIAN_POINT('',(272.95,-94.3159221283849,-1.76862990458166));
#9628=CARTESIAN_POINT('Origin',(276.7,-16.8634477521638,-11.965441600535));
#9629=CARTESIAN_POINT('',(272.95,-16.8634477521638,-11.965441600535));
#9630=CARTESIAN_POINT('Origin',(9.05000000000001,-16.8634477521638,-11.965441600535));
#9631=CARTESIAN_POINT('',(5.3,-16.8634477521638,-11.965441600535));
#9632=CARTESIAN_POINT('Origin',(9.05,-94.3159221283849,-1.76862990458154));
#9633=CARTESIAN_POINT('',(5.3,-94.3159221283849,-1.76862990458154));
#9634=CARTESIAN_POINT('Ctrl Pts',(126.997571709494,-63.2613215249365,-5.85704563560471));
#9635=CARTESIAN_POINT('Ctrl Pts',(126.997571709494,-63.0524796173844,-4.27073385740662));
#9636=CARTESIAN_POINT('Ctrl Pts',(126.997453654374,-63.2614161212259,-5.85703318176697));
#9637=CARTESIAN_POINT('Ctrl Pts',(126.997453654374,-63.0525742136738,-4.27072140356887));
#9638=CARTESIAN_POINT('Ctrl Pts',(126.997335599263,-63.2615107175087,-5.85702072793007));
#9639=CARTESIAN_POINT('Ctrl Pts',(126.997335599263,-63.0526688099566,-4.27070894973197));
#9640=CARTESIAN_POINT('Ctrl Pts',(126.997217544153,-63.2616053137909,-5.85700827409326));
#9641=CARTESIAN_POINT('Ctrl Pts',(126.997217544153,-63.0527634062388,-4.27069649589516));
#9642=CARTESIAN_POINT('Ctrl Pts',(126.805308361362,-63.41538006499,-5.836763444032));
#9643=CARTESIAN_POINT('Ctrl Pts',(126.805308361362,-63.206538157438,-4.25045166583391));
#9644=CARTESIAN_POINT('Ctrl Pts',(126.747691105578,-63.4809691650404,-5.82812847519587));
#9645=CARTESIAN_POINT('Ctrl Pts',(126.747691105578,-63.2721272574883,-4.24181669699777));
#9646=CARTESIAN_POINT('Ctrl Pts',(126.539948513041,-63.63928879275,-5.8072853007908));
#9647=CARTESIAN_POINT('Ctrl Pts',(126.539948513041,-63.4304468851979,-4.2209735225927));
#9648=CARTESIAN_POINT('Ctrl Pts',(126.305301806616,-63.8181119158794,-5.78374279000443));
#9649=CARTESIAN_POINT('Ctrl Pts',(126.305301806616,-63.6092700083273,-4.19743101180633));
#9650=CARTESIAN_POINT('Ctrl Pts',(125.78362539243,-64.1796244182464,-5.73614876615874));
#9651=CARTESIAN_POINT('Ctrl Pts',(125.78362539243,-63.9707825106944,-4.14983698796064));
#9652=CARTESIAN_POINT('Ctrl Pts',(124.661474725951,-64.9109155732467,-5.63987245913938));
#9653=CARTESIAN_POINT('Ctrl Pts',(124.661474725951,-64.7020736656946,-4.05356068094129));
#9654=CARTESIAN_POINT('Ctrl Pts',(123.374214331005,-65.7498066144651,-5.52943035835929));
#9655=CARTESIAN_POINT('Ctrl Pts',(123.374214331005,-65.540964706913,-3.94311858016119));
#9656=CARTESIAN_POINT('Ctrl Pts',(121.311359861863,-67.0665632036776,-5.3560760646748));
#9657=CARTESIAN_POINT('Ctrl Pts',(121.311359861863,-66.8577212961255,-3.76976428647671));
#9658=CARTESIAN_POINT('Ctrl Pts',(118.644536879958,-68.7178734391941,-5.13867694787742));
#9659=CARTESIAN_POINT('Ctrl Pts',(118.644536879958,-68.509031531642,-3.55236516967933));
#9660=CARTESIAN_POINT('Ctrl Pts',(114.847197679537,-71.0692050168536,-4.82911827302244));
#9661=CARTESIAN_POINT('Ctrl Pts',(114.847197679537,-70.8603631093015,-3.24280649482434));
#9662=CARTESIAN_POINT('Ctrl Pts',(109.870928766691,-74.0685047711978,-4.43425296934977));
#9663=CARTESIAN_POINT('Ctrl Pts',(109.870928766691,-73.8596628636457,-2.84794119115167));
#9664=CARTESIAN_POINT('Ctrl Pts',(104.998239679407,-76.7682925669982,-4.07881916307667));
#9665=CARTESIAN_POINT('Ctrl Pts',(104.998239679407,-76.5594506594461,-2.49250738487857));
#9666=CARTESIAN_POINT('Ctrl Pts',(101.112155565557,-78.9214368116012,-3.79535234560876));
#9667=CARTESIAN_POINT('Ctrl Pts',(101.112155565557,-78.7125949040491,-2.20904056741067));
#9668=CARTESIAN_POINT('Ctrl Pts',(97.3334981478959,-80.8534678822342,-3.54099562974347));
#9669=CARTESIAN_POINT('Ctrl Pts',(97.3334981478959,-80.6446259746821,-1.95468385154537));
#9670=CARTESIAN_POINT('Ctrl Pts',(94.0244074177631,-82.2954363263757,-3.35115688263003));
#9671=CARTESIAN_POINT('Ctrl Pts',(94.0244074177631,-82.0865944188236,-1.76484510443193));
#9672=CARTESIAN_POINT('Ctrl Pts',(94.0201161499807,-82.2973062880154,-3.35091069750977));
#9673=CARTESIAN_POINT('Ctrl Pts',(94.0201161499807,-82.0884643804633,-1.76459891931168));
#9674=CARTESIAN_POINT('Ctrl Pts',(94.0158248821982,-82.2991762496551,-3.35066451238951));
#9675=CARTESIAN_POINT('Ctrl Pts',(94.0158248821982,-82.090334342103,-1.76435273419141));
#9676=CARTESIAN_POINT('Ctrl Pts',(94.0115336144154,-82.3010462112949,-3.35041832726924));
#9677=CARTESIAN_POINT('Ctrl Pts',(94.0115336144154,-82.0922043037428,-1.76410654907114));
#9678=CARTESIAN_POINT('',(126.997571709494,-63.2613215249365,-5.85704563560472));
#9679=CARTESIAN_POINT('',(94.0115336144154,-82.3010462112949,-3.35041832726924));
#9680=CARTESIAN_POINT('Ctrl Pts',(126.997571709494,-63.2613215249365,-5.85704563560471));
#9681=CARTESIAN_POINT('Ctrl Pts',(126.997453654374,-63.2614161212259,-5.85703318176697));
#9682=CARTESIAN_POINT('Ctrl Pts',(126.997335599263,-63.2615107175087,-5.85702072793007));
#9683=CARTESIAN_POINT('Ctrl Pts',(126.997217544153,-63.2616053137909,-5.85700827409326));
#9684=CARTESIAN_POINT('Ctrl Pts',(126.805308361362,-63.41538006499,-5.836763444032));
#9685=CARTESIAN_POINT('Ctrl Pts',(126.747691105578,-63.4809691650404,-5.82812847519587));
#9686=CARTESIAN_POINT('Ctrl Pts',(126.539948513041,-63.63928879275,-5.8072853007908));
#9687=CARTESIAN_POINT('Ctrl Pts',(126.305301806616,-63.8181119158794,-5.78374279000443));
#9688=CARTESIAN_POINT('Ctrl Pts',(125.78362539243,-64.1796244182464,-5.73614876615874));
#9689=CARTESIAN_POINT('Ctrl Pts',(124.661474725951,-64.9109155732467,-5.63987245913938));
#9690=CARTESIAN_POINT('Ctrl Pts',(123.374214331005,-65.7498066144651,-5.52943035835929));
#9691=CARTESIAN_POINT('Ctrl Pts',(121.311359861863,-67.0665632036776,-5.3560760646748));
#9692=CARTESIAN_POINT('Ctrl Pts',(118.644536879958,-68.7178734391941,-5.13867694787742));
#9693=CARTESIAN_POINT('Ctrl Pts',(114.847197679537,-71.0692050168536,-4.82911827302244));
#9694=CARTESIAN_POINT('Ctrl Pts',(109.870928766691,-74.0685047711978,-4.43425296934977));
#9695=CARTESIAN_POINT('Ctrl Pts',(104.998239679407,-76.7682925669982,-4.07881916307667));
#9696=CARTESIAN_POINT('Ctrl Pts',(101.112155565557,-78.9214368116012,-3.79535234560876));
#9697=CARTESIAN_POINT('Ctrl Pts',(97.3334981478959,-80.8534678822342,-3.54099562974347));
#9698=CARTESIAN_POINT('Ctrl Pts',(94.0244074177631,-82.2954363263757,-3.35115688263003));
#9699=CARTESIAN_POINT('Ctrl Pts',(94.0201161499807,-82.2973062880154,-3.35091069750977));
#9700=CARTESIAN_POINT('Ctrl Pts',(94.0158248821982,-82.2991762496551,-3.35066451238951));
#9701=CARTESIAN_POINT('Ctrl Pts',(94.0115336144154,-82.3010462112949,-3.35041832726924));
#9702=CARTESIAN_POINT('',(126.997571709494,-63.2613215249365,-5.85704563560472));
#9703=CARTESIAN_POINT('',(94.0115336144154,-82.3010462112949,-3.35041832726924));
#9704=CARTESIAN_POINT('Origin',(127.936537208211,-64.4210764145682,-5.70436100779551));
#9705=CARTESIAN_POINT('',(127.785802480693,-62.9414369654884,-5.89915923679572));
#9706=CARTESIAN_POINT('Origin',(127.936537208211,-64.4210764145682,-5.70436100779537));
#9707=CARTESIAN_POINT('',(127.785802480693,-62.9414369654884,-5.89915923679572));
#9708=CARTESIAN_POINT('Ctrl Pts',(150.082807423227,-56.9303505294895,-6.69053377930867));
#9709=CARTESIAN_POINT('Ctrl Pts',(150.082807423227,-56.7215086219375,-5.10422200111058));
#9710=CARTESIAN_POINT('Ctrl Pts',(150.082194090192,-56.9306709916656,-6.69049158966281));
#9711=CARTESIAN_POINT('Ctrl Pts',(150.082194090192,-56.7218290841135,-5.10417981146472));
#9712=CARTESIAN_POINT('Ctrl Pts',(150.081580757158,-56.9309914538411,-6.69044940001703));
#9713=CARTESIAN_POINT('Ctrl Pts',(150.081580757158,-56.722149546289,-5.10413762181893));
#9714=CARTESIAN_POINT('Ctrl Pts',(150.080967424124,-56.9313119160165,-6.69040721037125));
#9715=CARTESIAN_POINT('Ctrl Pts',(150.080967424124,-56.7224700084644,-5.10409543217315));
#9716=CARTESIAN_POINT('Ctrl Pts',(149.245214539738,-57.3679868913075,-6.63291785924028));
#9717=CARTESIAN_POINT('Ctrl Pts',(149.245214539738,-57.1591449837554,-5.04660608104219));
#9718=CARTESIAN_POINT('Ctrl Pts',(148.53560080002,-57.7307171812184,-6.58516351062291));
#9719=CARTESIAN_POINT('Ctrl Pts',(148.53560080002,-57.5218752736663,-4.99885173242482));
#9720=CARTESIAN_POINT('Ctrl Pts',(147.719186821704,-58.0900168296938,-6.53786081451885));
#9721=CARTESIAN_POINT('Ctrl Pts',(147.719186821704,-57.8811749221417,-4.95154903632076));
#9722=CARTESIAN_POINT('Ctrl Pts',(146.774622438355,-58.5057148210485,-6.48313313571495));
#9723=CARTESIAN_POINT('Ctrl Pts',(146.774622438355,-58.2968729134964,-4.89682135751685));
#9724=CARTESIAN_POINT('Ctrl Pts',(145.606879015808,-58.9436856809497,-6.42547317813844));
#9725=CARTESIAN_POINT('Ctrl Pts',(145.606879015808,-58.7348437733976,-4.83916139994034));
#9726=CARTESIAN_POINT('Ctrl Pts',(143.900865086614,-59.4807738843472,-6.35476417473644));
#9727=CARTESIAN_POINT('Ctrl Pts',(143.900865086614,-59.2719319767951,-4.76845239653834));
#9728=CARTESIAN_POINT('Ctrl Pts',(142.018013111937,-60.0735343343282,-6.27672578102541));
#9729=CARTESIAN_POINT('Ctrl Pts',(142.018013111937,-59.8646924267761,-4.69041400282732));
#9730=CARTESIAN_POINT('Ctrl Pts',(139.512106589208,-60.7765084170461,-6.1841774872964));
#9731=CARTESIAN_POINT('Ctrl Pts',(139.512106589208,-60.567666509494,-4.5978657090983));
#9732=CARTESIAN_POINT('Ctrl Pts',(136.775690657834,-61.4111315837979,-6.1006277623667));
#9733=CARTESIAN_POINT('Ctrl Pts',(136.775690657834,-61.2022896762458,-4.5143159841686));
#9734=CARTESIAN_POINT('Ctrl Pts',(133.825267358955,-62.0953868374403,-6.01054384923739));
#9735=CARTESIAN_POINT('Ctrl Pts',(133.825267358955,-61.8865449298882,-4.42423207103929));
#9736=CARTESIAN_POINT('Ctrl Pts',(130.681477625404,-62.6704134968282,-5.93484015334963));
#9737=CARTESIAN_POINT('Ctrl Pts',(130.681477625404,-62.4615715892761,-4.34852837515153));
#9738=CARTESIAN_POINT('Ctrl Pts',(127.786652800751,-62.9413574477897,-5.89916970549934));
#9739=CARTESIAN_POINT('Ctrl Pts',(127.786652800751,-62.7325155402376,-4.31285792730125));
#9740=CARTESIAN_POINT('Ctrl Pts',(127.786369363048,-62.9413839764178,-5.8991662129392));
#9741=CARTESIAN_POINT('Ctrl Pts',(127.786369363048,-62.7325420688657,-4.3128544347411));
#9742=CARTESIAN_POINT('Ctrl Pts',(127.786085925345,-62.9414105050459,-5.89916272037905));
#9743=CARTESIAN_POINT('Ctrl Pts',(127.786085925345,-62.7325685974938,-4.31285094218096));
#9744=CARTESIAN_POINT('Ctrl Pts',(127.785802487639,-62.9414370336742,-5.89915922781888));
#9745=CARTESIAN_POINT('Ctrl Pts',(127.785802487639,-62.7325951261221,-4.31284744962078));
#9746=CARTESIAN_POINT('',(150.082807423227,-56.9303505294895,-6.69053377930867));
#9747=CARTESIAN_POINT('Ctrl Pts',(150.082807423227,-56.9303505294895,-6.69053377930867));
#9748=CARTESIAN_POINT('Ctrl Pts',(150.082194090192,-56.9306709916656,-6.69049158966281));
#9749=CARTESIAN_POINT('Ctrl Pts',(150.081580757158,-56.9309914538411,-6.69044940001703));
#9750=CARTESIAN_POINT('Ctrl Pts',(150.080967424124,-56.9313119160165,-6.69040721037125));
#9751=CARTESIAN_POINT('Ctrl Pts',(149.245214539738,-57.3679868913075,-6.63291785924028));
#9752=CARTESIAN_POINT('Ctrl Pts',(148.53560080002,-57.7307171812184,-6.58516351062291));
#9753=CARTESIAN_POINT('Ctrl Pts',(147.719186821704,-58.0900168296938,-6.53786081451885));
#9754=CARTESIAN_POINT('Ctrl Pts',(146.774622438355,-58.5057148210485,-6.48313313571495));
#9755=CARTESIAN_POINT('Ctrl Pts',(145.606879015808,-58.9436856809497,-6.42547317813844));
#9756=CARTESIAN_POINT('Ctrl Pts',(143.900865086614,-59.4807738843472,-6.35476417473644));
#9757=CARTESIAN_POINT('Ctrl Pts',(142.018013111937,-60.0735343343282,-6.27672578102541));
#9758=CARTESIAN_POINT('Ctrl Pts',(139.512106589208,-60.7765084170461,-6.1841774872964));
#9759=CARTESIAN_POINT('Ctrl Pts',(136.775690657834,-61.4111315837979,-6.1006277623667));
#9760=CARTESIAN_POINT('Ctrl Pts',(133.825267358955,-62.0953868374403,-6.01054384923739));
#9761=CARTESIAN_POINT('Ctrl Pts',(130.681477625404,-62.6704134968282,-5.93484015334963));
#9762=CARTESIAN_POINT('Ctrl Pts',(127.786652800751,-62.9413574477897,-5.89916970549934));
#9763=CARTESIAN_POINT('Ctrl Pts',(127.786369363048,-62.9413839764178,-5.8991662129392));
#9764=CARTESIAN_POINT('Ctrl Pts',(127.786085925345,-62.9414105050459,-5.89916272037905));
#9765=CARTESIAN_POINT('Ctrl Pts',(127.785802487639,-62.9414370336742,-5.89915922781888));
#9766=CARTESIAN_POINT('',(150.082807423227,-56.9303505294895,-6.69053377930867));
#9767=CARTESIAN_POINT('Origin',(150.760934296839,-58.2568666829686,-6.51589461461313));
#9768=CARTESIAN_POINT('',(151.805385008543,-57.1894517512197,-6.65642245633996));
#9769=CARTESIAN_POINT('Origin',(150.760934296839,-58.2568666829686,-6.51589461461301));
#9770=CARTESIAN_POINT('',(151.805385008543,-57.1894517512197,-6.65642245633996));
#9771=CARTESIAN_POINT('Ctrl Pts',(191.738449458659,-82.301038835251,-3.35041929834385));
#9772=CARTESIAN_POINT('Ctrl Pts',(191.738449458659,-82.0921969276989,-1.76410752014575));
#9773=CARTESIAN_POINT('Ctrl Pts',(191.734163762315,-82.2991713014102,-3.35066516383831));
#9774=CARTESIAN_POINT('Ctrl Pts',(191.734163762315,-82.0903293938581,-1.76435338564022));
#9775=CARTESIAN_POINT('Ctrl Pts',(191.729878065971,-82.2973037675693,-3.35091102933279));
#9776=CARTESIAN_POINT('Ctrl Pts',(191.729878065971,-82.0884618600172,-1.7645992511347));
#9777=CARTESIAN_POINT('Ctrl Pts',(191.725592369626,-82.2954362337285,-3.35115689482726));
#9778=CARTESIAN_POINT('Ctrl Pts',(191.725592369626,-82.0865943261764,-1.76484511662916));
#9779=CARTESIAN_POINT('Ctrl Pts',(189.957098294552,-81.5247977500154,-3.45261337594506));
#9780=CARTESIAN_POINT('Ctrl Pts',(189.957098294552,-81.3159558424633,-1.86630159774696));
#9781=CARTESIAN_POINT('Ctrl Pts',(188.166815588025,-80.6956960213602,-3.56176668927654));
#9782=CARTESIAN_POINT('Ctrl Pts',(188.166815588025,-80.4868541138081,-1.97545491107844));
#9783=CARTESIAN_POINT('Ctrl Pts',(186.364998247101,-79.8162960970973,-3.67754188568392));
#9784=CARTESIAN_POINT('Ctrl Pts',(186.364998247101,-79.6074541895452,-2.09123010748582));
#9785=CARTESIAN_POINT('Ctrl Pts',(181.453179140665,-77.4190201623582,-3.99314924989849));
#9786=CARTESIAN_POINT('Ctrl Pts',(181.453179140665,-77.2101782548061,-2.40683747170039));
#9787=CARTESIAN_POINT('Ctrl Pts',(176.43222976286,-74.6308936296493,-4.3602130715193));
#9788=CARTESIAN_POINT('Ctrl Pts',(176.43222976286,-74.4220517220972,-2.7739012933212));
#9789=CARTESIAN_POINT('Ctrl Pts',(171.954409738175,-71.9572579922809,-4.71220388081752));
#9790=CARTESIAN_POINT('Ctrl Pts',(171.954409738175,-71.7484160847288,-3.12589210261942));
#9791=CARTESIAN_POINT('Ctrl Pts',(167.813961246238,-69.4850615704265,-5.03767471428128));
#9792=CARTESIAN_POINT('Ctrl Pts',(167.813961246238,-69.2762196628744,-3.45136293608318));
#9793=CARTESIAN_POINT('Ctrl Pts',(164.19424188144,-67.150190830602,-5.3450662787229));
#9794=CARTESIAN_POINT('Ctrl Pts',(164.19424188144,-66.9413489230499,-3.7587545005248));
#9795=CARTESIAN_POINT('Ctrl Pts',(161.444067956249,-65.2370213609218,-5.59693981771425));
#9796=CARTESIAN_POINT('Ctrl Pts',(161.444067956249,-65.0281794533697,-4.01062803951615));
#9797=CARTESIAN_POINT('Ctrl Pts',(159.061291091363,-63.5794331228811,-5.81516544922381));
#9798=CARTESIAN_POINT('Ctrl Pts',(159.061291091363,-63.370591215329,-4.22885367102571));
#9799=CARTESIAN_POINT('Ctrl Pts',(157.339910872356,-62.2436702779113,-5.99102196394852));
#9800=CARTESIAN_POINT('Ctrl Pts',(157.339910872356,-62.0348283703592,-4.40471018575042));
#9801=CARTESIAN_POINT('Ctrl Pts',(155.91366757822,-61.0187645909733,-6.15228385694292));
#9802=CARTESIAN_POINT('Ctrl Pts',(155.91366757822,-60.8099226834212,-4.56597207874482));
#9803=CARTESIAN_POINT('Ctrl Pts',(154.452768010985,-59.7640949316597,-6.31746425123867));
#9804=CARTESIAN_POINT('Ctrl Pts',(154.452768010985,-59.5552530241077,-4.73115247304057));
#9805=CARTESIAN_POINT('Ctrl Pts',(153.220176782494,-58.5728695880664,-6.47429204291213));
#9806=CARTESIAN_POINT('Ctrl Pts',(153.220176782494,-58.3640276805143,-4.88798026471404));
#9807=CARTESIAN_POINT('Ctrl Pts',(151.806152830941,-57.1902025466539,-6.65632361224587));
#9808=CARTESIAN_POINT('Ctrl Pts',(151.806152830941,-56.9813606391018,-5.07001183404777));
#9809=CARTESIAN_POINT('Ctrl Pts',(151.80589689014,-57.1899522815084,-6.65635656027733));
#9810=CARTESIAN_POINT('Ctrl Pts',(151.80589689014,-56.9811103739563,-5.07004478207923));
#9811=CARTESIAN_POINT('Ctrl Pts',(151.805640949339,-57.189702016363,-6.65638950830878));
#9812=CARTESIAN_POINT('Ctrl Pts',(151.805640949339,-56.9808601088109,-5.07007773011068));
#9813=CARTESIAN_POINT('Ctrl Pts',(151.805385008542,-57.1894517512209,-6.6564224563398));
#9814=CARTESIAN_POINT('Ctrl Pts',(151.805385008542,-56.9806098436688,-5.0701106781417));
#9815=CARTESIAN_POINT('',(191.738449458659,-82.301038835251,-3.35041929834385));
#9816=CARTESIAN_POINT('Ctrl Pts',(191.738449458659,-82.301038835251,-3.35041929834385));
#9817=CARTESIAN_POINT('Ctrl Pts',(191.734163762315,-82.2991713014102,-3.35066516383831));
#9818=CARTESIAN_POINT('Ctrl Pts',(191.729878065971,-82.2973037675693,-3.35091102933279));
#9819=CARTESIAN_POINT('Ctrl Pts',(191.725592369626,-82.2954362337285,-3.35115689482726));
#9820=CARTESIAN_POINT('Ctrl Pts',(189.957098294552,-81.5247977500154,-3.45261337594506));
#9821=CARTESIAN_POINT('Ctrl Pts',(188.166815588025,-80.6956960213602,-3.56176668927654));
#9822=CARTESIAN_POINT('Ctrl Pts',(186.364998247101,-79.8162960970973,-3.67754188568392));
#9823=CARTESIAN_POINT('Ctrl Pts',(181.453179140665,-77.4190201623582,-3.99314924989849));
#9824=CARTESIAN_POINT('Ctrl Pts',(176.43222976286,-74.6308936296493,-4.3602130715193));
#9825=CARTESIAN_POINT('Ctrl Pts',(171.954409738175,-71.9572579922809,-4.71220388081752));
#9826=CARTESIAN_POINT('Ctrl Pts',(167.813961246238,-69.4850615704265,-5.03767471428128));
#9827=CARTESIAN_POINT('Ctrl Pts',(164.19424188144,-67.150190830602,-5.3450662787229));
#9828=CARTESIAN_POINT('Ctrl Pts',(161.444067956249,-65.2370213609218,-5.59693981771425));
#9829=CARTESIAN_POINT('Ctrl Pts',(159.061291091363,-63.5794331228811,-5.81516544922381));
#9830=CARTESIAN_POINT('Ctrl Pts',(157.339910872356,-62.2436702779113,-5.99102196394852));
#9831=CARTESIAN_POINT('Ctrl Pts',(155.91366757822,-61.0187645909733,-6.15228385694292));
#9832=CARTESIAN_POINT('Ctrl Pts',(154.452768010985,-59.7640949316597,-6.31746425123867));
#9833=CARTESIAN_POINT('Ctrl Pts',(153.220176782494,-58.5728695880664,-6.47429204291213));
#9834=CARTESIAN_POINT('Ctrl Pts',(151.806152830941,-57.1902025466539,-6.65632361224587));
#9835=CARTESIAN_POINT('Ctrl Pts',(151.80589689014,-57.1899522815084,-6.65635656027733));
#9836=CARTESIAN_POINT('Ctrl Pts',(151.805640949339,-57.189702016363,-6.65638950830878));
#9837=CARTESIAN_POINT('Ctrl Pts',(151.805385008542,-57.1894517512209,-6.6564224563398));
#9838=CARTESIAN_POINT('',(191.738449458659,-82.301038835251,-3.35041929834385));
#9839=CARTESIAN_POINT('Origin',(192.875,-80.3758064746196,-3.60388094705704));
#9840=CARTESIAN_POINT('',(193.800748869656,-78.3426195260091,-3.87155508690371));
#9841=CARTESIAN_POINT('Origin',(192.875,-80.3758064746196,-3.60388094705687));
#9842=CARTESIAN_POINT('',(193.800748869656,-78.3426195260091,-3.87155508690371));
#9843=CARTESIAN_POINT('Ctrl Pts',(144.925722054205,-29.8857193915619,-10.2510270149467));
#9844=CARTESIAN_POINT('Ctrl Pts',(144.925722054205,-29.6768774840098,-8.66471523674862));
#9845=CARTESIAN_POINT('Ctrl Pts',(144.928246755386,-29.8898580876401,-10.2504821452713));
#9846=CARTESIAN_POINT('Ctrl Pts',(144.928246755386,-29.681016180088,-8.66417036707317));
#9847=CARTESIAN_POINT('Ctrl Pts',(144.930771456567,-29.8939967837186,-10.2499372755958));
#9848=CARTESIAN_POINT('Ctrl Pts',(144.930771456567,-29.6851548761665,-8.66362549739767));
#9849=CARTESIAN_POINT('Ctrl Pts',(144.933296157748,-29.8981354797972,-10.2493924059203));
#9850=CARTESIAN_POINT('Ctrl Pts',(144.933296157748,-29.6892935722451,-8.66308062772217));
#9851=CARTESIAN_POINT('Ctrl Pts',(150.801417311925,-39.5176382514561,-8.9829608404825));
#9852=CARTESIAN_POINT('Ctrl Pts',(150.801417311925,-39.308796343904,-7.3966490622844));
#9853=CARTESIAN_POINT('Ctrl Pts',(157.437393864123,-48.3799864584113,-7.81621056454766));
#9854=CARTESIAN_POINT('Ctrl Pts',(157.437393864123,-48.1711445508592,-6.22989878634957));
#9855=CARTESIAN_POINT('Ctrl Pts',(165.131818212815,-56.1983075049809,-6.78690907182668));
#9856=CARTESIAN_POINT('Ctrl Pts',(165.131818212815,-55.9894655974288,-5.20059729362858));
#9857=CARTESIAN_POINT('Ctrl Pts',(173.527294010543,-64.7289684291465,-5.66382625508906));
#9858=CARTESIAN_POINT('Ctrl Pts',(173.527294010543,-64.5201265215944,-4.07751447689097));
#9859=CARTESIAN_POINT('Ctrl Pts',(183.201726796888,-71.9871252403065,-4.70827178301889));
#9860=CARTESIAN_POINT('Ctrl Pts',(183.201726796888,-71.7782833327544,-3.1219600048208));
#9861=CARTESIAN_POINT('Ctrl Pts',(193.788247580144,-78.3351233746177,-3.87254197395668));
#9862=CARTESIAN_POINT('Ctrl Pts',(193.788247580144,-78.1262814670657,-2.28623019575858));
#9863=CARTESIAN_POINT('Ctrl Pts',(193.792414676649,-78.3376220917483,-3.87221301160567));
#9864=CARTESIAN_POINT('Ctrl Pts',(193.792414676649,-78.1287801841963,-2.28590123340757));
#9865=CARTESIAN_POINT('Ctrl Pts',(193.796581773153,-78.3401208088789,-3.87188404925467));
#9866=CARTESIAN_POINT('Ctrl Pts',(193.796581773153,-78.1312789013269,-2.28557227105657));
#9867=CARTESIAN_POINT('Ctrl Pts',(193.800748869656,-78.3426195260091,-3.87155508690371));
#9868=CARTESIAN_POINT('Ctrl Pts',(193.800748869656,-78.133777618457,-2.28524330870561));
#9869=CARTESIAN_POINT('',(144.925722054205,-29.8857193915619,-10.2510270149467));
#9870=CARTESIAN_POINT('Ctrl Pts',(144.925722054205,-29.8857193915619,-10.2510270149467));
#9871=CARTESIAN_POINT('Ctrl Pts',(144.928246755386,-29.8898580876401,-10.2504821452713));
#9872=CARTESIAN_POINT('Ctrl Pts',(144.930771456567,-29.8939967837186,-10.2499372755958));
#9873=CARTESIAN_POINT('Ctrl Pts',(144.933296157748,-29.8981354797972,-10.2493924059203));
#9874=CARTESIAN_POINT('Ctrl Pts',(150.801417311925,-39.5176382514561,-8.9829608404825));
#9875=CARTESIAN_POINT('Ctrl Pts',(157.437393864123,-48.3799864584113,-7.81621056454766));
#9876=CARTESIAN_POINT('Ctrl Pts',(165.131818212815,-56.1983075049809,-6.78690907182668));
#9877=CARTESIAN_POINT('Ctrl Pts',(173.527294010543,-64.7289684291465,-5.66382625508906));
#9878=CARTESIAN_POINT('Ctrl Pts',(183.201726796888,-71.9871252403065,-4.70827178301889));
#9879=CARTESIAN_POINT('Ctrl Pts',(193.788247580144,-78.3351233746177,-3.87254197395668));
#9880=CARTESIAN_POINT('Ctrl Pts',(193.792414676649,-78.3376220917483,-3.87221301160567));
#9881=CARTESIAN_POINT('Ctrl Pts',(193.796581773153,-78.3401208088789,-3.87188404925467));
#9882=CARTESIAN_POINT('Ctrl Pts',(193.800748869656,-78.3426195260091,-3.87155508690371));
#9883=CARTESIAN_POINT('',(144.925722054205,-29.8857193915619,-10.2510270149467));
#9884=CARTESIAN_POINT('Origin',(142.875,-30.8035634059291,-10.1301905580596));
#9885=CARTESIAN_POINT('',(140.824277953415,-29.8857193748262,-10.25102701715));
#9886=CARTESIAN_POINT('Origin',(142.875,-30.8035634059291,-10.1301905580596));
#9887=CARTESIAN_POINT('',(140.824277953415,-29.8857193748262,-10.25102701715));
#9888=CARTESIAN_POINT('Ctrl Pts',(91.949235885026,-78.3426286657571,-3.87155388363307));
#9889=CARTESIAN_POINT('Ctrl Pts',(91.949235885026,-78.133786758205,-2.28524210543497));
#9890=CARTESIAN_POINT('Ctrl Pts',(91.9534027196039,-78.340130106287,-3.87188282522768));
#9891=CARTESIAN_POINT('Ctrl Pts',(91.9534027196039,-78.1312881987349,-2.28557104702958));
#9892=CARTESIAN_POINT('Ctrl Pts',(91.9575695541819,-78.3376315468168,-3.87221176682229));
#9893=CARTESIAN_POINT('Ctrl Pts',(91.9575695541819,-78.1287896392647,-2.2858999886242));
#9894=CARTESIAN_POINT('Ctrl Pts',(91.9617363887598,-78.3351329873467,-3.87254070841691));
#9895=CARTESIAN_POINT('Ctrl Pts',(91.9617363887598,-78.1262910797946,-2.28622893021881));
#9896=CARTESIAN_POINT('Ctrl Pts',(101.664254791538,-72.5172108246184,-4.63848469190915));
#9897=CARTESIAN_POINT('Ctrl Pts',(101.664254791538,-72.3083689170663,-3.05217291371105));
#9898=CARTESIAN_POINT('Ctrl Pts',(110.603084020449,-65.9380012318805,-5.50465406694404));
#9899=CARTESIAN_POINT('Ctrl Pts',(110.603084020449,-65.7291593243285,-3.91834228874594));
#9900=CARTESIAN_POINT('Ctrl Pts',(118.488875508243,-58.3093973015215,-6.50897882748084));
#9901=CARTESIAN_POINT('Ctrl Pts',(118.488875508243,-58.1005553939694,-4.92266704928274));
#9902=CARTESIAN_POINT('Ctrl Pts',(127.093151012073,-49.985742025065,-7.60480883368284));
#9903=CARTESIAN_POINT('Ctrl Pts',(127.093151012073,-49.7769001175129,-6.01849705548474));
#9904=CARTESIAN_POINT('Ctrl Pts',(134.413940879654,-40.3940702977606,-8.86757637262088));
#9905=CARTESIAN_POINT('Ctrl Pts',(134.413940879654,-40.1852283902085,-7.28126459442278));
#9906=CARTESIAN_POINT('Ctrl Pts',(140.816717621652,-29.8981128914772,-10.249395379729));
#9907=CARTESIAN_POINT('Ctrl Pts',(140.816717621652,-29.6892709839251,-8.66308360153092));
#9908=CARTESIAN_POINT('Ctrl Pts',(140.81923773224,-29.89398171926,-10.2499392588694));
#9909=CARTESIAN_POINT('Ctrl Pts',(140.81923773224,-29.685139811708,-8.66362748067127));
#9910=CARTESIAN_POINT('Ctrl Pts',(140.821757842828,-29.889850547043,-10.2504831380097));
#9911=CARTESIAN_POINT('Ctrl Pts',(140.821757842828,-29.6810086394909,-8.66417135981161));
#9912=CARTESIAN_POINT('Ctrl Pts',(140.824277953415,-29.8857193748262,-10.25102701715));
#9913=CARTESIAN_POINT('Ctrl Pts',(140.824277953415,-29.6768774672741,-8.66471523895191));
#9914=CARTESIAN_POINT('',(91.949235885026,-78.3426286657571,-3.87155388363307));
#9915=CARTESIAN_POINT('Ctrl Pts',(91.949235885026,-78.3426286657571,-3.87155388363307));
#9916=CARTESIAN_POINT('Ctrl Pts',(91.9534027196039,-78.340130106287,-3.87188282522768));
#9917=CARTESIAN_POINT('Ctrl Pts',(91.9575695541819,-78.3376315468168,-3.87221176682229));
#9918=CARTESIAN_POINT('Ctrl Pts',(91.9617363887598,-78.3351329873467,-3.87254070841691));
#9919=CARTESIAN_POINT('Ctrl Pts',(101.664254791538,-72.5172108246184,-4.63848469190915));
#9920=CARTESIAN_POINT('Ctrl Pts',(110.603084020449,-65.9380012318805,-5.50465406694404));
#9921=CARTESIAN_POINT('Ctrl Pts',(118.488875508243,-58.3093973015215,-6.50897882748084));
#9922=CARTESIAN_POINT('Ctrl Pts',(127.093151012073,-49.985742025065,-7.60480883368284));
#9923=CARTESIAN_POINT('Ctrl Pts',(134.413940879654,-40.3940702977606,-8.86757637262088));
#9924=CARTESIAN_POINT('Ctrl Pts',(140.816717621652,-29.8981128914772,-10.249395379729));
#9925=CARTESIAN_POINT('Ctrl Pts',(140.81923773224,-29.89398171926,-10.2499392588694));
#9926=CARTESIAN_POINT('Ctrl Pts',(140.821757842828,-29.889850547043,-10.2504831380097));
#9927=CARTESIAN_POINT('Ctrl Pts',(140.824277953415,-29.8857193748262,-10.25102701715));
#9928=CARTESIAN_POINT('',(91.949235885026,-78.3426286657571,-3.87155388363307));
#9929=CARTESIAN_POINT('Origin',(92.8750000000001,-80.3758064746196,-3.60388094705704));
#9930=CARTESIAN_POINT('Origin',(92.8750000000001,-80.3758064746196,-3.60388094705687));
#9931=CARTESIAN_POINT('Origin',(0.500000000000004,-12.352373632913,-12.5593357751362));
#9932=CARTESIAN_POINT('',(0.500000000000004,-12.352373632913,-12.5593357751362));
#9933=CARTESIAN_POINT('',(0.499999999999999,-98.8269962476357,-1.17473572998046));
#9934=CARTESIAN_POINT('',(0.500000000000007,-7.89087175673083,-13.1467036401265));
#9935=CARTESIAN_POINT('',(0.500000000000004,-12.352373632913,-12.5593357751362));
#9936=CARTESIAN_POINT('',(0.499999999999999,-98.8269962476357,-1.17473572998046));
#9937=CARTESIAN_POINT('Origin',(4.50000000000001,-12.352373632913,-12.5593357751362));
#9938=CARTESIAN_POINT('',(4.50000000000003,-8.38659418741774,-13.0814405440164));
#9939=CARTESIAN_POINT('Origin',(4.50000000000001,-12.352373632913,-12.5593357751362));
#9940=CARTESIAN_POINT('',(4.50000000000003,-8.38659418741774,-13.0814405440164));
#9941=CARTESIAN_POINT('Origin',(281.25,-8.38659418741774,-13.0814405440164));
#9942=CARTESIAN_POINT('',(281.25,-8.38659418741774,-13.0814405440164));
#9943=CARTESIAN_POINT('',(212.0625,-8.38659418741774,-13.0814405440164));
#9944=CARTESIAN_POINT('',(281.25,-8.38659418741774,-13.0814405440164));
#9945=CARTESIAN_POINT('Origin',(281.25,-12.3523736329128,-12.5593357751362));
#9946=CARTESIAN_POINT('',(285.25,-12.3523736329129,-12.5593357751362));
#9947=CARTESIAN_POINT('Origin',(281.25,-12.3523736329128,-12.5593357751362));
#9948=CARTESIAN_POINT('',(285.25,-12.3523736329129,-12.5593357751362));
#9949=CARTESIAN_POINT('Origin',(285.25,-98.8269962476357,-1.17473572998043));
#9950=CARTESIAN_POINT('',(285.25,-98.8269962476357,-1.17473572998043));
#9951=CARTESIAN_POINT('',(285.25,-51.1281830640922,-7.45440361754857));
#9952=CARTESIAN_POINT('',(285.25,-98.8269962476357,-1.17473572998043));
#9953=CARTESIAN_POINT('Origin',(281.25,-98.8269962476357,-1.17473572998043));
#9954=CARTESIAN_POINT('',(281.25,-102.792775693131,-0.652630961100222));
#9955=CARTESIAN_POINT('Origin',(281.25,-98.8269962476357,-1.17473572998024));
#9956=CARTESIAN_POINT('',(281.25,-102.792775693131,-0.652630961100222));
#9957=CARTESIAN_POINT('Origin',(4.5,-102.792775693131,-0.65263096110026));
#9958=CARTESIAN_POINT('',(4.5,-102.792775693131,-0.65263096110026));
#9959=CARTESIAN_POINT('',(73.6875,-102.792775693131,-0.652630961100258));
#9960=CARTESIAN_POINT('',(4.5,-102.792775693131,-0.65263096110026));
#9961=CARTESIAN_POINT('Origin',(4.50000000000002,-98.8269962476357,-1.17473572998047));
#9962=CARTESIAN_POINT('Origin',(4.50000000000002,-98.8269962476357,-1.17473572998024));
#9963=CARTESIAN_POINT('Origin',(133.974960404814,-16.7999258103816,-6.43402305066612));
#9964=CARTESIAN_POINT('',(134.000402258736,-12.0499939462769,-3.17902305066612));
#9965=CARTESIAN_POINT('',(134.000402258736,-12.0499939462769,-6.43402305066612));
#9966=CARTESIAN_POINT('Origin',(133.974960404814,-16.7999258103816,-3.17902305066612));
#9967=CARTESIAN_POINT('Origin',(136.674989909358,-12.0500105596991,-6.43402305066612));
#9968=CARTESIAN_POINT('',(134.000402258736,-12.0499939462769,-3.17902305066612));
#9969=CARTESIAN_POINT('Origin',(149.075000462624,-10.5,-6.43402305066612));
#9970=CARTESIAN_POINT('',(139.7,-10.5,-4.65402305066611));
#9971=CARTESIAN_POINT('Origin',(139.7,-10.5,-6.15402305066611));
#9972=CARTESIAN_POINT('',(146.05,-10.5,-4.65402305066611));
#9973=CARTESIAN_POINT('',(147.562500231312,-10.5,-4.65402305066611));
#9974=CARTESIAN_POINT('Origin',(146.05,-10.5,-6.15402305066611));
#9975=CARTESIAN_POINT('Origin',(121.775010091243,-12.050180135813,-6.43402305066612));
#9976=CARTESIAN_POINT('',(121.775010091243,-12.050180135813,-3.17902305066612));
#9977=CARTESIAN_POINT('',(121.775010091243,-12.050180135813,-6.43402305066612));
#9978=CARTESIAN_POINT('',(118.775010091301,-12.0501987705609,-3.17902305066612));
#9979=CARTESIAN_POINT('',(118.775010091301,-12.0501987705609,-3.17902305066612));
#9980=CARTESIAN_POINT('',(118.775010091301,-12.0501987705609,-6.43402305066612));
#9981=CARTESIAN_POINT('Origin',(121.777290168364,-16.7987593346591,-6.43402305066612));
#9982=CARTESIAN_POINT('',(121.779570245485,-21.5473385335052,-3.17902305066612));
#9983=CARTESIAN_POINT('',(121.779570245485,-21.5473385335052,-6.43402305066612));
#9984=CARTESIAN_POINT('Origin',(121.777290168364,-16.7987593346591,-3.17902305066612));
#9985=CARTESIAN_POINT('Origin',(142.875,-3.42936988054868,-13.7340715051167));
#9986=CARTESIAN_POINT('',(-3.5,-8.79503080540361,-13.0276688431524));
#9987=CARTESIAN_POINT('',(-3.5,-102.75,-0.658262487936978));
#9988=CARTESIAN_POINT('',(-3.5,-0.420891440037365,-14.1301452057478));
#9989=CARTESIAN_POINT('',(-3.48790231442123,-8.45538142341764,-13.0723845325949));
#9990=CARTESIAN_POINT('Ctrl Pts',(-3.48790231442124,-8.45538142341764,-13.0723845325949));
#9991=CARTESIAN_POINT('Ctrl Pts',(-3.49596245027055,-8.56835757029553,-13.0575109406906));
#9992=CARTESIAN_POINT('Ctrl Pts',(-3.5,-8.68169413295702,-13.0425898991483));
#9993=CARTESIAN_POINT('Ctrl Pts',(-3.5,-8.79503080540362,-13.0276688431524));
#9994=CARTESIAN_POINT('',(0.500000000000007,-4.4208147419225,-13.6035453128966));
#9995=CARTESIAN_POINT('Ctrl Pts',(0.500000000000007,-4.4208147419225,-13.6035453128966));
#9996=CARTESIAN_POINT('Ctrl Pts',(-0.0575629628856172,-4.4208147419225,
-13.6035453128966));
#9997=CARTESIAN_POINT('Ctrl Pts',(-1.17166364630348,-4.67913019600947,-13.5695374382007));
#9998=CARTESIAN_POINT('Ctrl Pts',(-2.81673194901709,-5.98236096529251,-13.3979638524918));
#9999=CARTESIAN_POINT('Ctrl Pts',(-3.42034608177703,-7.50846898863817,-13.1970479196302));
#10000=CARTESIAN_POINT('Ctrl Pts',(-3.48790231442123,-8.45538142341764,
-13.0723845325949));
#10001=CARTESIAN_POINT('',(285.25,-4.42081474192249,-13.6035453128966));
#10002=CARTESIAN_POINT('',(142.875,-4.4208147419225,-13.6035453128966));
#10003=CARTESIAN_POINT('',(289.237902314421,-8.45538142341764,-13.0723845325949));
#10004=CARTESIAN_POINT('Ctrl Pts',(289.237902314421,-8.45538142341764,-13.0723845325949));
#10005=CARTESIAN_POINT('Ctrl Pts',(289.170346081777,-7.50846898863817,-13.1970479196302));
#10006=CARTESIAN_POINT('Ctrl Pts',(288.565731052332,-5.98293414122188,-13.3978883924491));
#10007=CARTESIAN_POINT('Ctrl Pts',(286.921267296396,-4.67941678201269,-13.5694997084376));
#10008=CARTESIAN_POINT('Ctrl Pts',(285.807562962886,-4.42081474192249,-13.6035453128966));
#10009=CARTESIAN_POINT('Ctrl Pts',(285.25,-4.42081474192249,-13.6035453128966));
#10010=CARTESIAN_POINT('',(289.25,-8.79503080540363,-13.0276688431524));
#10011=CARTESIAN_POINT('Ctrl Pts',(289.25,-8.79503080540363,-13.0276688431524));
#10012=CARTESIAN_POINT('Ctrl Pts',(289.25,-8.68169413295703,-13.0425898991483));
#10013=CARTESIAN_POINT('Ctrl Pts',(289.245962450271,-8.56835757029553,-13.0575109406906));
#10014=CARTESIAN_POINT('Ctrl Pts',(289.237902314421,-8.45538142341764,-13.0723845325949));
#10015=CARTESIAN_POINT('',(289.25,-102.75,-0.658262487936978));
#10016=CARTESIAN_POINT('',(289.25,-55.5896849402744,-6.86703575255834));
#10017=CARTESIAN_POINT('',(289.248631918558,-102.854830283481,-0.6444613192939));
#10018=CARTESIAN_POINT('Ctrl Pts',(289.248631918558,-102.854830283481,-0.644461319293901));
#10019=CARTESIAN_POINT('Ctrl Pts',(289.249543919137,-102.819894889455,-0.649060651171678));
#10020=CARTESIAN_POINT('Ctrl Pts',(289.25,-102.784947444879,-0.653661569534373));
#10021=CARTESIAN_POINT('Ctrl Pts',(289.25,-102.75,-0.65826248793698));
#10022=CARTESIAN_POINT('',(285.25,-106.758555138626,-0.130526192220051));
#10023=CARTESIAN_POINT('Ctrl Pts',(285.25,-106.758555138626,-0.130526192220051));
#10024=CARTESIAN_POINT('Ctrl Pts',(286.130779785984,-106.758555138626,-0.130526192220051));
#10025=CARTESIAN_POINT('Ctrl Pts',(287.594202105121,-106.253261785431,-0.197049324182492));
#10026=CARTESIAN_POINT('Ctrl Pts',(288.936601680773,-104.617926854494,-0.412345252232297));
#10027=CARTESIAN_POINT('Ctrl Pts',(289.233209960942,-103.445588861864,-0.566686476978619));
#10028=CARTESIAN_POINT('Ctrl Pts',(289.248631918558,-102.854830283481,-0.644461319293902));
#10029=CARTESIAN_POINT('',(0.500000000000001,-106.758555138626,-0.130526192220051));
#10030=CARTESIAN_POINT('',(69.1875,-106.758555138626,-0.130526192220052));
#10031=CARTESIAN_POINT('',(-3.49863191855754,-102.854830283481,-0.644461319293902));
#10032=CARTESIAN_POINT('Ctrl Pts',(-3.49863191855754,-102.854830283481,
-0.644461319293904));
#10033=CARTESIAN_POINT('Ctrl Pts',(-3.47549898213396,-103.740968151055,
-0.52779905582098));
#10034=CARTESIAN_POINT('Ctrl Pts',(-2.9279407511833,-105.198745770057,-0.335878991352435));
#10035=CARTESIAN_POINT('Ctrl Pts',(-1.25956284360055,-106.494675577659,
-0.1652665954837));
#10036=CARTESIAN_POINT('Ctrl Pts',(-0.0871865239894419,-106.758555138626,
-0.130526192220051));
#10037=CARTESIAN_POINT('Ctrl Pts',(0.500000000000007,-106.758555138626,
-0.130526192220051));
#10038=CARTESIAN_POINT('Ctrl Pts',(-3.5,-102.75,-0.658262487936982));
#10039=CARTESIAN_POINT('Ctrl Pts',(-3.5,-102.784947444879,-0.653661569534375));
#10040=CARTESIAN_POINT('Ctrl Pts',(-3.49954391913726,-102.819894889455,
-0.649060651171679));
#10041=CARTESIAN_POINT('Ctrl Pts',(-3.49863191855754,-102.854830283481,
-0.644461319293901));
#10042=CARTESIAN_POINT('Origin',(142.875,-3.42936988054868,-13.7340715051167));
#10043=CARTESIAN_POINT('Origin',(146.875,4.5,-2.4340230506661));
#10044=CARTESIAN_POINT('',(146.875,3.09471613648417,-2.4340230506661));
#10045=CARTESIAN_POINT('',(138.875,3.09471613648417,-2.4340230506661));
#10046=CARTESIAN_POINT('',(144.875,3.09471613648417,-2.4340230506661));
#10047=CARTESIAN_POINT('',(146.875,-9.3,-2.4340230506661));
#10048=CARTESIAN_POINT('',(146.875,4.5,-2.4340230506661));
#10049=CARTESIAN_POINT('',(138.875,-9.3,-2.4340230506661));
#10050=CARTESIAN_POINT('',(138.875,-9.3,-2.4340230506661));
#10051=CARTESIAN_POINT('',(138.875,4.5,-2.4340230506661));
#10052=CARTESIAN_POINT('Origin',(138.875,4.5,-5.43402305066614));
#10053=CARTESIAN_POINT('',(135.875,1.36266532891526,-5.43402305066615));
#10054=CARTESIAN_POINT('Origin',(138.875,1.36266532891526,-5.43402305066614));
#10055=CARTESIAN_POINT('',(135.875,-9.3,-5.43402305066615));
#10056=CARTESIAN_POINT('Origin',(138.875,-9.3,-5.43402305066614));
#10057=CARTESIAN_POINT('',(135.875,4.5,-5.43402305066615));
#10058=CARTESIAN_POINT('Origin',(135.875,4.5,-5.43402305066615));
#10059=CARTESIAN_POINT('',(135.875,0.207964790536048,-7.43402305066608));
#10060=CARTESIAN_POINT('',(135.875,3.32349949834322,-2.0377586439998));
#10061=CARTESIAN_POINT('',(135.875,-9.3,-7.43402305066608));
#10062=CARTESIAN_POINT('',(135.875,-9.3,-7.43402305066608));
#10063=CARTESIAN_POINT('',(135.875,4.5,-7.43402305066608));
#10064=CARTESIAN_POINT('Origin',(138.875,4.5,-7.43402305066608));
#10065=CARTESIAN_POINT('',(138.875,-1.52408601703284,-10.4340230506661));
#10066=CARTESIAN_POINT('Origin',(138.875,0.207964790536049,-7.43402305066608));
#10067=CARTESIAN_POINT('',(138.875,-9.3,-10.4340230506661));
#10068=CARTESIAN_POINT('Origin',(138.875,-9.3,-7.43402305066608));
#10069=CARTESIAN_POINT('',(138.875,4.5,-10.4340230506661));
#10070=CARTESIAN_POINT('Origin',(138.875,4.5,-10.4340230506661));
#10071=CARTESIAN_POINT('',(146.875,-1.52408601703284,-10.4340230506661));
#10072=CARTESIAN_POINT('',(140.875,-1.52408601703284,-10.4340230506661));
#10073=CARTESIAN_POINT('',(146.875,-9.3,-10.4340230506661));
#10074=CARTESIAN_POINT('',(146.875,-9.3,-10.4340230506661));
#10075=CARTESIAN_POINT('',(146.875,4.5,-10.4340230506661));
#10076=CARTESIAN_POINT('Origin',(146.875,4.5,-5.43402305066613));
#10077=CARTESIAN_POINT('',(149.875,1.36266532891527,-5.43402305066613));
#10078=CARTESIAN_POINT('Origin',(146.875,1.36266532891527,-5.43402305066613));
#10079=CARTESIAN_POINT('',(149.875,-9.3,-5.43402305066613));
#10080=CARTESIAN_POINT('',(149.875,4.5,-5.43402305066613));
#10081=CARTESIAN_POINT('Origin',(146.875,-9.3,-5.43402305066613));
#10082=CARTESIAN_POINT('Origin',(149.875,4.5,-7.43402305066611));
#10083=CARTESIAN_POINT('',(149.875,0.20796479053603,-7.43402305066611));
#10084=CARTESIAN_POINT('',(149.875,2.89048679645101,-2.78775864399979));
#10085=CARTESIAN_POINT('',(149.875,-9.3,-7.43402305066611));
#10086=CARTESIAN_POINT('',(149.875,4.5,-7.43402305066611));
#10087=CARTESIAN_POINT('',(149.875,-9.3,-5.43402305066613));
#10088=CARTESIAN_POINT('Origin',(146.875,4.5,-7.43402305066611));
#10089=CARTESIAN_POINT('Origin',(146.875,0.20796479053603,-7.43402305066611));
#10090=CARTESIAN_POINT('Origin',(146.875,-9.3,-7.43402305066611));
#10091=CARTESIAN_POINT('Origin',(142.875,-9.3,-6.4340230506661));
#10092=CARTESIAN_POINT('',(139.7,-9.3,-4.65402305066611));
#10093=CARTESIAN_POINT('',(146.05,-9.3,-4.65402305066611));
#10094=CARTESIAN_POINT('',(144.4625,-9.3,-4.65402305066611));
#10095=CARTESIAN_POINT('',(138.2,-9.3,-6.15402305066611));
#10096=CARTESIAN_POINT('Origin',(139.7,-9.3,-6.15402305066611));
#10097=CARTESIAN_POINT('',(138.2,-9.3,-6.71402305066611));
#10098=CARTESIAN_POINT('',(138.2,-9.3,-6.29402305066611));
#10099=CARTESIAN_POINT('',(139.7,-9.3,-8.21402305066611));
#10100=CARTESIAN_POINT('Origin',(139.7,-9.3,-6.71402305066611));
#10101=CARTESIAN_POINT('',(146.05,-9.3,-8.21402305066611));
#10102=CARTESIAN_POINT('',(141.2875,-9.3,-8.21402305066611));
#10103=CARTESIAN_POINT('',(147.55,-9.3,-6.71402305066611));
#10104=CARTESIAN_POINT('Origin',(146.05,-9.3,-6.71402305066611));
#10105=CARTESIAN_POINT('',(147.55,-9.3,-6.15402305066611));
#10106=CARTESIAN_POINT('',(147.55,-9.3,-6.57402305066611));
#10107=CARTESIAN_POINT('Origin',(146.05,-9.3,-6.15402305066611));
#10108=CARTESIAN_POINT('Origin',(139.7,4.5,-8.21402305066611));
#10109=CARTESIAN_POINT('',(139.7,4.5,-8.21402305066611));
#10110=CARTESIAN_POINT('',(146.05,4.5,-8.21402305066611));
#10111=CARTESIAN_POINT('Origin',(139.7,4.5,-6.71402305066611));
#10112=CARTESIAN_POINT('',(138.2,4.5,-6.71402305066611));
#10113=CARTESIAN_POINT('Origin',(138.2,4.5,-6.15402305066611));
#10114=CARTESIAN_POINT('',(138.2,4.5,-6.15402305066611));
#10115=CARTESIAN_POINT('Origin',(139.7,4.5,-6.15402305066611));
#10116=CARTESIAN_POINT('',(139.7,4.5,-4.65402305066611));
#10117=CARTESIAN_POINT('Origin',(146.05,4.5,-4.65402305066611));
#10118=CARTESIAN_POINT('',(146.05,4.5,-4.65402305066611));
#10119=CARTESIAN_POINT('Origin',(146.05,4.5,-6.15402305066611));
#10120=CARTESIAN_POINT('',(147.55,4.5,-6.15402305066611));
#10121=CARTESIAN_POINT('Origin',(147.55,4.5,-6.71402305066611));
#10122=CARTESIAN_POINT('',(147.55,4.5,-6.71402305066611));
#10123=CARTESIAN_POINT('Origin',(146.05,4.5,-6.71402305066611));
#10124=CARTESIAN_POINT('Origin',(166.974960403668,-16.8002008948719,8.10468962720025));
#10125=CARTESIAN_POINT('',(168.224960403668,-16.8002008948719,-3.17902305066612));
#10126=CARTESIAN_POINT('Origin',(166.974960403668,-16.8002008948719,-3.17902305066612));
#10127=CARTESIAN_POINT('',(168.224960403668,-16.8002008948719,8.10468962720025));
#10128=CARTESIAN_POINT('Origin',(133.974960404814,-16.7999258103816,8.10468962720025));
#10129=CARTESIAN_POINT('',(135.224960404814,-16.7999258103816,-3.17902305066612));
#10130=CARTESIAN_POINT('Origin',(133.974960404814,-16.7999258103816,-3.17902305066612));
#10131=CARTESIAN_POINT('',(135.224960404814,-16.7999258103816,8.10468962720025));
#10132=CARTESIAN_POINT('Origin',(194.756269957806,-32.3250533500508,-4.67902305066612));
#10133=CARTESIAN_POINT('Origin',(135.974989909371,-12.0500062115913,-6.43402305066612));
#10134=CARTESIAN_POINT('',(135.974977563834,-14.0375088266519,-3.17902305066612));
#10135=CARTESIAN_POINT('Origin',(150.47496146636,-16.0251015096373,-3.17902305066612));
#10136=CARTESIAN_POINT('Origin',(166.974960403668,-16.8002008948719,-3.17902305066612));
#10137=CARTESIAN_POINT('Origin',(166.974960403668,-16.8002008948719,-6.43402305066612));
#10138=CARTESIAN_POINT('Origin',(150.47496146636,-16.0251015096373,-3.17902305066612));
#10139=CARTESIAN_POINT('Origin',(118.779571610968,-21.5502008572585,-6.43402305066612));
#10140=CARTESIAN_POINT('',(118.779571610968,-21.5502008572585,-3.17902305066612));
#10141=CARTESIAN_POINT('',(118.779571610968,-21.5502008572585,-6.43402305066612));
#10142=CARTESIAN_POINT('',(118.779571610968,-21.5502008572585,-3.17902305066612));
#10143=CARTESIAN_POINT('Origin',(118.775039596332,-16.8002008948719,-6.43402305066612));
#10144=CARTESIAN_POINT('Origin',(118.775039596332,-16.8002008948719,-3.17902305066612));
#10145=CARTESIAN_POINT('Origin',(120.27545369327,-16.8001913038434,-3.17902305066612));
#10146=CARTESIAN_POINT('Origin',(32.7286954991757,-38.2475074174018,49.1576276873101));
#10147=CARTESIAN_POINT('',(-0.759059207056705,-98.75,20.));
#10148=CARTESIAN_POINT('',(-3.5,-94.873724356958,20.));
#10149=CARTESIAN_POINT('Origin',(3.5710678118655,-88.75,20.));
#10150=CARTESIAN_POINT('',(-4.5,-96.6057751645269,19.));
#10151=CARTESIAN_POINT('',(29.193161593243,-38.2475074174018,52.6931615932429));
#10152=CARTESIAN_POINT('',(-4.5,-102.75,17.5102134173867));
#10153=CARTESIAN_POINT('Origin',(-4.5,-102.729499521485,11.9289321881345));
#10154=CARTESIAN_POINT('',(-4.14164216256934,-104.608805539764,16.6174170444874));
#10155=CARTESIAN_POINT('Ctrl Pts',(-4.5,-102.75,17.5102134173867));
#10156=CARTESIAN_POINT('Ctrl Pts',(-4.5,-103.401373806075,17.2274138021778));
#10157=CARTESIAN_POINT('Ctrl Pts',(-4.36556830525,-104.049637298153,16.9402529793042));
#10158=CARTESIAN_POINT('Ctrl Pts',(-4.14164216256932,-104.608805539764,
16.6174170444874));
#10159=CARTESIAN_POINT('',(32.7286954991757,-40.7475074174018,53.4877547062323));
#10160=CARTESIAN_POINT('Origin',(-4.,-23.5625,19.5));
#10161=CARTESIAN_POINT('',(-3.49999999999999,-0.500000000000002,20.));
#10162=CARTESIAN_POINT('',(-3.5,-23.5625,20.));
#10163=CARTESIAN_POINT('',(-4.5,-0.500000000000002,19.));
#10164=CARTESIAN_POINT('',(-4.5,-0.500000000000002,19.));
#10165=CARTESIAN_POINT('',(-4.5,-23.5625,19.));
#10166=CARTESIAN_POINT('Origin',(142.875,-51.625,20.));
#10167=CARTESIAN_POINT('',(286.509059207057,-98.75,20.));
#10168=CARTESIAN_POINT('',(142.875,-98.75,20.));
#10169=CARTESIAN_POINT('',(289.25,-94.8737243569581,20.));
#10170=CARTESIAN_POINT('Origin',(282.178932188134,-88.75,20.));
#10171=CARTESIAN_POINT('',(289.25,-0.499999999999998,20.));
#10172=CARTESIAN_POINT('',(289.25,-79.6875,20.));
#10173=CARTESIAN_POINT('',(285.25,3.5,20.));
#10174=CARTESIAN_POINT('Origin',(285.25,-0.499999999999998,20.));
#10175=CARTESIAN_POINT('',(0.500000000000007,3.5,20.));
#10176=CARTESIAN_POINT('',(216.5625,3.5,20.));
#10177=CARTESIAN_POINT('Origin',(0.500000000000007,-0.500000000000002,20.));
#10178=CARTESIAN_POINT('',(258.675,-94.75,20.));
#10179=CARTESIAN_POINT('',(258.675,-77.7,20.));
#10180=CARTESIAN_POINT('',(258.675,-64.1625,20.));
#10181=CARTESIAN_POINT('',(256.675,-96.75,20.));
#10182=CARTESIAN_POINT('Origin',(256.675,-94.75,20.));
#10183=CARTESIAN_POINT('',(29.075,-96.75,20.));
#10184=CARTESIAN_POINT('',(200.275,-96.75,20.));
#10185=CARTESIAN_POINT('',(27.075,-94.75,20.));
#10186=CARTESIAN_POINT('Origin',(29.075,-94.75,20.));
#10187=CARTESIAN_POINT('',(27.075,-77.7,20.));
#10188=CARTESIAN_POINT('',(27.075,-73.6875,20.));
#10189=CARTESIAN_POINT('',(0.500000000000007,-77.7,20.));
#10190=CARTESIAN_POINT('',(85.475,-77.7,20.));
#10191=CARTESIAN_POINT('',(-1.5,-75.7,20.));
#10192=CARTESIAN_POINT('Origin',(0.5,-75.7,20.));
#10193=CARTESIAN_POINT('',(-1.5,-0.499999999999998,20.));
#10194=CARTESIAN_POINT('',(-1.49999999999999,-64.1625,20.));
#10195=CARTESIAN_POINT('',(0.5,1.5,20.));
#10196=CARTESIAN_POINT('Origin',(0.5,-0.500000000000003,20.));
#10197=CARTESIAN_POINT('',(285.25,1.5,20.));
#10198=CARTESIAN_POINT('',(71.1875,1.5,20.));
#10199=CARTESIAN_POINT('',(287.25,-0.500000000000002,20.));
#10200=CARTESIAN_POINT('Origin',(285.25,-0.500000000000002,20.));
#10201=CARTESIAN_POINT('',(287.25,-75.7,20.));
#10202=CARTESIAN_POINT('',(287.25,-25.5625,20.));
#10203=CARTESIAN_POINT('',(285.25,-77.7,20.));
#10204=CARTESIAN_POINT('Origin',(285.25,-75.7,20.));
#10205=CARTESIAN_POINT('',(214.5625,-77.7,20.));
#10206=CARTESIAN_POINT('Origin',(142.875,-70.709890724128,36.1889646385313));
#10207=CARTESIAN_POINT('',(0.499999999999998,-107.75,14.8038475772934));
#10208=CARTESIAN_POINT('Origin',(0.5,-102.75,17.6905989232415));
#10209=CARTESIAN_POINT('',(285.25,-107.75,14.8038475772934));
#10210=CARTESIAN_POINT('',(69.1875,-107.75,14.8038475772934));
#10211=CARTESIAN_POINT('',(289.891642162569,-104.608805539764,16.6174170444874));
#10212=CARTESIAN_POINT('Origin',(285.25,-102.75,17.6905989232415));
#10213=CARTESIAN_POINT('',(262.742439658304,-57.5850074174017,43.7666195487521));
#10214=CARTESIAN_POINT('Origin',(262.742439658304,-55.0850074174017,39.4364925298299));
#10215=CARTESIAN_POINT('',(290.25,-102.75,17.5102134173867));
#10216=CARTESIAN_POINT('',(290.25,-96.605775164527,19.));
#10217=CARTESIAN_POINT('Origin',(290.25,-102.729499521485,11.9289321881345));
#10218=CARTESIAN_POINT('',(266.277973564237,-55.0850074174017,42.9720264357627));
#10219=CARTESIAN_POINT('Ctrl Pts',(289.891642162569,-104.608805539764,16.6174170444874));
#10220=CARTESIAN_POINT('Ctrl Pts',(290.006157679698,-104.322847680697,16.7825148913966));
#10221=CARTESIAN_POINT('Ctrl Pts',(290.097972420434,-104.008008551834,16.9409023209123));
#10222=CARTESIAN_POINT('Ctrl Pts',(290.215564087863,-103.414212372334,17.2205437017315));
#10223=CARTESIAN_POINT('Ctrl Pts',(290.25,-103.085085755494,17.3647330160687));
#10224=CARTESIAN_POINT('Ctrl Pts',(290.25,-102.75,17.5102134173867));
#10225=CARTESIAN_POINT('Origin',(285.25,-102.75,0.));
#10226=CARTESIAN_POINT('',(285.25,-107.75,1.));
#10227=CARTESIAN_POINT('',(285.25,-107.75,0.));
#10228=CARTESIAN_POINT('',(290.25,-102.749999974663,0.350365002628108));
#10229=CARTESIAN_POINT('Ctrl Pts',(290.25,-102.749999974231,0.350365005905905));
#10230=CARTESIAN_POINT('Ctrl Pts',(290.250000003793,-103.486062675746,0.447236496128975));
#10231=CARTESIAN_POINT('Ctrl Pts',(289.918329286907,-104.964381136022,0.640630025764813));
#10232=CARTESIAN_POINT('Ctrl Pts',(288.260452952029,-107.078939543737,0.914148581057557));
#10233=CARTESIAN_POINT('Ctrl Pts',(286.382406820596,-107.75,1.));
#10234=CARTESIAN_POINT('Ctrl Pts',(285.25,-107.75,1.));
#10235=CARTESIAN_POINT('',(290.25,-102.75,0.));
#10236=CARTESIAN_POINT('Origin',(258.175,-64.1625,19.5));
#10237=CARTESIAN_POINT('',(257.675,-94.75,19.));
#10238=CARTESIAN_POINT('',(257.675,-94.75,19.));
#10239=CARTESIAN_POINT('',(257.675,-77.7,19.));
#10240=CARTESIAN_POINT('',(258.675,-77.7,20.));
#10241=CARTESIAN_POINT('',(257.675,-64.1625,19.));
#10242=CARTESIAN_POINT('Origin',(256.675,-94.75,19.5));
#10243=CARTESIAN_POINT('',(256.675,-95.75,19.));
#10244=CARTESIAN_POINT('Origin',(256.675,-94.75,19.));
#10245=CARTESIAN_POINT('',(256.675,-95.75,19.));
#10246=CARTESIAN_POINT('Origin',(200.275,-96.25,19.5));
#10247=CARTESIAN_POINT('',(29.075,-95.75,19.));
#10248=CARTESIAN_POINT('',(29.075,-95.75,19.));
#10249=CARTESIAN_POINT('',(200.275,-95.75,19.));
#10250=CARTESIAN_POINT('Origin',(29.075,-94.75,19.5));
#10251=CARTESIAN_POINT('',(28.075,-94.75,19.));
#10252=CARTESIAN_POINT('Origin',(29.075,-94.75,19.));
#10253=CARTESIAN_POINT('',(28.075,-94.75,19.));
#10254=CARTESIAN_POINT('Origin',(27.575,-73.6875,19.5));
#10255=CARTESIAN_POINT('',(28.075,-77.7,19.));
#10256=CARTESIAN_POINT('',(28.075,-77.7,19.));
#10257=CARTESIAN_POINT('',(28.075,-73.6875,19.));
#10258=CARTESIAN_POINT('Origin',(214.5625,-77.2,19.5));
#10259=CARTESIAN_POINT('',(258.675,-76.7,19.));
#10260=CARTESIAN_POINT('',(258.675,-76.7,19.));
#10261=CARTESIAN_POINT('',(285.25,-76.7,19.));
#10262=CARTESIAN_POINT('',(285.25,-77.7,20.));
#10263=CARTESIAN_POINT('',(214.5625,-76.7,19.));
#10264=CARTESIAN_POINT('Origin',(85.475,-77.2,19.5));
#10265=CARTESIAN_POINT('',(0.5,-76.7,19.));
#10266=CARTESIAN_POINT('',(0.5,-76.7,19.));
#10267=CARTESIAN_POINT('',(27.075,-76.7,19.));
#10268=CARTESIAN_POINT('',(27.075,-77.7,20.));
#10269=CARTESIAN_POINT('',(85.475,-76.7,19.));
#10270=CARTESIAN_POINT('Origin',(0.5,-75.7,19.5));
#10271=CARTESIAN_POINT('',(-0.499999999999999,-75.7,19.));
#10272=CARTESIAN_POINT('Origin',(0.5,-75.7,19.));
#10273=CARTESIAN_POINT('',(-0.499999999999999,-75.7,19.));
#10274=CARTESIAN_POINT('Origin',(-0.999999999999997,-64.1625,19.5));
#10275=CARTESIAN_POINT('',(-0.5,-0.500000000000003,19.));
#10276=CARTESIAN_POINT('',(-0.5,-0.500000000000003,19.));
#10277=CARTESIAN_POINT('',(-0.499999999999999,-64.1625,19.));
#10278=CARTESIAN_POINT('Origin',(0.5,-0.500000000000003,19.5));
#10279=CARTESIAN_POINT('Origin',(0.5,-0.500000000000003,19.));
#10280=CARTESIAN_POINT('',(0.5,0.499999999999998,19.));
#10281=CARTESIAN_POINT('Origin',(71.1875,0.999999999999999,19.5));
#10282=CARTESIAN_POINT('',(285.25,0.499999999999998,19.));
#10283=CARTESIAN_POINT('Origin',(285.25,-0.500000000000002,19.5));
#10284=CARTESIAN_POINT('',(286.25,-0.500000000000002,19.));
#10285=CARTESIAN_POINT('Origin',(285.25,-0.500000000000002,19.));
#10286=CARTESIAN_POINT('',(286.25,-0.500000000000002,19.));
#10287=CARTESIAN_POINT('Origin',(286.75,-25.5625,19.5));
#10288=CARTESIAN_POINT('',(286.25,-75.7,19.));
#10289=CARTESIAN_POINT('',(286.25,-75.7,19.));
#10290=CARTESIAN_POINT('',(286.25,-25.5625,19.));
#10291=CARTESIAN_POINT('Origin',(285.25,-75.7,19.5));
#10292=CARTESIAN_POINT('Origin',(285.25,-75.7,19.));
#10293=CARTESIAN_POINT('Origin',(258.675,-77.7,19.));
#10294=CARTESIAN_POINT('Origin',(258.675,-77.7,19.));
#10295=CARTESIAN_POINT('Origin',(27.075,-77.7,19.));
#10296=CARTESIAN_POINT('Origin',(27.075,-77.7,19.));
#10297=CARTESIAN_POINT('Origin',(285.25,-75.7,0.));
#10298=CARTESIAN_POINT('',(286.25,-75.7,0.));
#10299=CARTESIAN_POINT('',(285.25,-76.7,0.));
#10300=CARTESIAN_POINT('Origin',(286.25,0.499999999999998,0.));
#10301=CARTESIAN_POINT('',(286.25,-0.500000000000002,0.));
#10302=CARTESIAN_POINT('Origin',(285.25,-0.500000000000002,0.));
#10303=CARTESIAN_POINT('Origin',(0.5,-0.500000000000003,0.));
#10304=CARTESIAN_POINT('',(-0.5,-0.500000000000003,0.));
#10305=CARTESIAN_POINT('Origin',(-0.499999999999999,-76.7,0.));
#10306=CARTESIAN_POINT('',(-0.499999999999999,-75.7,0.));
#10307=CARTESIAN_POINT('Origin',(0.5,-75.7,0.));
#10308=CARTESIAN_POINT('',(0.5,-76.7,0.));
#10309=CARTESIAN_POINT('Origin',(28.075,-76.7,0.));
#10310=CARTESIAN_POINT('',(27.075,-76.7,0.));
#10311=CARTESIAN_POINT('Origin',(289.75,-79.6875,19.5));
#10312=CARTESIAN_POINT('',(290.25,-0.499999999999998,19.));
#10313=CARTESIAN_POINT('',(290.25,-79.6875,19.));
#10314=CARTESIAN_POINT('',(290.25,-0.499999999999998,19.));
#10315=CARTESIAN_POINT('Origin',(285.25,-0.499999999999998,19.5));
#10316=CARTESIAN_POINT('',(285.25,4.5,19.));
#10317=CARTESIAN_POINT('Origin',(285.25,-0.499999999999998,19.));
#10318=CARTESIAN_POINT('',(285.25,4.5,19.));
#10319=CARTESIAN_POINT('Origin',(216.5625,4.,19.5));
#10320=CARTESIAN_POINT('',(0.500000000000007,4.5,19.));
#10321=CARTESIAN_POINT('',(0.500000000000007,4.5,19.));
#10322=CARTESIAN_POINT('',(216.5625,4.5,19.));
#10323=CARTESIAN_POINT('Origin',(0.500000000000007,-0.500000000000002,19.5));
#10324=CARTESIAN_POINT('Origin',(0.500000000000007,-0.500000000000002,19.));
#10325=CARTESIAN_POINT('Origin',(0.500000000000007,-0.500000000000002,0.));
#10326=CARTESIAN_POINT('',(0.499999999999998,4.5,0.));
#10327=CARTESIAN_POINT('',(0.500000000000007,4.5,0.));
#10328=CARTESIAN_POINT('',(-4.5,-0.500000000000002,1.33974596215562));
#10329=CARTESIAN_POINT('Origin',(0.499999999999998,-0.500000000000002,1.33974596215562));
#10330=CARTESIAN_POINT('',(-4.5,-0.500000000000002,0.));
#10331=CARTESIAN_POINT('Origin',(290.25,4.5,0.));
#10332=CARTESIAN_POINT('',(285.25,4.5,0.));
#10333=CARTESIAN_POINT('',(285.25,4.5,0.));
#10334=CARTESIAN_POINT('',(-4.5,4.5,0.));
#10335=CARTESIAN_POINT('Origin',(285.25,-0.499999999999998,0.));
#10336=CARTESIAN_POINT('',(290.25,-0.499999999999998,1.33974596215562));
#10337=CARTESIAN_POINT('',(290.25,-0.499999999999998,0.));
#10338=CARTESIAN_POINT('Origin',(285.25,-0.499999999999998,1.33974596215562));
#10339=CARTESIAN_POINT('Origin',(290.25,-107.75,0.));
#10340=CARTESIAN_POINT('',(290.25,-102.61947380778,0.333182373436833));
#10341=CARTESIAN_POINT('Ctrl Pts',(290.25,-102.61947380778,0.333182373436834));
#10342=CARTESIAN_POINT('Ctrl Pts',(290.25,-102.662972839682,0.338909129629429));
#10343=CARTESIAN_POINT('Ctrl Pts',(290.25,-102.706471803092,0.34463636513033));
#10344=CARTESIAN_POINT('Ctrl Pts',(290.25,-102.749999974231,0.350365005905906));
#10345=CARTESIAN_POINT('',(290.25,-8.66450461318357,-12.0362239817786));
#10346=CARTESIAN_POINT('',(290.25,-55.4591587480543,-5.87559089118453));
#10347=CARTESIAN_POINT('',(290.25,-8.25389259776529,-12.0903899736066));
#10348=CARTESIAN_POINT('Ctrl Pts',(290.25,-8.2538925977653,-12.0903899736067));
#10349=CARTESIAN_POINT('Ctrl Pts',(290.25,-8.39116654236867,-12.0721733594761));
#10350=CARTESIAN_POINT('Ctrl Pts',(290.25,-8.52783738564774,-12.0542165636221));
#10351=CARTESIAN_POINT('Ctrl Pts',(290.25,-8.66450461318358,-12.0362239817786));
#10352=CARTESIAN_POINT('',(290.25,-13.8613770189222,-21.8028378937008));
#10353=CARTESIAN_POINT('Ctrl Pts',(285.25,-107.75,1.));
#10354=CARTESIAN_POINT('Ctrl Pts',(286.382406820596,-107.75,1.));
#10355=CARTESIAN_POINT('Ctrl Pts',(288.260452952029,-107.078939543737,0.914148581057557));
#10356=CARTESIAN_POINT('Ctrl Pts',(289.918329286907,-104.964381136022,0.640630025764813));
#10357=CARTESIAN_POINT('Ctrl Pts',(290.250000003793,-103.486062675746,0.447236496128975));
#10358=CARTESIAN_POINT('Ctrl Pts',(290.25,-102.749999974231,0.350365005905905));
#10359=CARTESIAN_POINT('Ctrl Pts',(285.25,-107.419518379542,0.623157935926651));
#10360=CARTESIAN_POINT('Ctrl Pts',(286.298531142392,-107.419518379542,0.623157935926652));
#10361=CARTESIAN_POINT('Ctrl Pts',(288.038369336393,-106.803713624302,0.543749279310874));
#10362=CARTESIAN_POINT('Ctrl Pts',(289.591086751529,-104.848896375513,0.289638266432443));
#10363=CARTESIAN_POINT('Ctrl Pts',(289.91106998951,-103.472571404452,0.109262171759777));
#10364=CARTESIAN_POINT('Ctrl Pts',(289.916210639519,-102.784943410648,0.0187562308393029));
#10365=CARTESIAN_POINT('Ctrl Pts',(285.25,-107.089036759084,0.2463158718533));
#10366=CARTESIAN_POINT('Ctrl Pts',(286.214655464188,-107.089036759084,0.2463158718533));
#10367=CARTESIAN_POINT('Ctrl Pts',(287.816285720757,-106.528487704866,0.173349977564191));
#10368=CARTESIAN_POINT('Ctrl Pts',(289.263844216151,-104.733411615003,-0.0613534928999272));
#10369=CARTESIAN_POINT('Ctrl Pts',(289.572139975226,-103.459080133158,-0.228712152609421));
#10370=CARTESIAN_POINT('Ctrl Pts',(289.582421279038,-102.819886847065,-0.3128525442273));
#10371=CARTESIAN_POINT('Ctrl Pts',(285.25,-106.758555138626,-0.130526192220051));
#10372=CARTESIAN_POINT('Ctrl Pts',(286.130779785984,-106.758555138626,-0.130526192220051));
#10373=CARTESIAN_POINT('Ctrl Pts',(287.594202105121,-106.253261785431,-0.197049324182492));
#10374=CARTESIAN_POINT('Ctrl Pts',(288.936601680773,-104.617926854494,-0.412345252232297));
#10375=CARTESIAN_POINT('Ctrl Pts',(289.233209960942,-103.445588861864,-0.566686476978619));
#10376=CARTESIAN_POINT('Ctrl Pts',(289.248631918558,-102.854830283481,-0.644461319293902));
#10377=CARTESIAN_POINT('',(289.248631918558,-102.854830283481,-0.6444613192939));
#10378=CARTESIAN_POINT('',(285.25,-107.75,1.));
#10379=CARTESIAN_POINT('Ctrl Pts',(-4.5,-102.749999974231,0.350365005905903));
#10380=CARTESIAN_POINT('Ctrl Pts',(-4.5000000056902,-103.854094026504,0.495672241240509));
#10381=CARTESIAN_POINT('Ctrl Pts',(-3.86357824026574,-105.707449546352,
0.737184881659609));
#10382=CARTESIAN_POINT('Ctrl Pts',(-1.76185537581843,-107.401067912894,
0.95527592143994));
#10383=CARTESIAN_POINT('Ctrl Pts',(-0.254937880397627,-107.75,1.));
#10384=CARTESIAN_POINT('Ctrl Pts',(0.500000000000008,-107.75,1.));
#10385=CARTESIAN_POINT('Ctrl Pts',(-4.16621063951918,-102.784943410648,
0.0187562308393008));
#10386=CARTESIAN_POINT('Ctrl Pts',(-4.15849966450478,-103.816385401354,
0.154515142220013));
#10387=CARTESIAN_POINT('Ctrl Pts',(-3.55169907723826,-105.53788162092,0.379496923988928));
#10388=CARTESIAN_POINT('Ctrl Pts',(-1.5944245317458,-107.098937134482,0.58176174913206));
#10389=CARTESIAN_POINT('Ctrl Pts',(-0.199020761594896,-107.419518379542,
0.623157935926651));
#10390=CARTESIAN_POINT('Ctrl Pts',(0.500000000000007,-107.419518379542,
0.623157935926651));
#10391=CARTESIAN_POINT('Ctrl Pts',(-3.83242127903836,-102.819886847065,
-0.312852544227301));
#10392=CARTESIAN_POINT('Ctrl Pts',(-3.81699932331937,-103.778676776205,
-0.186641956800483));
#10393=CARTESIAN_POINT('Ctrl Pts',(-3.23981991421078,-105.368313695488,
0.0218089663182463));
#10394=CARTESIAN_POINT('Ctrl Pts',(-1.42699368767318,-106.79680635607,0.20824757682418));
#10395=CARTESIAN_POINT('Ctrl Pts',(-0.143103642792172,-107.089036759084,
0.2463158718533));
#10396=CARTESIAN_POINT('Ctrl Pts',(0.500000000000007,-107.089036759084,
0.2463158718533));
#10397=CARTESIAN_POINT('Ctrl Pts',(-3.49863191855754,-102.854830283481,
-0.644461319293904));
#10398=CARTESIAN_POINT('Ctrl Pts',(-3.47549898213396,-103.740968151055,
-0.52779905582098));
#10399=CARTESIAN_POINT('Ctrl Pts',(-2.9279407511833,-105.198745770057,-0.335878991352435));
#10400=CARTESIAN_POINT('Ctrl Pts',(-1.25956284360055,-106.494675577659,
-0.1652665954837));
#10401=CARTESIAN_POINT('Ctrl Pts',(-0.0871865239894419,-106.758555138626,
-0.130526192220051));
#10402=CARTESIAN_POINT('Ctrl Pts',(0.500000000000007,-106.758555138626,
-0.130526192220051));
#10403=CARTESIAN_POINT('',(-4.5,-102.749999974663,0.350365002628106));
#10404=CARTESIAN_POINT('',(-4.5,-102.749999974663,0.350365002628106));
#10405=CARTESIAN_POINT('',(0.5,-107.75,1.));
#10406=CARTESIAN_POINT('',(0.500000000000001,-106.758555138626,-0.130526192220051));
#10407=CARTESIAN_POINT('Ctrl Pts',(0.500000000000008,-107.75,1.));
#10408=CARTESIAN_POINT('Ctrl Pts',(-0.254937880397627,-107.75,1.));
#10409=CARTESIAN_POINT('Ctrl Pts',(-1.76185537581843,-107.401067912894,
0.95527592143994));
#10410=CARTESIAN_POINT('Ctrl Pts',(-3.86357824026574,-105.707449546352,
0.737184881659609));
#10411=CARTESIAN_POINT('Ctrl Pts',(-4.5000000056902,-103.854094026504,0.495672241240509));
#10412=CARTESIAN_POINT('Ctrl Pts',(-4.5,-102.749999974231,0.350365005905903));
#10413=CARTESIAN_POINT('Origin',(69.1875,-107.254277569313,0.434736903889975));
#10414=CARTESIAN_POINT('',(69.1875,-107.75,1.));
#10415=CARTESIAN_POINT('Origin',(289.75,-55.5244218441643,-6.37131332187144));
#10416=CARTESIAN_POINT('',(290.25,-102.61947380778,0.333182373436833));
#10417=CARTESIAN_POINT('',(289.25,-8.79503080540363,-13.0276688431524));
#10418=CARTESIAN_POINT('Ctrl Pts',(290.25,-102.749999974231,0.350365005905906));
#10419=CARTESIAN_POINT('Ctrl Pts',(290.25,-102.706471803092,0.34463636513033));
#10420=CARTESIAN_POINT('Ctrl Pts',(290.25,-102.662972839682,0.338909129629429));
#10421=CARTESIAN_POINT('Ctrl Pts',(290.25,-102.61947380778,0.333182373436834));
#10422=CARTESIAN_POINT('Ctrl Pts',(289.916210639519,-102.784943410648,0.0187562308393038));
#10423=CARTESIAN_POINT('Ctrl Pts',(289.916514639712,-102.744279498546,0.0134040263629942));
#10424=CARTESIAN_POINT('Ctrl Pts',(289.916666666667,-102.703631041415,0.00805222990816189));
#10425=CARTESIAN_POINT('Ctrl Pts',(289.916666666667,-102.66298253852,0.00270075297889569));
#10426=CARTESIAN_POINT('Ctrl Pts',(289.582421279038,-102.819886847065,-0.312852544227299));
#10427=CARTESIAN_POINT('Ctrl Pts',(289.583029279425,-102.782087194,-0.317828312404342));
#10428=CARTESIAN_POINT('Ctrl Pts',(289.583333333333,-102.744289243147,-0.322804669813106));
#10429=CARTESIAN_POINT('Ctrl Pts',(289.583333333333,-102.70649126926,-0.327780867479042));
#10430=CARTESIAN_POINT('Ctrl Pts',(289.248631918558,-102.854830283481,-0.644461319293901));
#10431=CARTESIAN_POINT('Ctrl Pts',(289.249543919137,-102.819894889455,-0.649060651171678));
#10432=CARTESIAN_POINT('Ctrl Pts',(289.25,-102.784947444879,-0.653661569534373));
#10433=CARTESIAN_POINT('Ctrl Pts',(289.25,-102.75,-0.65826248793698));
#10434=CARTESIAN_POINT('Ctrl Pts',(290.25,-8.2538925977653,-12.0903899736067));
#10435=CARTESIAN_POINT('Ctrl Pts',(290.25,-7.10332755630886,-12.2430729860527));
#10436=CARTESIAN_POINT('Ctrl Pts',(289.649407506151,-5.15256911956569,-12.521169667429));
#10437=CARTESIAN_POINT('Ctrl Pts',(287.557722496408,-3.31561938380334,-12.805983831604));
#10438=CARTESIAN_POINT('Ctrl Pts',(286.020563341169,-2.92936988054868,-12.8680461013322));
#10439=CARTESIAN_POINT('Ctrl Pts',(285.25,-2.92936988054868,-12.8680461013322));
#10440=CARTESIAN_POINT('Ctrl Pts',(289.912634104807,-8.32105553964942,-12.4177214932694));
#10441=CARTESIAN_POINT('Ctrl Pts',(289.890115360592,-7.23837470041863,-12.5610646305785));
#10442=CARTESIAN_POINT('Ctrl Pts',(289.288182021544,-5.42935746011775,-12.8134092424357));
#10443=CARTESIAN_POINT('Ctrl Pts',(287.34557076307,-3.77021851653979,-13.0604891238818));
#10444=CARTESIAN_POINT('Ctrl Pts',(285.949563215075,-3.42651816767329,-13.113212505187));
#10445=CARTESIAN_POINT('Ctrl Pts',(285.25,-3.42651816767329,-13.113212505187));
#10446=CARTESIAN_POINT('Ctrl Pts',(289.575268209614,-8.38821848153353,-12.7450530129322));
#10447=CARTESIAN_POINT('Ctrl Pts',(289.530230721185,-7.3734218445284,-12.8790562751043));
#10448=CARTESIAN_POINT('Ctrl Pts',(288.926956536938,-5.70614580066981,-13.1056488174424));
#10449=CARTESIAN_POINT('Ctrl Pts',(287.133419029733,-4.22481764927624,-13.3149944161597));
#10450=CARTESIAN_POINT('Ctrl Pts',(285.87856308898,-3.92366645479789,-13.3583789090418));
#10451=CARTESIAN_POINT('Ctrl Pts',(285.25,-3.92366645479789,-13.3583789090418));
#10452=CARTESIAN_POINT('Ctrl Pts',(289.237902314421,-8.45538142341764,-13.0723845325949));
#10453=CARTESIAN_POINT('Ctrl Pts',(289.170346081777,-7.50846898863817,-13.1970479196302));
#10454=CARTESIAN_POINT('Ctrl Pts',(288.565731052332,-5.98293414122188,-13.3978883924491));
#10455=CARTESIAN_POINT('Ctrl Pts',(286.921267296396,-4.67941678201269,-13.5694997084376));
#10456=CARTESIAN_POINT('Ctrl Pts',(285.807562962886,-4.42081474192249,-13.6035453128966));
#10457=CARTESIAN_POINT('Ctrl Pts',(285.25,-4.42081474192249,-13.6035453128966));
#10458=CARTESIAN_POINT('',(290.25,-8.25389259776529,-12.0903899736066));
#10459=CARTESIAN_POINT('',(285.25,-2.92936988054868,-12.8680461013322));
#10460=CARTESIAN_POINT('',(285.25,-4.42081474192249,-13.6035453128966));
#10461=CARTESIAN_POINT('Ctrl Pts',(285.25,-2.92936988054868,-12.8680461013322));
#10462=CARTESIAN_POINT('Ctrl Pts',(286.020563341169,-2.92936988054868,-12.8680461013322));
#10463=CARTESIAN_POINT('Ctrl Pts',(287.557722496408,-3.31561938380334,-12.805983831604));
#10464=CARTESIAN_POINT('Ctrl Pts',(289.649407506151,-5.15256911956569,-12.521169667429));
#10465=CARTESIAN_POINT('Ctrl Pts',(290.25,-7.10332755630886,-12.2430729860527));
#10466=CARTESIAN_POINT('Ctrl Pts',(290.25,-8.2538925977653,-12.0903899736067));
#10467=CARTESIAN_POINT('Origin',(142.875,-3.67509231123559,-13.2357957071144));
#10468=CARTESIAN_POINT('',(0.499999999999998,-2.92936988054869,-12.8680461013322));
#10469=CARTESIAN_POINT('',(0.500000000000007,-4.4208147419225,-13.6035453128966));
#10470=CARTESIAN_POINT('',(142.875,-2.92936988054869,-12.8680461013322));
#10471=CARTESIAN_POINT('Ctrl Pts',(0.500000000000023,-2.92936988054869,
-12.8680461013322));
#10472=CARTESIAN_POINT('Ctrl Pts',(-0.270563341168938,-2.92936988054869,
-12.8680461013322));
#10473=CARTESIAN_POINT('Ctrl Pts',(-1.80826161719571,-3.31527446458065,
-12.8060194834741));
#10474=CARTESIAN_POINT('Ctrl Pts',(-3.90061399121798,-5.15240636956599,
-12.5211027116329));
#10475=CARTESIAN_POINT('Ctrl Pts',(-4.49999999999994,-7.10332755630886,
-12.2430729860527));
#10476=CARTESIAN_POINT('Ctrl Pts',(-4.5,-8.25389259776531,-12.0903899736067));
#10477=CARTESIAN_POINT('Ctrl Pts',(0.500000000000017,-3.42651816767329,
-13.113212505187));
#10478=CARTESIAN_POINT('Ctrl Pts',(-0.199563215074497,-3.42651816767329,
-13.113212505187));
#10479=CARTESIAN_POINT('Ctrl Pts',(-1.59606229356497,-3.76989304172359,
-13.0605254683829));
#10480=CARTESIAN_POINT('Ctrl Pts',(-3.53931997715101,-5.42905790147483,
-12.8133897585858));
#10481=CARTESIAN_POINT('Ctrl Pts',(-4.1401153605923,-7.23837470041863,-12.5610646305785));
#10482=CARTESIAN_POINT('Ctrl Pts',(-4.16263410480708,-8.32105553964942,
-12.4177214932694));
#10483=CARTESIAN_POINT('Ctrl Pts',(0.500000000000012,-3.9236664547979,-13.3583789090418));
#10484=CARTESIAN_POINT('Ctrl Pts',(-0.128563088980058,-3.92366645479789,
-13.3583789090418));
#10485=CARTESIAN_POINT('Ctrl Pts',(-1.38386296993422,-4.22451161886653,
-13.3150314532918));
#10486=CARTESIAN_POINT('Ctrl Pts',(-3.17802596308405,-5.70570943338367,
-13.1056768055388));
#10487=CARTESIAN_POINT('Ctrl Pts',(-3.78023072118466,-7.3734218445284,-12.8790562751043));
#10488=CARTESIAN_POINT('Ctrl Pts',(-3.82526820961416,-8.38821848153353,
-12.7450530129322));
#10489=CARTESIAN_POINT('Ctrl Pts',(0.500000000000007,-4.4208147419225,-13.6035453128966));
#10490=CARTESIAN_POINT('Ctrl Pts',(-0.0575629628856172,-4.4208147419225,
-13.6035453128966));
#10491=CARTESIAN_POINT('Ctrl Pts',(-1.17166364630348,-4.67913019600947,
-13.5695374382007));
#10492=CARTESIAN_POINT('Ctrl Pts',(-2.81673194901709,-5.98236096529251,
-13.3979638524918));
#10493=CARTESIAN_POINT('Ctrl Pts',(-3.42034608177703,-7.50846898863817,
-13.1970479196302));
#10494=CARTESIAN_POINT('Ctrl Pts',(-3.48790231442123,-8.45538142341764,
-13.0723845325949));
#10495=CARTESIAN_POINT('',(-4.5,-8.25389259776529,-12.0903899736066));
#10496=CARTESIAN_POINT('',(-3.48790231442123,-8.45538142341764,-13.0723845325949));
#10497=CARTESIAN_POINT('Ctrl Pts',(-4.5,-8.25389259776531,-12.0903899736067));
#10498=CARTESIAN_POINT('Ctrl Pts',(-4.49999999999994,-7.10332755630886,
-12.2430729860527));
#10499=CARTESIAN_POINT('Ctrl Pts',(-3.90061399121798,-5.15240636956599,
-12.5211027116329));
#10500=CARTESIAN_POINT('Ctrl Pts',(-1.80826161719571,-3.31527446458065,
-12.8060194834741));
#10501=CARTESIAN_POINT('Ctrl Pts',(-0.270563341168938,-2.92936988054869,
-12.8680461013322));
#10502=CARTESIAN_POINT('Ctrl Pts',(0.500000000000023,-2.92936988054869,
-12.8680461013322));
#10503=CARTESIAN_POINT('Ctrl Pts',(290.25,-8.66450461318358,-12.0362239817786));
#10504=CARTESIAN_POINT('Ctrl Pts',(290.25,-8.52783738564774,-12.0542165636221));
#10505=CARTESIAN_POINT('Ctrl Pts',(290.25,-8.39116654236867,-12.0721733594761));
#10506=CARTESIAN_POINT('Ctrl Pts',(290.25,-8.2538925977653,-12.0903899736067));
#10507=CARTESIAN_POINT('Ctrl Pts',(289.916666666667,-8.70801334392359,-12.3667056022366));
#10508=CARTESIAN_POINT('Ctrl Pts',(289.916666666667,-8.57912296808417,-12.3836743421308));
#10509=CARTESIAN_POINT('Ctrl Pts',(289.915320816757,-8.45023021834429,-12.4006192198809));
#10510=CARTESIAN_POINT('Ctrl Pts',(289.912634104807,-8.32105553964941,-12.4177214932694));
#10511=CARTESIAN_POINT('Ctrl Pts',(289.583333333333,-8.75152207466361,-12.6971872226945));
#10512=CARTESIAN_POINT('Ctrl Pts',(289.583333333333,-8.6304085505206,-12.7131321206395));
#10513=CARTESIAN_POINT('Ctrl Pts',(289.580641633514,-8.50929389431991,-12.7290650802858));
#10514=CARTESIAN_POINT('Ctrl Pts',(289.575268209614,-8.38821848153353,-12.7450530129322));
#10515=CARTESIAN_POINT('Ctrl Pts',(289.25,-8.79503080540363,-13.0276688431524));
#10516=CARTESIAN_POINT('Ctrl Pts',(289.25,-8.68169413295703,-13.0425898991483));
#10517=CARTESIAN_POINT('Ctrl Pts',(289.245962450271,-8.56835757029553,-13.0575109406906));
#10518=CARTESIAN_POINT('Ctrl Pts',(289.237902314421,-8.45538142341764,-13.0723845325949));
#10519=CARTESIAN_POINT('Origin',(-4.,-0.355628343927339,-13.6344227750609));
#10520=CARTESIAN_POINT('',(-4.5,-8.66450461318356,-12.0362239817786));
#10521=CARTESIAN_POINT('',(-4.5,-8.66450461318356,-12.0362239817786));
#10522=CARTESIAN_POINT('',(-4.5,-102.61947380778,0.333182373436836));
#10523=CARTESIAN_POINT('',(-3.5,-102.75,-0.658262487936978));
#10524=CARTESIAN_POINT('',(-4.5,-0.290365247817313,-13.138700344374));
#10525=CARTESIAN_POINT('Ctrl Pts',(-4.5,-8.25389259776531,-12.0903899736067));
#10526=CARTESIAN_POINT('Ctrl Pts',(-4.5,-8.39116654236867,-12.0721733594761));
#10527=CARTESIAN_POINT('Ctrl Pts',(-4.5,-8.52783738564773,-12.0542165636221));
#10528=CARTESIAN_POINT('Ctrl Pts',(-4.5,-8.66450461318356,-12.0362239817786));
#10529=CARTESIAN_POINT('Ctrl Pts',(-4.16263410480708,-8.32105553964942,
-12.4177214932694));
#10530=CARTESIAN_POINT('Ctrl Pts',(-4.16532081675685,-8.45023021834429,
-12.4006192198809));
#10531=CARTESIAN_POINT('Ctrl Pts',(-4.16666666666667,-8.57912296808416,
-12.3836743421308));
#10532=CARTESIAN_POINT('Ctrl Pts',(-4.16666666666667,-8.70801334392358,
-12.3667056022366));
#10533=CARTESIAN_POINT('Ctrl Pts',(-3.82526820961416,-8.38821848153353,
-12.7450530129322));
#10534=CARTESIAN_POINT('Ctrl Pts',(-3.8306416335137,-8.50929389431991,-12.7290650802858));
#10535=CARTESIAN_POINT('Ctrl Pts',(-3.83333333333333,-8.63040855052059,
-12.7131321206395));
#10536=CARTESIAN_POINT('Ctrl Pts',(-3.83333333333333,-8.7515220746636,-12.6971872226945));
#10537=CARTESIAN_POINT('Ctrl Pts',(-3.48790231442124,-8.45538142341764,
-13.0723845325949));
#10538=CARTESIAN_POINT('Ctrl Pts',(-3.49596245027055,-8.56835757029553,
-13.0575109406906));
#10539=CARTESIAN_POINT('Ctrl Pts',(-3.5,-8.68169413295702,-13.0425898991483));
#10540=CARTESIAN_POINT('Ctrl Pts',(-3.5,-8.79503080540362,-13.0276688431524));
#10541=CARTESIAN_POINT('Ctrl Pts',(-4.5,-8.66450461318356,-12.0362239817786));
#10542=CARTESIAN_POINT('Ctrl Pts',(-4.5,-8.52783738564773,-12.0542165636221));
#10543=CARTESIAN_POINT('Ctrl Pts',(-4.5,-8.39116654236867,-12.0721733594761));
#10544=CARTESIAN_POINT('Ctrl Pts',(-4.5,-8.25389259776531,-12.0903899736067));
#10545=CARTESIAN_POINT('Ctrl Pts',(-4.5,-102.61947380778,0.333182373436831));
#10546=CARTESIAN_POINT('Ctrl Pts',(-4.5,-102.662972839682,0.338909129629427));
#10547=CARTESIAN_POINT('Ctrl Pts',(-4.5,-102.706471803092,0.344636365130329));
#10548=CARTESIAN_POINT('Ctrl Pts',(-4.5,-102.749999974231,0.350365005905905));
#10549=CARTESIAN_POINT('Ctrl Pts',(-4.16666666666667,-102.66298253852,0.00270075297889298));
#10550=CARTESIAN_POINT('Ctrl Pts',(-4.16666666666667,-102.703631041415,
0.00805222990815978));
#10551=CARTESIAN_POINT('Ctrl Pts',(-4.16651463971242,-102.744279498546,
0.0134040263629929));
#10552=CARTESIAN_POINT('Ctrl Pts',(-4.16621063951918,-102.784943410648,
0.0187562308393031));
#10553=CARTESIAN_POINT('Ctrl Pts',(-3.83333333333333,-102.70649126926,-0.327780867479045));
#10554=CARTESIAN_POINT('Ctrl Pts',(-3.83333333333333,-102.744289243147,
-0.322804669813108));
#10555=CARTESIAN_POINT('Ctrl Pts',(-3.83302927942484,-102.782087194,-0.317828312404343));
#10556=CARTESIAN_POINT('Ctrl Pts',(-3.83242127903836,-102.819886847065,
-0.312852544227299));
#10557=CARTESIAN_POINT('Ctrl Pts',(-3.5,-102.75,-0.658262487936982));
#10558=CARTESIAN_POINT('Ctrl Pts',(-3.5,-102.784947444879,-0.653661569534375));
#10559=CARTESIAN_POINT('Ctrl Pts',(-3.49954391913726,-102.819894889455,
-0.649060651171679));
#10560=CARTESIAN_POINT('Ctrl Pts',(-3.49863191855754,-102.854830283481,
-0.644461319293901));
#10561=CARTESIAN_POINT('Ctrl Pts',(-4.5,-102.749999974231,0.350365005905905));
#10562=CARTESIAN_POINT('Ctrl Pts',(-4.5,-102.706471803092,0.344636365130329));
#10563=CARTESIAN_POINT('Ctrl Pts',(-4.5,-102.662972839682,0.338909129629427));
#10564=CARTESIAN_POINT('Ctrl Pts',(-4.5,-102.61947380778,0.333182373436831));
#10565=CARTESIAN_POINT('Origin',(285.25,-13.8613770189222,-21.8028378937008));
#10566=CARTESIAN_POINT('',(285.25,-9.53125,-24.3028378937008));
#10567=CARTESIAN_POINT('Origin',(142.875,4.49999999999999,0.));
#10568=CARTESIAN_POINT('',(0.499999999999998,4.49999999999999,0.));
#10569=CARTESIAN_POINT('Origin',(0.499999999999998,0.169872981077799,2.5));
#10570=CARTESIAN_POINT('',(-4.5,0.169872981077799,2.5));
#10571=CARTESIAN_POINT('Origin',(-4.5,4.49999999999999,0.));
#10572=CARTESIAN_POINT('',(-4.5,-102.75,0.));
#10573=CARTESIAN_POINT('Origin',(286.25,-76.7,0.));
#10574=CARTESIAN_POINT('',(258.675,-76.7,0.));
#10575=CARTESIAN_POINT('Origin',(258.675,-77.7,0.));
#10576=CARTESIAN_POINT('',(257.675,-77.7,0.));
#10577=CARTESIAN_POINT('Origin',(257.675,-76.7,0.));
#10578=CARTESIAN_POINT('',(257.675,-94.75,0.));
#10579=CARTESIAN_POINT('Origin',(256.675,-94.75,0.));
#10580=CARTESIAN_POINT('',(256.675,-95.75,0.));
#10581=CARTESIAN_POINT('Origin',(29.075,-94.75,0.));
#10582=CARTESIAN_POINT('',(29.075,-95.75,0.));
#10583=CARTESIAN_POINT('',(28.075,-94.75,0.));
#10584=CARTESIAN_POINT('Origin',(257.675,-95.75,0.));
#10585=CARTESIAN_POINT('Origin',(27.075,-77.7,0.));
#10586=CARTESIAN_POINT('',(28.075,-77.7,0.));
#10587=CARTESIAN_POINT('Origin',(28.075,-95.75,0.));
#10588=CARTESIAN_POINT('Origin',(-4.49999999999999,-107.75,0.));
#10589=CARTESIAN_POINT('',(0.5,-107.75,0.));
#10590=CARTESIAN_POINT('Origin',(0.5,-102.75,0.));
#10591=UNCERTAINTY_MEASURE_WITH_UNIT(LENGTH_MEASURE(0.01),#10595,
'DISTANCE_ACCURACY_VALUE',
'Maximum model space distance between geometric entities at asserted c
onnectivities');
#10592=UNCERTAINTY_MEASURE_WITH_UNIT(LENGTH_MEASURE(0.01),#10595,
'DISTANCE_ACCURACY_VALUE',
'Maximum model space distance between geometric entities at asserted c
onnectivities');
#10593=(
GEOMETRIC_REPRESENTATION_CONTEXT(3)
GLOBAL_UNCERTAINTY_ASSIGNED_CONTEXT((#10591))
GLOBAL_UNIT_ASSIGNED_CONTEXT((#10595,#10597,#10598))
REPRESENTATION_CONTEXT('','3D')
);
#10594=(
GEOMETRIC_REPRESENTATION_CONTEXT(3)
GLOBAL_UNCERTAINTY_ASSIGNED_CONTEXT((#10592))
GLOBAL_UNIT_ASSIGNED_CONTEXT((#10595,#10597,#10598))
REPRESENTATION_CONTEXT('','3D')
);
#10595=(
LENGTH_UNIT()
NAMED_UNIT(*)
SI_UNIT(.MILLI.,.METRE.)
);
#10596=(
LENGTH_UNIT()
NAMED_UNIT(*)
SI_UNIT($,.METRE.)
);
#10597=(
NAMED_UNIT(*)
PLANE_ANGLE_UNIT()
SI_UNIT($,.RADIAN.)
);
#10598=(
NAMED_UNIT(*)
SI_UNIT($,.STERADIAN.)
SOLID_ANGLE_UNIT()
);
#10599=SHAPE_DEFINITION_REPRESENTATION(#10600,#10601);
#10600=PRODUCT_DEFINITION_SHAPE('',$,#10603);
#10601=SHAPE_REPRESENTATION('',(#5763),#10593);
#10602=PRODUCT_DEFINITION_CONTEXT('part definition',#10607,'design');
#10603=PRODUCT_DEFINITION('summit-case-v9','summit-case-v9 v13',#10604,
#10602);
#10604=PRODUCT_DEFINITION_FORMATION('',$,#10609);
#10605=PRODUCT_RELATED_PRODUCT_CATEGORY('summit-case-v9 v13',
'summit-case-v9 v13',(#10609));
#10606=APPLICATION_PROTOCOL_DEFINITION('international standard',
'automotive_design',2009,#10607);
#10607=APPLICATION_CONTEXT(
'Core Data for Automotive Mechanical Design Process');
#10608=PRODUCT_CONTEXT('part definition',#10607,'mechanical');
#10609=PRODUCT('summit-case-v9','summit-case-v9 v13',$,(#10608));
#10610=PRESENTATION_STYLE_ASSIGNMENT((#10612));
#10611=PRESENTATION_STYLE_ASSIGNMENT((#10613));
#10612=SURFACE_STYLE_USAGE(.BOTH.,#10614);
#10613=SURFACE_STYLE_USAGE(.BOTH.,#10615);
#10614=SURFACE_SIDE_STYLE('',(#10616));
#10615=SURFACE_SIDE_STYLE('',(#10617));
#10616=SURFACE_STYLE_FILL_AREA(#10618);
#10617=SURFACE_STYLE_FILL_AREA(#10619);
#10618=FILL_AREA_STYLE('ABS (White)',(#10620));
#10619=FILL_AREA_STYLE('Stainless Steel - Satin',(#10621));
#10620=FILL_AREA_STYLE_COLOUR('ABS (White)',#10622);
#10621=FILL_AREA_STYLE_COLOUR('Stainless Steel - Satin',#10623);
#10622=COLOUR_RGB('ABS (White)',0.964705882352941,0.964705882352941,0.952941176470588);
#10623=COLOUR_RGB('Stainless Steel - Satin',0.796078431372549,0.796078431372549,
0.796078431372549);
ENDSEC;
END-ISO-10303-21;
